diff_avg_max_xg,diff_avg_assists,diff_avg_shots,diff_avg_xg,diff_avg_goals,diff_avg_penalties_committed,diff_avg_penalty_minutes,diff_avg_xg_share,diff_avg_shot_share,diff_avg_goalie_goals_allowed_per_xg,result,home_team,away_team
0.10308902439024381,0.4634146341463419,-1.3536585365853675,0.12235975609756089,0.37804878048780477,-0.9878048780487809,-1.9146341463414611,0.020892447936441738,-0.029520863009191545,0.2766618649472712,0,thailand,pakistan
-0.0383646341463415,0.036585365853658125,1.3048780487804876,-0.05504024390243911,0.09756097560975618,2.2317073170731714,4.560975609756099,-0.011898488853244904,-0.015878808934675248,-0.07411533856653785,1,switzerland,kazakhstan
0.1492939024390243,1.060975609756098,4.012195121951219,0.6521792682926826,0.8170731707317072,-1.7926829268292677,-3.695121951219514,0.044147596839537284,-0.0016164900479246902,-0.05667062885483376,0,serbia,rwanda
0.16534512195121942,0.4024390243902438,0.46341463414634276,0.3656182926829272,0.4024390243902438,1.4268292682926838,2.914634146341463,0.009267039898893437,-0.01989803534125556,-0.0005312462247961669,1,brazil,netherlands
-0.04521219512195107,-0.6463414634146343,0.15853658536585158,-0.12399268292682875,-0.3414634146341462,-0.39024390243902474,-0.7073170731707314,0.007012730101964126,0.03675766564683036,-0.31856312329094705,0,india,morocco
0.07336341463414642,1.1097560975609762,4.439024390243905,0.3120146341463417,0.7439024390243905,0.24390243902438957,0.5243902439024382,0.04726787343535621,0.06302008404594317,-0.08868896700352802,0,peru,saudi_arabia
-0.011509756097561219,-0.34146341463414664,-3.670731707317074,-0.3510536585365851,-0.29268292682926855,-2.3292682926829267,-4.6829268292682915,-0.01541482492317059,-0.058277124800706515,-0.027476411610042883,1,china,pakistan
-0.36189634146341465,-1.0853658536585367,-2.1829268292682933,-0.8661036585365851,-0.524390243902439,2.3536585365853657,4.8170731707317085,-0.07337670710695471,-0.032480404451221745,0.08441375962791098,0,switzerland,uk
0.2662012195121952,1.3902439024390243,4.329268292682926,0.7768658536585367,0.8658536585365852,0.98780487804878,1.97560975609756,0.03944401591392599,0.00409326666305021,0.21088169359496967,1,serbia,philippines
0.015567073170731582,0.524390243902439,-1.9024390243902438,-0.024715853658536346,0.37804878048780477,-0.3536585365853666,-0.8658536585365866,-0.020616804415883816,-0.01923890412377549,-0.01270313932514,1,germany,canada
-0.011734146341463303,-0.6585365853658542,2.170731707317074,0.19839146341463376,-0.4390243902439024,-0.5487804878048781,-1.1097560975609753,0.045319663778024766,0.014340486551036535,0.07451088183712107,1,guatemala,ethiopia
0.005019512195121756,0.8902439024390247,3.4634146341463428,0.18195243902438962,0.5731707317073171,-1.2073170731707314,-2.439024390243901,0.03807725300968051,0.04599394270975987,0.1715394418457905,1,south_korea,oman
-0.2834414634146343,-0.3902439024390243,-1.914634146341463,-0.6544585365853659,-0.4878048780487805,-0.2804878048780495,-0.5731707317073162,-0.09335487888144894,-0.05966749713243724,-0.07401062884236931,0,mongolia,new_zealand
-0.08736463414634144,-0.8048780487804876,-0.32926829268292934,-0.1990402439024388,-0.4024390243902438,0.4146341463414638,0.8048780487804876,-0.007614140252472867,0.005029458814781562,0.21964149641830355,0,canada,panama
-0.04566951219512205,0.3170731707317067,0.6097560975609753,0.15166097560975622,0.060975609756097615,-1.560975609756098,-3.365853658536585,0.060995431092080665,0.03634919243891205,0.026949959828365233,0,netherlands,iceland
-0.026915853658536548,0.31707317073170715,2.524390243902438,0.054939024390243674,0.23170731707317094,-0.8902439024390247,-2.060975609756097,0.007740467538787432,0.05181191474035585,-0.1622010557382706,1,indonesia,uae
0.039504878048780556,-0.21951219512195141,2.512195121951219,0.20200853658536566,-0.04878048780487809,-0.43902439024390194,-1.0731707317073162,0.06905521440172879,0.049809054572779954,0.11999396798064454,1,mexico,usa
0.09456707317073176,1.048780487804878,1.3292682926829293,0.41031463414634084,0.6463414634146343,-2.6707317073170724,-5.378048780487806,0.0435562437835838,0.007994884334780739,-0.18941099876310852,1,panama,rwanda
-0.21879512195121964,-0.7682926829268291,-3.2195121951219505,-0.6932573170731704,-0.5853658536585367,-0.32926829268292757,-0.6341463414634152,-0.05660983657981988,-0.023618420051904288,-0.11578020187751603,0,kazakhstan,france
0.11359390243902423,0.25609756097560954,-1.5487804878048763,0.18851951219512264,0.25609756097560954,-0.1829268292682924,-0.37804878048780566,0.08772107865495216,0.018436325805796072,-0.01737664475084122,1,brazil,singapore
0.3055878048780487,1.4024390243902447,3.402439024390244,0.8409573170731703,0.8658536585365852,0.1341463414634143,0.03658536585365901,0.11840196502992262,0.038179283453285084,0.2191812532755486,1,thailand,vietnam
0.4332317073170733,1.7195121951219519,3.085365853658537,1.0907914634146336,1.1341463414634148,-0.32926829268292757,-0.6463414634146343,0.10771682769781882,0.03696815791257063,0.19242724914357612,1,thailand,switzerland
-0.05541829268292697,0.4146341463414638,-0.7073170731707314,-0.3321036585365853,0.31707317073170715,1.7804878048780486,3.6219512195121943,-0.05342577457844466,-0.051914802875449806,-0.2203204352337792,0,ethiopia,france
-0.02276951219512191,-0.7682926829268295,0.9024390243902438,-0.1865585365853657,-0.6219512195121952,2.6097560975609753,5.439024390243905,-0.01532529911522712,0.00621456097421319,-0.017527358330055032,1,rwanda,germany
-0.20174146341463417,-1.1463414634146347,-1.2073170731707314,-0.4161939024390242,-0.8048780487804876,0.12195121951219523,0.3048780487804894,-0.015082550854620125,0.01241757388887027,0.03042489478972532,1,switzerland,ethiopia
0.06160975609756125,0.5,3.1829268292682933,0.2703560975609758,0.3292682926829271,-0.07317073170731714,-0.09756097560975618,0.017452139179935933,0.035360153545459516,0.1616161396209831,1,canada,saudi_arabia
0.025376829268292544,-0.024390243902439046,1.3902439024390247,0.04609512195121912,0.060975609756097615,0.2804878048780495,0.573170731707318,0.001380025610879021,-0.00922011838843595,-0.25426465598276204,1,philippines,kazakhstan
0.03473292682926821,0.5731707317073171,-3.0365853658536572,0.038569512195121725,0.26829268292682906,-0.024390243902439046,-0.024390243902438158,0.035981834394741674,-0.008103714957959585,0.05415182071523705,0,netherlands,india
-0.13616829268292663,-0.39024390243902385,-2.414634146341463,-0.5640256097560976,-0.07317073170731714,2.1341463414634143,4.548780487804878,-0.054877119913586514,-0.04377721038045396,-0.056553540324641105,0,iceland,uk
-0.17702560975609782,-0.18292682926829285,-2.7317073170731696,-0.3642585365853659,-0.2073170731707319,-0.8536585365853657,-1.487804878048781,-0.038244636143107746,-0.07108898741338865,0.08465811207731488,0,uae,new_zealand
-0.0719609756097559,-0.8048780487804885,-2.975609756097562,-0.22892073170731697,-0.4024390243902438,0.6463414634146343,1.585365853658537,-0.08501790865714765,-0.054263846447974606,0.10591759980376436,0,vietnam,peru
0.011309756097561019,0.4146341463414638,3.6463414634146325,0.26062317073170727,0.36585365853658525,0.7073170731707314,1.4024390243902438,-0.018687024460156576,0.002540061088233847,0.14244340359248342,0,serbia,china
0.08383292682926835,0.024390243902439046,0.0853658536585371,0.10084756097560987,0.060975609756097615,0.5975609756097562,1.085365853658537,0.017316005441940008,0.036783923220022385,0.12844274366701414,0,mexico,guatemala
0.0794999999999999,0.5243902439024386,1.7073170731707314,0.3451390243902437,0.5121951219512195,-1.463414634146341,-2.975609756097562,0.06285071027712863,0.04039042445940444,-0.0035323148185864017,1,indonesia,mongolia
-0.041271951219512326,-0.07317073170731714,0.8658536585365866,-0.09167560975609756,-0.07317073170731714,-1.1951219512195124,-2.560975609756099,0.03545947425935292,0.009680410458180855,0.24756590404966494,1,morocco,singapore
-0.1534731707317074,-0.9878048780487805,-4.987804878048781,-0.4647304878048777,-0.5731707317073171,-0.036585365853658125,0.29268292682926855,-0.03174043092475004,-0.028737374952525596,-0.06289194975991586,0,uae,morocco
-0.05492682926829273,0.06097560975609717,-2.7073170731707314,-0.3322951219512196,-0.09756097560975618,-2.5,-4.963414634146339,-0.034693202439280646,-0.04612568932976724,-0.01777337792583422,0,panama,pakistan
0.11106829268292673,0.6829268292682924,-0.10975609756097526,0.30593292682926876,0.4390243902439024,-0.7195121951219505,-1.463414634146341,0.08009905251148619,0.01625656985901558,-0.16708334908274836,1,brazil,usa
0.07550000000000012,1.1341463414634152,2.987804878048781,0.24945365853658563,0.8780487804878048,1.2317073170731705,2.487804878048779,-0.011982347035067509,-0.002450210750187254,0.013557742142483509,0,ethiopia,saudi_arabia
0.09832560975609739,0.6219512195121952,3.402439024390244,0.3945243902439022,0.3414634146341462,-2.8170731707317076,-5.926829268292684,0.043925489754564395,0.00786708124033697,-0.02891433004241084,1,serbia,oman
0.127560975609756,0.3536585365853657,1.2317073170731696,0.3526792682926829,0.04878048780487809,-2.7195121951219505,-5.560975609756097,0.0647137014340986,0.04358262314181305,-0.13694852236167632,1,uk,usa
0.19827195121951213,1.6341463414634148,5.7804878048780495,0.6103890243902432,1.1585365853658538,2.8780487804878057,6.036585365853661,0.03497580477992113,0.03300000974403716,0.15707080950040897,1,south_korea,kazakhstan
-0.25988902439024386,-1.195121951219512,-4.170731707317074,-0.7549304878048777,-0.8536585365853657,0.5365853658536581,1.2073170731707332,-0.08685067366309124,-0.01731588467157419,-0.22156069067960005,0,mongolia,morocco
0.04566951219512205,-0.3170731707317067,-0.6097560975609753,-0.15166097560975622,-0.060975609756097615,1.560975609756098,3.365853658536585,-0.060995431092080665,-0.03634919243891205,-0.026949959828365233,0,iceland,netherlands
0.0021560975609755673,-0.024390243902439046,1.9756097560975618,0.1774890243902436,0.10975609756097526,0.7560975609756095,1.47560975609756,0.015885177563021324,-0.023469877744610235,-0.07354751564137851,1,guatemala,canada
0.07577439024390231,0.7195121951219514,-0.1829268292682933,0.16254634146341473,0.36585365853658525,-1.3170731707317076,-3.073170731707318,0.03458536998584355,0.007365011823715462,0.13168436749560675,1,germany,vietnam
0.1309182926829271,0.7195121951219514,3.6951219512195124,0.5815573170731709,0.5609756097560976,-0.5487804878048781,-1.1341463414634152,0.041443427543377154,0.04946459212526255,0.2338781773762627,1,france,saudi_arabia
-0.20142195121951212,-0.5609756097560981,-0.6951219512195124,-0.4599536585365853,-0.47560975609756095,0.15853658536585424,0.30487804878048763,-0.10667584816842868,-0.05025013254994243,-0.2895991907417179,0,singapore,thailand
-0.07298292682926832,-0.524390243902439,-2.5243902439024417,-0.22013414634146322,-0.2682926829268295,-2.560975609756097,-5.195121951219511,-0.018316054328312292,-0.02699179193518264,0.27413015624774895,0,france,pakistan
0.11902804878048778,-0.20731707317073234,-1.8902439024390247,0.13862317073170738,-0.2073170731707319,-0.5609756097560972,-1.1463414634146343,-0.0029232164868373545,-0.04484082478620449,0.020960576521998897,0,china,peru
0.026676829268292623,-0.15853658536585336,1.8170731707317067,0.026703658536585184,-0.04878048780487809,-0.5487804878048781,-1.3780487804878039,0.008518491600130906,0.038997629677955836,-0.2676513301078315,0,philippines,uae
0.07156341463414617,0.9024390243902438,-2.6219512195121943,0.1039243902439031,0.4878048780487805,-0.2804878048780486,-0.39024390243902474,0.011043838109757398,-0.033552484713764374,-0.2870773170633929,1,brazil,mexico
-0.09456707317073176,-1.048780487804878,-1.3292682926829293,-0.41031463414634084,-0.6463414634146343,2.6707317073170724,5.378048780487806,-0.0435562437835838,-0.007994884334780739,0.18941099876310852,0,rwanda,panama
-0.14532560975609776,-0.4390243902439024,-3.414634146341463,-0.415169512195122,-0.24390243902439046,1.7560975609756104,3.609756097560977,-0.043513183890707186,-0.03315610146763942,0.1681691608394239,0,switzerland,india
0.08782804878048789,0.3048780487804885,2.2439024390243887,0.2714341463414627,0.21951219512195141,0.024390243902438158,0.07317073170731803,0.01895476951347652,0.031813806744146356,0.30697583549255913,0,thailand,brazil
0.016680487804878075,-0.21951219512195141,1.5487804878048799,-0.032864634146341665,-0.060975609756097615,1.8292682926829267,3.597560975609756,0.009209894641520111,-0.0007903931043908852,-0.017366809729643995,0,mexico,france
0.2356548780487806,1.0731707317073171,3.9634146341463428,0.6993634146341465,0.5975609756097562,-1.0,-2.02439024390244,0.046311809217267075,0.04244776758990476,-0.04043112269570215,1,uk,saudi_arabia
-0.03720365853658558,1.085365853658537,1.012195121951219,-0.050003658536585505,0.6341463414634148,0.7195121951219514,1.8048780487804894,-0.030843926441418867,0.01017198279652376,0.058657417352536934,1,south_korea,mexico
0.221468292682927,0.29268292682926855,0.21951219512195053,0.354106097560976,0.24390243902439002,4.146341463414634,8.585365853658537,-0.0037034497792949317,-0.01658809963968677,0.13434574926781961,1,oman,indonesia
-0.003813414634146417,0.0853658536585371,3.158536585365855,0.06637439024390224,0.03658536585365857,0.6707317073170733,1.487804878048781,0.050432538671304095,0.046898834624259145,-0.2376019672993711,0,peru,germany
0.02408292682926838,-0.20731707317073145,-2.3780487804878057,-0.17589512195121904,-0.14634146341463383,0.12195121951219523,0.29268292682926855,-0.017397555625544125,0.036827135619505846,-0.04124208643310334,0,new_zealand,guatemala
0.25,0.3780487804878043,1.3170731707317067,0.4415902439024393,0.2804878048780486,1.6585365853658534,3.3780487804878057,0.05892515341286081,0.03328589610797933,0.15856973326165613,0,rwanda,mongolia
0.1282012195121951,0.1829268292682924,3.2073170731707314,0.4618073170731707,0.024390243902439046,-0.8414634146341466,-1.7073170731707314,0.03763997952342979,0.02316953109815978,0.06115727096847079,0,serbia,ethiopia
-0.2815682926829268,-0.8170731707317072,-2.5,-0.5429463414634146,-0.4512195121951219,0.2682926829268295,0.8048780487804876,-0.06664953197421347,-0.0405508352527722,0.19921304010534524,0,uae,china
0.05427682926829269,-0.2804878048780486,0.573170731707318,0.05968536585365847,-0.03658536585365857,2.1463414634146343,4.378048780487804,-0.07083201261259275,-0.03615460520027114,0.1665521028579522,0,usa,netherlands
0.29177804878048796,1.292682926829268,5.743902439024392,0.9133914634146336,0.8536585365853662,2.8902439024390247,5.829268292682926,0.07492589090813218,0.05061021198708693,-0.15834995437023291,1,pakistan,kazakhstan
-0.1878512195121953,-0.5121951219512195,-1.4024390243902438,-0.43709634146341436,-0.25609756097561,1.4268292682926829,2.8902439024390247,-0.044517037069623566,-0.0253927904067765,-0.11763350268877426,1,switzerland,canada
-0.004826829268292476,-0.43902439024390283,-2.085365853658537,-0.03459146341463404,-0.4024390243902438,-0.8170731707317076,-1.8170731707317085,-0.04583331410377589,-0.062160793316084206,-0.3283580896650886,1,singapore,south_korea
0.17572560975609774,0.31707317073170715,2.3048780487804876,0.3836499999999998,0.3170731707317076,1.6829268292682933,3.439024390243903,0.03110617015385586,0.022871239346996863,-0.07127143795224544,1,new_zealand,kazakhstan
-0.14757195121951217,-1.0,-2.04878048780488,-0.3863024390243899,-0.3902439024390243,1.3780487804878048,3.012195121951219,-0.06281631465420023,-0.02157445713270939,0.0752539895975568,1,vietnam,panama
0.12679634146341479,1.1463414634146338,3.170731707317074,0.4380268292682925,0.6219512195121952,0.5853658536585362,1.0853658536585353,0.023221939324619134,-0.01026025472543024,0.33054327986774734,1,morocco,philippines
-0.05116097560975619,-0.8902439024390247,-1.987804878048781,-0.405015853658536,-0.6463414634146343,0.9999999999999991,2.02439024390244,0.00753395400912249,0.025650421894585995,0.18457494663172103,0,rwanda,singapore
0.20370121951219522,1.3170731707317076,6.195121951219512,0.7112609756097563,0.9024390243902438,0.39024390243902385,0.7804878048780477,0.02565763248836228,0.020719320347972525,0.0747150131109543,1,serbia,saudi_arabia
-0.12809512195121942,0.17073170731707332,2.487804878048781,-0.0782158536585369,0.12195121951219523,0.30487804878048763,0.5121951219512191,-0.03490910104946343,-0.011813460300246603,0.2621049898652611,1,morocco,china
-0.07018780487804865,-0.09756097560975618,0.8902439024390247,-0.18322073170731779,-0.25609756097560954,-1.487804878048781,-2.97560975609756,-0.03663088086224586,0.015208980423570662,0.012540592619453728,0,panama,brazil
0.2314902439024391,0.5731707317073171,1.8780487804878057,0.6745975609756094,0.3292682926829271,-0.20731707317073234,-0.34146341463414487,0.09263427684319869,0.0493857318014409,0.22285214393330144,0,thailand,ethiopia
0.09131097560975587,1.1585365853658542,1.060975609756099,0.25025975609756035,0.8170731707317072,2.4024390243902447,5.085365853658539,0.0033611097424588454,0.01572271721107299,0.3993553089063707,0,south_korea,india
-0.3994939024390245,-1.3658536585365852,-5.3536585365853675,-1.1841999999999997,-1.024390243902439,-1.487804878048781,-2.963414634146339,-0.13717459963572526,-0.0874064697725273,0.013067887575618164,1,mongolia,pakistan
0.04648414634146336,0.21951219512195141,-0.45121951219512013,0.07632804878048782,0.21951219512195097,1.7926829268292677,3.6341463414634134,-0.03585403139676746,-0.0364950090973678,-0.06509873995500892,1,usa,canada
0.04566951219512205,-0.3170731707317067,-0.6097560975609753,-0.15166097560975622,-0.060975609756097615,1.560975609756098,3.365853658536585,-0.060995431092080665,-0.03634919243891205,-0.026949959828365233,1,iceland,netherlands
-0.13027926829268277,-0.37804878048780477,-1.1707317073170742,-0.3826268292682924,-0.03658536585365857,4.2073170731707314,8.731707317073171,-0.06457966648346919,-0.029595528482269207,0.1440604658490673,0,oman,uk
-0.14619634146341465,-0.19512195121951237,-3.7804878048780495,-0.46559878048780456,-0.15853658536585336,-0.39024390243902474,-0.3536585365853657,-0.0884033574066887,-0.0399179614229031,-0.19928273484638237,0,vietnam,mexico
-0.010148780487804876,-0.41463414634146334,-0.7926829268292686,-0.12937073170731672,-0.24390243902439046,2.2926829268292686,4.670731707317074,-0.012500490402780451,-0.01947297560863931,0.0746990430466633,0,switzerland,indonesia
0.02230975609756114,-0.34146341463414576,0.2682926829268304,-0.11030243902439052,-0.18292682926829285,1.560975609756098,3.487804878048781,-0.005400645460371556,-0.01745069221223322,-0.24589766331618634,1,iceland,germany
0.14169390243902447,1.0487804878048776,1.6829268292682933,0.3986987804878046,0.6097560975609757,0.4512195121951219,0.9268292682926838,0.06759652943220396,0.009173577575004588,-0.1881326786907247,1,netherlands,kazakhstan
-0.014485365853658783,0.8414634146341466,1.6585365853658551,0.040064634146341316,0.4512195121951219,-0.5609756097560981,-1.1463414634146343,0.03132811231794308,0.014302672625588042,-0.13551550455002925,1,peru,new_zealand
-0.22009512195121972,-0.6341463414634148,-3.6463414634146325,-0.6738658536585365,-0.47560975609756095,0.5,1.3170731707317067,-0.06374830256907177,-0.07183616811829607,-0.10239352775244659,1,uae,france
-0.12626585365853682,-0.5487804878048776,-3.2926829268292686,-0.5134499999999997,-0.4024390243902438,-1.2804878048780486,-2.5731707317073162,-0.047123700168520966,0.004735777884073034,-0.22423530446361994,0,philippines,guatemala
-0.15217317073170733,-1.1219512195121948,-4.560975609756099,-0.4841219512195116,-0.6829268292682928,-0.8658536585365857,-1.6585365853658534,-0.024601964935498155,0.01948037311386619,-0.0762786238849853,1,kazakhstan,morocco
-0.005889024390243858,-0.012195121951219079,-1.2439024390243887,-0.18139878048780522,-0.03658536585365857,-2.073170731707317,-4.182926829268293,0.009702546569882675,-0.01418168189818475,-0.2006140061737084,0,iceland,oman
0.01649268292682926,-0.3292682926829267,1.3414634146341449,0.046746341463414165,-0.3902439024390243,-2.0,-4.097560975609756,-0.015385351077387588,0.02732605328279747,0.03013482672107204,0,uk,brazil
-0.0005902439024390027,0.7439024390243905,-0.024390243902438158,0.2279170731707314,0.5,-2.6097560975609753,-5.3170731707317085,0.07092008474693623,0.012683939252465637,-0.20142034515776608,1,netherlands,rwanda
-0.0864841463414634,-0.7195121951219514,1.0243902439024382,-0.2156682926829263,-0.41463414634146334,-1.585365853658537,-3.2682926829268304,0.042472204361317045,0.04643807610501122,-0.0709972192412821,0,india,singapore
0.11689146341463408,-0.23170731707317138,-0.43902439024390105,0.20118414634146342,-0.3414634146341462,-1.548780487804878,-3.1097560975609753,0.056327003983586366,0.020629470009925932,-0.08128613262401263,1,china,ethiopia
0.21009878048780517,0.5731707317073167,3.3780487804878057,0.6142975609756096,0.46341463414634143,1.8780487804878048,3.6585365853658534,0.06443970561046097,0.03204814533594935,0.3526780481306341,1,mexico,philippines
0.130537804878049,0.1341463414634143,1.7804878048780495,0.4896768292682925,0.08536585365853666,1.7682926829268295,3.5365853658536572,0.012491608436333235,0.013436300014502023,0.04843698813204178,1,pakistan,peru
0.30598780487804866,1.707317073170732,5.390243902439025,0.8811975609756093,1.3292682926829267,1.4756097560975618,3.170731707317074,0.09722451350751421,0.06979626752947754,0.3023528762950237,1,south_korea,mongolia
0.20370121951219522,1.3170731707317076,6.195121951219512,0.7112609756097563,0.9024390243902438,0.39024390243902385,0.7804878048780477,0.02565763248836228,0.020719320347972525,0.0747150131109543,1,serbia,saudi_arabia
-0.19000731707317087,-0.4878048780487805,-3.3780487804878057,-0.614585365853658,-0.36585365853658525,0.6707317073170733,1.4146341463414647,-0.06040221463264489,-0.001922912662166265,-0.04408598704739575,1,switzerland,guatemala
0.08736463414634144,0.8048780487804876,0.32926829268292934,0.1990402439024388,0.4024390243902438,-0.4146341463414638,-0.8048780487804876,0.007614140252472867,-0.005029458814781562,-0.21964149641830355,1,panama,canada
-0.020245121951219414,-0.4512195121951219,0.048780487804876316,-0.07473414634146325,-0.25609756097560954,-0.9146341463414629,-1.8658536585365848,0.03434165333424466,0.049852266972263415,-0.049690862119472934,1,new_zealand,usa
0.055987804878048664,1.3292682926829276,4.073170731707318,0.43960731707317,1.048780487804878,-0.1829268292682915,-0.20731707317073145,0.0382993600946534,0.03651037142149821,0.1437831430333676,0,south_korea,rwanda
-0.23425243902439008,-0.7682926829268295,-2.5,-0.6162695121951218,-0.25609756097560954,1.8902439024390238,4.134146341463415,-0.08406184443905851,-0.0336915299919362,0.05765975549593849,1,vietnam,uk
0.24701097560975627,0.3170731707317076,1.1219512195121943,0.6189268292682928,0.24390243902439002,0.39024390243902474,0.7439024390243905,0.056007835030284336,0.020024253377940227,0.2645945834907172,1,france,indonesia
-0.08782804878048789,-0.3048780487804885,-2.2439024390243887,-0.2714341463414627,-0.21951219512195141,-0.024390243902438158,-0.07317073170731803,-0.01895476951347652,-0.031813806744146356,-0.30697583549255913,1,brazil,thailand
-0.16635365853658546,-0.9390243902439024,-1.2317073170731696,-0.33794878048780497,-0.6219512195121952,0.37804878048780566,1.1463414634146343,-0.01914020978974673,-0.038492825414717546,-0.01742835067202697,1,uae,germany
0.05755487804878068,-0.39024390243902474,-0.7439024390243922,0.26954268292682926,-0.18292682926829285,-0.7926829268292677,-1.6585365853658534,-0.005824445891979058,-0.013555491920680618,0.3225671443797907,0,france,peru
-0.11967560975609737,-0.7195121951219505,-1.073170731707318,-0.5172792682926834,-0.46341463414634143,0.1341463414634143,0.4512195121951219,-0.0702624709909741,-0.016451157097656488,-0.026418713603569066,0,iceland,brazil
-0.06876463414634149,0.15853658536585336,2.414634146341463,-0.023520731707316944,0.024390243902439046,-1.2073170731707323,-2.487804878048781,0.0005085248836064205,-0.005593946814032691,-0.1710130614537163,1,india,new_zealand
0.05175121951219519,0.14634146341463428,2.012195121951219,0.17709878048780459,0.14634146341463428,1.6097560975609762,3.2926829268292686,-0.07845403875605872,-0.03833436114705163,0.016845398526045052,1,singapore,netherlands
0.08701585365853637,0.20731707317073145,-0.24390243902438868,0.1339012195121949,-0.024390243902439046,-3.524390243902439,-7.329268292682928,0.06261251421472097,0.0053270201521031235,-0.17135773363489426,1,china,oman
-0.06160975609756125,-0.5,-3.1829268292682933,-0.2703560975609758,-0.3292682926829271,0.07317073170731714,0.09756097560975618,-0.017452139179935933,-0.035360153545459516,-0.1616161396209831,1,saudi_arabia,canada
0.08736463414634144,0.8048780487804876,0.32926829268292934,0.1990402439024388,0.4024390243902438,-0.4146341463414638,-0.8048780487804876,0.007614140252472867,-0.005029458814781562,-0.21964149641830355,1,panama,canada
-0.19053780487804883,-1.0853658536585367,-3.2560975609756113,-0.5391621951219507,-0.5853658536585367,1.3658536585365857,2.9024390243902456,-0.03650045378874306,0.0036015641791909414,-0.15039396245152314,0,switzerland,morocco
-0.3992939024390243,-1.4390243902439024,-5.329268292682926,-1.0937695121951219,-1.0975609756097557,0.1341463414634143,0.3170731707317085,-0.1030727502523981,-0.03166940606005464,-0.10189910440682237,0,mongolia,serbia
-0.3517475609756098,-0.6707317073170733,-1.3902439024390247,-0.7367329268292684,-0.2804878048780486,0.06097560975609717,0.14634146341463428,-0.06087621670417426,-0.013007428842582436,0.009714716581247673,1,indonesia,uk
-0.12626585365853682,-0.5487804878048776,-3.2926829268292686,-0.5134499999999997,-0.4024390243902438,-1.2804878048780486,-2.5731707317073162,-0.047123700168520966,0.004735777884073034,-0.22423530446361994,1,philippines,guatemala
-0.16337682926829267,-1.1829268292682928,-2.512195121951219,-0.3611536585365851,-0.9024390243902438,-2.109756097560976,-4.2560975609756095,-0.0031840620013752208,0.02829638282354552,0.10454023335626317,0,kazakhstan,ethiopia
-0.05630243902439025,-0.7439024390243905,-0.9756097560975618,-0.2529987804878049,-0.3292682926829271,-0.7317073170731705,-1.5975609756097544,-0.009106159686792181,-0.027782185039573526,0.25676334651810495,1,mexico,pakistan
0.19727073170731724,0.6341463414634148,2.6829268292682933,0.43899268292682914,0.46341463414634143,1.7682926829268286,3.3536585365853657,0.003902982808863087,0.021236720441125234,-0.03496724995784195,1,usa,uae
0.0385792682926831,-0.2804878048780495,-2.7439024390243887,-0.029292682926829183,-0.4024390243902438,-2.487804878048781,-5.170731707317074,0.005256883688930403,-0.028515487086717473,-0.3331941417964761,0,panama,south_korea
-0.24269390243902444,-0.6341463414634152,0.1707317073170742,-0.5516292682926829,-0.5487804878048781,-1.0365853658536581,-2.2560975609756113,-0.07121637390907576,-0.04056972209176157,-0.042033286692052974,1,morocco,thailand
-0.07577439024390231,-0.7195121951219514,0.1829268292682933,-0.16254634146341473,-0.36585365853658525,1.3170731707317076,3.073170731707318,-0.03458536998584355,-0.007365011823715462,-0.13168436749560675,1,vietnam,germany
0.18064878048780497,0.26829268292682906,0.4024390243902438,0.22582195121951232,0.012195121951219523,0.8292682926829258,1.6829268292682933,0.00857493353851263,0.012368447257214199,0.08740300503357923,0,rwanda,switzerland
-0.08701585365853637,-0.20731707317073145,0.24390243902438868,-0.1339012195121949,0.024390243902439046,3.524390243902439,7.329268292682928,-0.06261251421472097,-0.0053270201521031235,0.17135773363489426,0,oman,china
0.30699024390243923,1.7073170731707323,4.865853658536587,0.924051219512195,1.207317073170732,1.0243902439024382,2.1463414634146343,0.08065192980813118,0.04693552105125365,0.23640988607578495,1,thailand,saudi_arabia
0.11521463414634137,-0.12195121951219523,1.2682926829268304,0.20499756097560962,-0.17073170731707332,0.10975609756097615,0.34146341463414664,0.04750932218446674,0.002058009838054653,-0.2166413907773722,1,china,germany
0.15217317073170733,1.1219512195121948,4.560975609756099,0.4841219512195116,0.6829268292682928,0.8658536585365857,1.6585365853658534,0.024601964935498155,-0.01948037311386619,0.0762786238849853,1,morocco,kazakhstan
0.09350609756097583,-0.34146341463414664,-0.03658536585365724,0.3030024390243904,-0.30487804878048763,0.012195121951219079,-0.207317073170735,0.03995008612821105,0.017610202243049766,-0.3154207638706419,1,pakistan,south_korea
0.25,0.3780487804878043,1.3170731707317067,0.4415902439024393,0.2804878048780486,1.6585365853658534,3.3780487804878057,0.05892515341286081,0.03328589610797933,0.15856973326165613,0,rwanda,mongolia
-0.2022987804878047,-1.01219512195122,-4.73170731707317,-0.6281670731707316,-0.5609756097560972,0.5,1.3292682926829276,-0.06340766771015371,-0.011963082750003962,-0.057486380310717955,0,vietnam,serbia
-0.13800000000000012,-1.207317073170732,-1.1219512195121943,-0.315058536585366,-0.8414634146341462,-1.8292682926829267,-3.6829268292682915,-0.0018040363904961998,0.01907626443510957,-0.14972442262649888,0,philippines,ethiopia
-0.13131341463414614,-1.1341463414634143,0.15853658536585158,-0.380667073170732,-0.6951219512195119,-0.19512195121951237,-0.4024390243902438,-0.04575739917724153,0.033595697113247835,0.11739248696327542,1,new_zealand,brazil
0.23161707317073188,0.7073170731707319,1.012195121951219,0.4834768292682927,0.4878048780487805,1.8536585365853657,3.914634146341463,0.00879704062348552,0.0028848759689525383,0.05964670622115631,0,oman,switzerland
-0.11183414634146338,-0.29268292682926855,1.5,-0.3331280487804875,-0.24390243902439002,0.1463414634146334,0.3170731707317067,-0.024995141542357602,-0.006341127518940115,-0.3580647012834778,1,india,france
-0.1282012195121951,-0.1829268292682924,-3.2073170731707314,-0.4618073170731707,-0.024390243902439046,0.8414634146341466,1.7073170731707314,-0.03763997952342979,-0.02316953109815978,-0.06115727096847079,0,ethiopia,serbia
0.034730487804878196,-0.39024390243902474,-1.7073170731707314,0.03466951219512193,-0.19512195121951237,1.475609756097561,3.012195121951219,-0.06566976565218774,-0.06415493959785146,0.1852063666695022,1,usa,peru
0.0013756097560975178,0.8048780487804876,-1.7317073170731696,-0.07929634146341469,0.23170731707317094,-1.7682926829268295,-3.365853658536585,-0.025587042752488465,-0.018343504290193713,-0.2745367244439392,0,panama,mexico
-0.22166097560975628,-0.7439024390243905,-1.5975609756097562,-0.5014670731707316,-0.41463414634146334,-2.1219512195121952,-4.329268292682928,0.01145951087339031,0.032754950246011105,0.022472898551478493,1,indonesia,singapore
-0.1886634146341466,-0.5975609756097566,-1.5,-0.22764634146341445,-0.4390243902439024,-1.1829268292682924,-2.3414634146341466,-0.013739564329375176,-0.021042133202484326,0.22846931264415937,0,uae,iceland
-0.009948780487804898,0.524390243902439,-3.0,-0.16084634146341426,0.14634146341463428,-1.1097560975609762,-2.2195121951219505,0.01909280365280397,0.02312947384751357,-0.1581033271715826,1,netherlands,guatemala
-0.17404512195121935,-0.5731707317073171,-0.7804878048780495,-0.42900731707317075,-0.26829268292682906,0.9268292682926829,1.9268292682926838,-0.028859670037331142,-0.007087614044445245,0.20204726231668524,1,canada,uk
-0.2879060975609755,-1.2804878048780495,0.3292682926829258,-0.6756219512195116,-0.8902439024390243,-1.4268292682926829,-2.9634146341463428,-0.06420364380711163,-0.003812056444931211,-0.360596409983,1,india,thailand
0.012880487804878049,-0.04878048780487809,-3.7560975609756113,-0.12678170731707272,0.04878048780487809,-0.4146341463414638,-0.8536585365853657,-0.012600221135003309,0.00975545046219195,-0.045463599087888884,0,germany,morocco
0.0625,0.0731707317073167,-1.8658536585365866,0.06560487804878035,-0.03658536585365857,0.5975609756097562,1.1951219512195124,0.013786383425563709,-0.016626053684922315,0.13616668048401537,0,saudi_arabia,philippines
-0.14366219512195122,-0.2682926829268286,0.365853658536583,-0.40316341463414673,-0.10975609756097571,0.2317073170731705,0.4146341463414629,-0.07367950732972217,-0.017571925057294546,0.0841236915592577,1,ethiopia,brazil
-0.09948658536585397,-0.6829268292682933,-1.5487804878048799,-0.13533780487804892,-0.524390243902439,-1.1341463414634143,-2.524390243902438,0.00856531069631944,0.0013294427905491957,0.09698466302034325,0,saudi_arabia,iceland
0.22009512195121972,0.6341463414634148,3.6463414634146325,0.6738658536585365,0.47560975609756095,-0.5,-1.3170731707317067,0.06374830256907177,0.07183616811829607,0.10239352775244659,0,france,uae
-0.179858536585366,-0.07317073170731714,-2.585365853658537,-0.48521463414634125,-0.12195121951219479,-1.6219512195121952,-3.2560975609756095,-0.04790172422986444,0.017550062946473044,-0.11878503009405905,0,indonesia,guatemala
0.05096829268292691,0.43902439024390283,0.6097560975609753,0.2576548780487804,0.47560975609756095,1.02439024390244,2.2317073170731696,0.000222107084972889,-0.00948357128826166,-0.02775629881242292,1,oman,rwanda
-0.32353170731707315,-1.1219512195121948,-3.487804878048781,-0.811063414634146,-0.6219512195121952,0.12195121951219434,0.25609756097560954,-0.061478218253709804,-0.016601595516546497,0.15852909819444883,1,kazakhstan,uk
0.05427682926829269,-0.2804878048780486,0.573170731707318,0.05968536585365847,-0.03658536585365857,2.1463414634146343,4.378048780487804,-0.07083201261259275,-0.03615460520027114,0.1665521028579522,0,usa,netherlands
0.00020000000000020002,-0.07317073170731714,0.02439024390244171,0.09043048780487783,-0.0731707317073167,1.6219512195121952,3.2804878048780477,0.034101849383327165,0.05573706371247267,-0.11496699198244054,1,pakistan,serbia
-0.14757195121951217,-1.0,-2.04878048780488,-0.3863024390243899,-0.3902439024390243,1.3780487804878048,3.012195121951219,-0.06281631465420023,-0.02157445713270939,0.0752539895975568,1,vietnam,panama
-0.03703170731707317,-0.47560975609756095,-1.8170731707317067,-0.1866743902439021,-0.3902439024390243,-1.7560975609756104,-3.7439024390243922,0.027458477691877814,0.004173902228547743,-0.36385775200268367,0,peru,south_korea
-0.34319146341463425,-0.6219512195121948,-4.378048780487806,-0.9312012195121948,-0.6951219512195119,-0.7560975609756104,-1.3658536585365848,-0.12806843994893308,-0.05962428473295378,-0.2436954589424868,1,mongolia,mexico
0.09290487804878023,0.21951219512195053,1.0,0.31530000000000014,0.012195121951219523,-1.451219512195122,-3.1463414634146343,0.052909967644838296,0.019508702050287874,0.029256272538814132,0,china,iceland
-0.0542792682926827,-0.6829268292682933,0.7560975609756078,-0.06358536585365826,-0.42682926829268286,-0.6463414634146343,-1.3414634146341466,-0.03081958743433666,-0.019896619439620733,-0.035497556903687055,1,india,peru
-0.026239024390243948,0.2317073170731705,0.4024390243902438,-0.0015939024390245748,0.03658536585365857,-0.8780487804878048,-1.7682926829268286,0.0015123780625228012,-0.013357257874895612,0.11478960207448186,1,canada,new_zealand
-0.15939146341463406,-1.2073170731707323,0.37804878048780566,-0.3753585365853658,-0.7073170731707319,0.2560975609756104,0.3170731707317067,-0.02999860762323392,0.0017386779696180188,-0.019898518429166234,0,mexico,thailand
-0.1500841463414635,-0.24390243902439046,-4.060975609756099,-0.514692682926829,-0.24390243902439046,-2.439024390243903,-4.902439024390242,-0.00732936147592822,-0.04143663441208234,-0.029782724320491782,1,netherlands,pakistan
-0.04507926829268305,-0.42682926829268375,0.6341463414634134,-0.07625609756097518,-0.4390243902439024,1.0487804878048772,1.9512195121951237,-0.009924653654855564,0.02366525318644641,0.2283703049861313,1,rwanda,iceland
-0.07347439024390257,-0.17073170731707243,-0.5243902439024417,-0.21994268292682895,0.14634146341463383,1.7195121951219514,3.390243902439023,-0.03704862646747631,-0.03278090548086521,0.07158309893980397,0,ethiopia,panama
0.32994268292682927,1.3292682926829271,4.414634146341463,0.8780012195121949,0.8292682926829267,-0.9634146341463419,-2.012195121951221,0.052722530378049914,0.010751957209289509,0.03073237617874547,0,serbia,switzerland
-0.0014024390243905227,-0.30487804878048763,-1.4634146341463428,-0.0830939024390247,-0.34146341463414664,-0.8902439024390238,-2.1097560975609753,0.037750035221791434,-0.008756237597968564,-0.017228632800236343,1,saudi_arabia,vietnam
-0.3009682926829269,-0.8170731707317072,-1.926829268292682,-0.6992451219512197,-0.7560975609756095,-2.6829268292682933,-5.609756097560975,-0.0591472604978337,-0.02380232481971767,-0.1308134344492332,1,mongolia,oman
0.15078658536585388,0.41463414634146334,3.1341463414634134,0.3626646341463413,0.24390243902439046,-0.024390243902439046,-0.2804878048780477,0.03975701420563055,0.05773172953849304,0.03013148999716697,0,canada,uae
0.05755487804878068,-0.39024390243902474,-0.7439024390243922,0.26954268292682926,-0.18292682926829285,-0.7926829268292677,-1.6585365853658534,-0.005824445891979058,-0.013555491920680618,0.3225671443797907,0,france,peru
0.05630243902439025,0.7439024390243905,0.9756097560975618,0.2529987804878049,0.3292682926829271,0.7317073170731705,1.5975609756097544,0.009106159686792181,0.027782185039573526,-0.25676334651810495,1,pakistan,mexico
0.2165707317073169,0.6463414634146343,-1.2317073170731696,0.4509341463414631,0.2804878048780486,-0.5975609756097553,-1.2073170731707314,0.029863523216247523,-0.0006756970164176757,0.08375540121151293,0,uk,india
-0.19344512195121966,-1.195121951219512,-3.6951219512195124,-0.5757975609756092,-0.75609756097561,-2.060975609756098,-4.219512195121952,0.010857509323854764,0.029160783572047044,0.17128728016467965,1,kazakhstan,singapore
-0.012880487804878049,0.04878048780487809,3.7560975609756113,0.12678170731707272,-0.04878048780487809,0.4146341463414638,0.8536585365853657,0.012600221135003309,-0.00975545046219195,0.045463599087888884,1,morocco,germany
0.2548914634146342,0.9756097560975605,0.6829268292682933,0.5162426829268294,0.5,0.2804878048780486,0.5731707317073162,0.058131040374082565,0.0015532055748163631,0.06843829000248625,1,china,philippines
0.20394146341463437,-0.1341463414634143,0.20731707317073145,0.3093195121951222,-0.024390243902439046,1.7439024390243905,3.548780487804878,0.030504168604320314,0.019277072673032802,0.07754294366095571,0,new_zealand,indonesia
0.10876707317073175,-0.1829268292682933,-3.6341463414634134,0.1539280487804886,-0.14634146341463428,-1.0,-2.195121951219514,0.041887764551176265,-0.043724467510288134,-0.34573473441592983,1,brazil,south_korea
-0.17702560975609782,-0.18292682926829285,-2.7317073170731696,-0.3642585365853659,-0.2073170731707319,-0.8536585365853657,-1.487804878048781,-0.038244636143107746,-0.07108898741338865,0.08465811207731488,0,uae,new_zealand
0.10537560975609783,0.6951219512195124,2.7926829268292686,0.31673658536585414,0.5609756097560976,3.2073170731707314,6.7073170731707314,-0.018267857266202114,0.012852239107635555,0.10362934315336514,1,oman,saudi_arabia
-0.18124756097560968,-0.8170731707317076,-1.7804878048780495,-0.6402817073170728,-0.5121951219512195,3.1829268292682915,6.500000000000002,-0.06480177356844208,-0.020111957194007546,0.1718167646614902,1,rwanda,uk
0.4230829268292684,1.3048780487804885,2.2926829268292686,0.9614207317073169,0.8902439024390243,1.963414634146341,4.02439024390244,0.09521633729503837,0.017495182303931323,0.2671262921902394,1,thailand,indonesia
0.12626585365853682,0.5487804878048776,3.2926829268292686,0.5134499999999997,0.4024390243902438,1.2804878048780486,2.5731707317073162,0.047123700168520966,-0.004735777884073034,0.22423530446361994,1,guatemala,philippines
0.09350609756097583,-0.34146341463414664,-0.03658536585365724,0.3030024390243904,-0.30487804878048763,0.012195121951219079,-0.207317073170735,0.03995008612821105,0.017610202243049766,-0.3154207638706419,1,pakistan,south_korea
-0.2727695121951219,-1.1463414634146338,-0.4146341463414629,-0.628148780487805,-0.9024390243902438,0.9512195121951219,2.060975609756099,-0.07425045252808793,-0.02707133513376614,-0.17609709159171116,1,mongolia,germany
0.09813292682926811,0.17073170731707332,2.024390243902438,0.2471634146341466,0.17073170731707288,-0.7926829268292686,-1.6707317073170742,0.051681550848659774,0.024033931846661305,0.12790431777688727,1,serbia,singapore
0.08330243902439038,-0.5731707317073171,0.20731707317073145,0.1762707317073171,-0.1585365853658538,1.2926829268292686,2.573170731707318,0.04121776628584184,0.04230840006137959,0.02213476826288674,1,mexico,morocco
0.14532560975609776,0.4390243902439024,3.414634146341463,0.415169512195122,0.24390243902439046,-1.7560975609756104,-3.609756097560977,0.043513183890707186,0.03315610146763942,-0.1681691608394239,1,india,switzerland
0.011734146341463303,0.6585365853658542,-2.170731707317074,-0.19839146341463376,0.4390243902439024,0.5487804878048781,1.1097560975609753,-0.045319663778024766,-0.014340486551036535,-0.07451088183712107,0,ethiopia,guatemala
0.14169390243902447,1.0487804878048776,1.6829268292682933,0.3986987804878046,0.6097560975609757,0.4512195121951219,0.9268292682926838,0.06759652943220396,0.009173577575004588,-0.1881326786907247,1,netherlands,kazakhstan
0.04341707317073151,-0.4024390243902438,-0.9634146341463428,-0.018758536585365526,-0.19512195121951237,0.17073170731707332,0.2804878048780477,0.019278377516110057,-0.012151435470939276,-0.009703033684208662,1,china,panama
-0.03143170731707312,-0.036585365853658125,-2.1463414634146325,-0.446219512195122,-0.03658536585365857,1.6829268292682924,3.6585365853658534,-0.05000873823969659,-0.05079403491581175,-0.33086284039660596,1,iceland,france
-0.17059390243902461,-0.7926829268292681,-0.8658536585365866,-0.41228902439024395,-0.5121951219512195,-2.3170731707317067,-4.73170731707317,0.004615508791267819,0.017760909236830602,-0.23268408014998954,0,philippines,usa
0.34456707317073176,1.4268292682926824,2.646341463414636,0.8519048780487801,0.9268292682926829,-1.012195121951219,-2.0,0.10248139719644461,0.04128078044276007,-0.030841265501452386,1,panama,mongolia
0.21775975609756082,1.0975609756097562,1.1585365853658551,0.5695231707317077,0.6463414634146338,0.10975609756097615,-0.03658536585365901,0.0994471955164461,0.006365476709138729,-0.08779458221701053,1,brazil,vietnam
-0.011753658536585165,-0.6097560975609762,-1.2560975609756113,-0.04165853658536589,-0.41463414634146334,-0.3170731707317067,-0.6219512195121943,-0.02981573425542028,-0.027659930500483654,0.2503051066245111,1,canada,peru
0.08520853658536587,0.8292682926829267,-1.6463414634146325,0.021551219512195186,0.29268292682926855,-1.1707317073170733,-2.2804878048780477,-0.008271037310548457,0.018440418929828672,-0.14609398077692504,1,panama,guatemala
-0.1995719512195122,-1.5000000000000004,-6.2073170731707314,-0.5909975609756093,-1.048780487804878,-2.048780487804878,-4.085365853658539,-0.04211427076917301,-0.08121775781042895,-0.14368413537533953,0,uae,south_korea
0.009067073170731632,0.03658536585365901,-0.5975609756097562,-0.060407317073170486,0.08536585365853666,0.25609756097560954,0.6341463414634152,0.037832317536300786,0.056654285086451095,-0.28306556638726,0,peru,morocco
-0.4332317073170733,-1.7195121951219519,-3.085365853658537,-1.0907914634146336,-1.1341463414634148,0.32926829268292757,0.6463414634146343,-0.10771682769781882,-0.03696815791257063,-0.19242724914357612,0,switzerland,thailand
-0.19559268292682908,-0.12195121951219479,0.8658536585365866,-0.38250853658536554,-0.19512195121951192,0.5243902439024382,1.0975609756097562,-0.07741511776403581,-0.010950085712082114,-0.027184091295868074,1,mongolia,saudi_arabia
-0.03259390243902449,0.4146341463414638,0.25609756097560776,-0.09723048780487797,0.3292682926829267,-0.48780487804878003,-1.048780487804878,0.006419545181764019,-0.0013153551982789669,-0.08295965752349066,1,ethiopia,usa
0.1494939024390245,0.9878048780487809,4.036585365853661,0.7426097560975604,0.7439024390243905,-0.17073170731707243,-0.41463414634146645,0.07824944622286445,0.05412057366454798,-0.1716376208372743,0,pakistan,rwanda
0.09290487804878023,0.21951219512195053,1.0,0.31530000000000014,0.012195121951219523,-1.451219512195122,-3.1463414634146343,0.052909967644838296,0.019508702050287874,0.029256272538814132,0,china,iceland
0.17404512195121935,0.5731707317073171,0.7804878048780495,0.42900731707317075,0.26829268292682906,-0.9268292682926829,-1.9268292682926838,0.028859670037331142,0.007087614044445245,-0.20204726231668524,0,uk,canada
-0.3197939024390244,-0.9146341463414638,-3.6219512195121943,-0.7486304878048782,-0.5853658536585362,-1.3292682926829267,-2.6585365853658534,-0.040222039975269464,0.0087210183993498,-0.10543141922540877,1,indonesia,serbia
0.048785365853658336,1.085365853658537,3.073170731707318,0.22833292682926798,0.8048780487804876,2.073170731707317,4.365853658536587,0.0023572565635424647,0.02348602827193591,0.11355264537817256,1,south_korea,canada
-0.07042195121951234,0.524390243902439,-3.9634146341463428,-0.30305243902438983,0.2073170731707319,-1.7073170731707323,-3.4268292682926838,-0.05381798742084515,-0.03255294959918764,-0.06759836735077562,0,germany,mexico
-0.19325243902439038,-0.74390243902439,-2.3170731707317067,-0.4284365853658536,-0.5853658536585367,-4.085365853658537,-8.475609756097562,0.003101448229759385,0.01299393296572271,0.014468632345381538,0,kazakhstan,oman
0.2381512195121953,1.219512195121951,3.4634146341463428,0.5617048780487801,0.6463414634146343,-0.43902439024390283,-1.0853658536585353,0.047371154458103415,0.052702270723711475,-0.18951000642113658,1,panama,uae
0.07710121951219517,-0.2804878048780486,1.5365853658536572,0.2945585365853658,-0.024390243902439046,-0.12195121951219434,-0.29268292682926855,-0.010986692852384072,0.0144448424768997,0.30391288056824073,0,france,netherlands
0.04180243902439029,0.6707317073170733,-0.9878048780487809,0.01625243902439033,0.29268292682926855,0.5,1.073170731707318,-0.05936123510325475,-0.015204887299538061,-0.14125792864553754,0,singapore,guatemala
0.1478060975609754,0.8048780487804876,1.1829268292682933,0.42741341463414617,0.30487804878048763,-1.8048780487804876,-3.6951219512195124,0.030372048099853943,-0.0062696438304503666,-0.08725766024220338,0,uk,new_zealand
0.20007804878048763,0.975609756097561,-2.5731707317073145,0.40418780487804895,0.6707317073170729,1.4024390243902447,2.8902439024390247,0.04524887429363511,-0.028001750299215145,0.053620574490440887,1,brazil,india
0.06390243902439052,0.3780487804878043,-0.4024390243902438,0.14869878048780505,0.3048780487804881,1.48780487804878,3.3048780487804876,-0.023963651796227725,-0.007869816086953751,0.1533953132842517,1,vietnam,philippines
-0.17572560975609774,-0.31707317073170715,-2.3048780487804876,-0.3836499999999998,-0.3170731707317076,-1.6829268292682933,-3.439024390243903,-0.03110617015385586,-0.022871239346996863,0.07127143795224544,0,kazakhstan,new_zealand
-0.017681707317073192,-0.12195121951219523,-3.7317073170731696,-0.1653353658536587,0.024390243902439046,1.2926829268292686,2.9268292682926838,-0.054198321222810986,-0.03436722700835387,0.14141515670745142,0,vietnam,india
0.15486585365853656,0.3292682926829267,-2.414634146341463,0.2801951219512202,0.3292682926829267,1.01219512195122,2.1829268292682933,0.05226160439559924,0.008755915347615217,-0.26494254880050616,1,brazil,morocco
0.08429756097560959,0.1829268292682924,-0.1829268292682933,0.10395365853658545,-0.012195121951219523,-2.036585365853658,-4.158536585365853,0.06274654916535038,0.019314114811646965,-0.1642457901475033,1,china,usa
0.035720731707317155,0.20731707317073234,-3.6097560975609753,-0.3125073170731705,0.08536585365853666,0.4512195121951219,1.1463414634146343,-0.041902627439276696,-0.013219718591398477,-0.18505328699994783,1,iceland,guatemala
0.11585243902439002,1.048780487804878,3.414634146341463,0.43931097560975596,0.6097560975609753,-0.4146341463414638,-0.8902439024390247,0.00971787137094915,-0.027998091072382603,0.027888475564453064,0,serbia,new_zealand
-0.09350609756097583,0.34146341463414664,0.03658536585365724,-0.3030024390243904,0.30487804878048763,-0.012195121951219079,0.207317073170735,-0.03995008612821105,-0.017610202243049766,0.3154207638706419,1,south_korea,pakistan
0.19559268292682908,0.12195121951219479,-0.8658536585365866,0.38250853658536554,0.19512195121951192,-0.5243902439024382,-1.0975609756097562,0.07741511776403581,0.010950085712082114,0.027184091295868074,1,saudi_arabia,mongolia
0.07042195121951234,-0.524390243902439,3.9634146341463428,0.30305243902438983,-0.2073170731707319,1.7073170731707323,3.4268292682926838,0.05381798742084515,0.03255294959918764,0.06759836735077562,0,mexico,germany
0.0005902439024390027,-0.7439024390243905,0.024390243902438158,-0.2279170731707314,-0.5,2.6097560975609753,5.3170731707317085,-0.07092008474693623,-0.012683939252465637,0.20142034515776608,1,rwanda,netherlands
0.1300865853658535,-0.07317073170731714,-0.20731707317073145,0.2352658536585368,-0.13414634146341475,-2.1829268292682924,-4.475609756097562,0.07233572757756457,0.04576237908859354,0.01275818197023082,0,uk,singapore
-0.1728951219512196,-1.6585365853658538,-4.390243902439025,-0.5642939024390241,-1.0975609756097562,-2.597560975609756,-5.463414634146343,-0.033595779169042106,-0.04222012813247311,-0.411335465483171,1,philippines,south_korea
-0.1699097560975611,-0.5975609756097562,0.4146341463414629,-0.324368292682927,-0.26829268292682906,-0.5121951219512191,-1.036585365853659,-0.06699452788266841,-0.005579410901040527,0.039318297077523545,1,indonesia,netherlands
-0.15801585365853654,-0.4024390243902447,-1.353658536585364,-0.45465487804878046,-0.47560975609756095,-1.512195121951219,-3.048780487804878,-0.055585650375722384,-0.016604826320575694,-0.2944352428731054,1,panama,thailand
0.010148780487804876,0.41463414634146334,0.7926829268292686,0.12937073170731672,0.24390243902439046,-2.2926829268292686,-4.670731707317074,0.012500490402780451,0.01947297560863931,-0.0746990430466633,0,indonesia,switzerland
-0.06930853658536584,-0.21951219512195141,-0.5121951219512191,-0.31120121951219515,-0.2317073170731705,0.47560975609756095,1.036585365853659,-0.02399128836344122,-0.014104438579803036,-0.07226203775527962,1,canada,france
-0.16787560975609783,-0.7682926829268291,-0.926829268292682,-0.3823414634146345,-0.524390243902439,-3.8048780487804876,-7.902439024390244,0.004481473840638406,0.0037738145772867604,-0.2397960236373805,0,philippines,oman
0.16124024390243896,1.1585365853658538,3.9634146341463428,0.42371463414634114,0.7682926829268295,1.1219512195121952,2.2926829268292686,0.06243428247179894,0.037173911972584905,-0.2067869425022747,0,peru,kazakhstan
-0.16467682926829275,-1.0487804878048785,-2.939024390243901,-0.34176219512195116,-0.7926829268292681,-1.2804878048780486,-2.3048780487804876,-0.010322527990627106,-0.019921365242846267,0.11792690748133261,1,uae,ethiopia
-0.24538048780487798,-1.2073170731707323,-1.6829268292682933,-0.6536951219512193,-0.8780487804878048,-1.0975609756097553,-2.2439024390243905,-0.06319979062819525,-0.011575367505794132,-0.07479374645480186,1,canada,thailand
-0.12672439024390258,-0.21951219512195141,-4.939024390243905,-0.5560512195121947,-0.12195121951219523,-2.439024390243903,-5.024390243902438,-0.06292414710763733,-0.06033513463876117,0.18916497916732933,0,germany,pakistan
0.1923914634146342,0.9024390243902438,2.54878048780488,0.45063780487804905,0.5365853658536586,-0.3170731707317076,-0.6219512195121961,0.04434465694851886,0.018179259259738678,-0.06772839048152912,0,china,saudi_arabia
0.19053780487804883,1.0853658536585367,3.2560975609756113,0.5391621951219507,0.5853658536585367,-1.3658536585365857,-2.9024390243902456,0.03650045378874306,-0.0036015641791909414,0.15039396245152314,1,morocco,switzerland
-0.07577439024390231,-0.7195121951219514,0.1829268292682933,-0.16254634146341473,-0.36585365853658525,1.3170731707317076,3.073170731707318,-0.03458536998584355,-0.007365011823715462,-0.13168436749560675,0,vietnam,germany
0.022546341463414388,1.3170731707317076,3.475609756097562,0.2267390243902434,0.8414634146341462,1.1951219512195124,2.597560975609758,0.003869634626065266,0.010128770397040299,0.2283422474526544,0,south_korea,new_zealand
0.018956097560975493,0.8536585365853666,2.2560975609756113,0.25293292682926793,0.6585365853658538,-1.939024390243902,-3.9512195121951237,0.06575783778653121,0.040684273650045955,-0.22007460896931608,1,peru,rwanda
0.1680682926829271,1.219512195121951,2.3048780487804876,0.5297024390243901,0.6951219512195124,1.7804878048780486,3.6463414634146343,-0.012237534934733785,-0.019940665183611095,0.0829773758180824,0,singapore,philippines
0.21879512195121964,0.7682926829268291,3.2195121951219505,0.6932573170731704,0.5853658536585367,0.32926829268292757,0.6341463414634152,0.05660983657981988,0.023618420051904288,0.11578020187751603,0,france,kazakhstan
0.05641585365853641,0.7073170731707323,-2.2073170731707314,0.0010243902439022179,0.5609756097560972,1.6341463414634152,3.3048780487804876,-0.02843063303608706,-0.04557367535650969,0.13774426604969858,1,ethiopia,india
-0.035720731707317155,-0.20731707317073234,3.6097560975609753,0.3125073170731705,-0.08536585365853666,-0.4512195121951219,-1.1463414634146343,0.041902627439276696,0.013219718591398477,0.18505328699994783,0,guatemala,iceland
-0.09832560975609739,-0.6219512195121952,-3.402439024390244,-0.3945243902439022,-0.3414634146341462,2.8170731707317076,5.926829268292684,-0.043925489754564395,-0.00786708124033697,0.02891433004241084,0,oman,serbia
0.127560975609756,0.3536585365853657,1.2317073170731696,0.3526792682926829,0.04878048780487809,-2.7195121951219505,-5.560975609756097,0.0647137014340986,0.04358262314181305,-0.13694852236167632,0,uk,usa
0.3352548780487805,1.0,0.04878048780487987,0.6899865853658542,0.6707317073170729,1.9390243902439028,3.951219512195122,0.07626156778156185,-0.014318624440215033,-0.03984954330231971,0,brazil,indonesia
-0.249409756097561,-1.1219512195121948,-1.2926829268292686,-0.6695073170731707,-0.7804878048780486,0.9512195121951219,1.9390243902439028,-0.12984523815979704,-0.045969835360444966,0.04285061189610995,1,mongolia,netherlands
0.19889634146341462,0.9878048780487809,2.1341463414634134,0.5773670731707314,0.6585365853658538,-0.6951219512195124,-1.390243902439023,0.09905382202496271,0.048070376603161935,0.13989248640981078,1,thailand,usa
0.09057926829268315,0.21951219512195097,1.414634146341463,0.17540243902439023,0.25609756097561,0.9390243902439019,1.9268292682926838,-0.015445160196096819,0.031127813591002085,-0.11425601682357978,1,vietnam,uae
-0.0013756097560975178,-0.8048780487804876,1.7317073170731696,0.07929634146341469,-0.23170731707317094,1.7682926829268295,3.365853658536585,0.025587042752488465,0.018343504290193713,0.2745367244439392,1,mexico,panama
-0.04379756097560983,0.3536585365853657,2.3048780487804876,0.025737804878048554,0.10975609756097571,-1.7317073170731705,-3.6463414634146343,0.027837448115886954,0.007500654511400362,0.0978591997177578,1,morocco,usa
-0.13798414634146328,-0.6463414634146343,-0.3658536585365866,-0.3915560975609753,-0.4512195121951219,2.499999999999999,5.097560975609758,-0.06283462129969386,0.004156551136158537,0.19911403244731718,0,rwanda,china
0.2314902439024391,0.5731707317073171,1.8780487804878057,0.6745975609756094,0.3292682926829271,-0.20731707317073234,-0.34146341463414487,0.09263427684319869,0.0493857318014409,0.22285214393330144,1,thailand,ethiopia
-0.032012195121951414,0.4146341463414638,1.646341463414636,-0.004721951219512466,0.18292682926829285,-2.963414634146342,-6.182926829268293,0.06553573070155833,0.050167844938307615,-0.19231831015689316,1,peru,oman
0.3994939024390245,1.3658536585365852,5.3536585365853675,1.1841999999999997,1.024390243902439,1.487804878048781,2.963414634146339,0.13717459963572526,0.0874064697725273,-0.013067887575618164,1,pakistan,mongolia
0.20394146341463437,-0.1341463414634143,0.20731707317073145,0.3093195121951222,-0.024390243902439046,1.7439024390243905,3.548780487804878,0.030504168604320314,0.019277072673032802,0.07754294366095571,1,new_zealand,indonesia
-0.23180975609756116,-1.1585365853658538,-2.3902439024390247,-0.6308378048780483,-0.6585365853658538,0.17073170731707332,0.34146341463414664,-0.0010409795293901403,0.013281974637371796,0.0971719415981418,0,switzerland,singapore
-0.1399353658536584,-0.8414634146341466,-1.0365853658536572,-0.2634158536585369,-0.46341463414634143,0.29268292682926855,0.5975609756097562,0.007679684254594976,-0.008829044547123244,0.013353610868650279,0,guatemala,serbia
-0.30833902439024397,-1.3170731707317072,-2.573170731707318,-0.7449256097560979,-0.9024390243902438,-1.048780487804878,-1.8902439024390247,-0.08400203532034928,-0.037493290300140814,0.2020505990405903,1,uae,brazil
0.08598902439024392,0.0,2.060975609756099,0.2783365853658535,0.17073170731707288,1.3536585365853657,2.560975609756097,0.03320118300496133,0.01331404547541215,0.05489522802563562,1,mexico,canada
0.10696097560975626,0.4756097560975605,4.7195121951219505,0.3601292682926829,0.34146341463414664,0.47560975609756095,0.9512195121951219,0.03161469503746228,0.017277292532964172,-0.24228449940596175,0,india,kazakhstan
-0.09808414634146345,-0.37804878048780566,-0.0853658536585371,-0.052243902439024215,-0.1829268292682924,-0.24390243902439046,-0.4146341463414629,-0.029184724525471994,0.01008568038851776,0.1142132958205796,0,vietnam,iceland
0.07179756097560985,0.2804878048780486,2.231707317073173,0.22375609756097514,0.024390243902439046,-0.06097560975609717,0.06097560975609895,0.028230944668356683,0.014209445308993929,-0.20693835709316355,1,panama,germany
0.10473658536585351,0.3536585365853657,0.2682926829268304,0.1178060975609756,0.03658536585365857,-0.4512195121951219,-0.8902439024390247,0.004868381673889921,-0.007016824535357791,-0.27430930007196486,1,uk,france
0.11631707317073192,1.0731707317073167,0.29268292682926855,0.3526036585365855,0.5487804878048781,0.17073170731707243,0.3536585365853657,0.06621650382132493,0.018393695963440537,0.06613197729203735,1,netherlands,philippines
-0.10876707317073175,0.1829268292682933,3.6341463414634134,-0.1539280487804886,0.14634146341463428,1.0,2.195121951219514,-0.041887764551176265,0.043724467510288134,0.34573473441592983,0,south_korea,brazil
0.1498841463414633,0.3170731707317076,4.036585365853657,0.4242621951219512,0.31707317073170715,0.8170731707317076,1.6219512195121943,-0.026772487907398945,-0.014300429300390327,0.14474971630293232,1,serbia,netherlands
-0.4230829268292684,-1.3048780487804885,-2.2926829268292686,-0.9614207317073169,-0.8902439024390243,-1.963414634146341,-4.02439024390244,-0.09521633729503837,-0.017495182303931323,-0.2671262921902394,0,indonesia,thailand
-0.01389024390243887,-0.6341463414634152,0.19512195121951237,0.02090243902439015,-0.5487804878048776,-1.3048780487804876,-2.5853658536585353,0.02943448621500344,0.03781036429564677,0.14805839747849958,1,canada,ethiopia
-0.025349999999999984,0.42682926829268286,0.47560975609756184,-0.11745975609756121,0.17073170731707332,1.7317073170731705,3.585365853658537,-0.06746734590367465,-0.05277920362395133,-0.2870674820421957,1,singapore,france
-0.14759878048780517,-0.5,-5.243902439024392,-0.5486926829268293,-0.5,-1.2804878048780486,-2.463414634146341,-0.050653322184897265,-0.04867419902087167,-0.2165113676466187,1,saudi_arabia,mexico
0.028198780487804997,-0.3292682926829267,1.512195121951219,0.0710963414634147,-0.14634146341463428,3.634146341463415,7.670731707317074,-0.015103192030254231,-0.0032690103140484705,-0.04528365714247795,0,oman,germany
-0.10641585365853645,-0.20731707317073145,0.8170731707317067,-0.2902,-0.2804878048780486,0.5731707317073162,0.9146341463414647,-0.0551102427383412,0.011421490280951407,-0.1586687409196842,0,mongolia,uae
0.14579878048780492,0.29268292682926766,-1.8170731707317067,0.3406024390243907,0.24390243902439002,0.7560975609756104,1.548780487804878,0.014429286859298451,-0.04789836973883588,0.01812301758675383,0,brazil,peru
-0.0530048780487804,0.04878048780487809,-0.7195121951219505,0.024012195121950963,0.25609756097561,-1.2926829268292677,-2.3658536585365866,-0.01926007087061643,-0.013579572797928652,-0.11415700916555171,1,vietnam,rwanda
0.2114743902439027,1.3780487804878043,1.646341463414636,0.5350012195121949,0.6951219512195124,0.10975609756097526,0.29268292682926855,0.03885266285797251,0.013704641045755639,0.07814132368669491,0,panama,philippines
-0.1300865853658535,0.07317073170731714,0.20731707317073145,-0.2352658536585368,0.13414634146341475,2.1829268292682924,4.475609756097562,-0.07233572757756457,-0.04576237908859354,-0.01275818197023082,0,singapore,uk
0.011509756097561219,0.34146341463414664,3.670731707317074,0.3510536585365851,0.29268292682926855,2.3292682926829267,4.6829268292682915,0.01541482492317059,0.058277124800706515,0.027476411610042883,0,pakistan,china
-0.23433536585365866,-0.7317073170731709,-0.9512195121951237,-0.5134243902439022,-0.47560975609756095,-0.3658536585365848,-0.7439024390243887,-0.008663005672856106,0.011102218690591303,-0.05253476273376534,1,switzerland,usa
-0.18736341463414652,-0.7317073170731709,-1.073170731707318,-0.24703780487804838,-0.5487804878048781,-2.01219512195122,-4.2926829268292686,-0.00660109834012329,0.02717561486390746,0.21508263851908993,1,kazakhstan,iceland
-0.19889634146341462,-0.9878048780487809,-2.1341463414634134,-0.5773670731707314,-0.6585365853658538,0.6951219512195124,1.390243902439023,-0.09905382202496271,-0.048070376603161935,-0.13989248640981078,0,usa,thailand
-0.0460987804878048,-0.51219512195122,-1.2195121951219505,-0.1262670731707316,-0.47560975609756095,-2.01219512195122,-4.378048780487807,-0.010373839844422972,-0.05248038285790335,-0.08079218561542367,1,morocco,south_korea
0.11183414634146338,0.29268292682926855,-1.5,0.3331280487804875,0.24390243902439002,-0.1463414634146334,-0.3170731707317067,0.024995141542357602,0.006341127518940115,0.3580647012834778,1,france,india
0.13960487804878063,0.17073170731707332,1.1829268292682933,0.429269512195122,0.17073170731707332,2.024390243902439,4.170731707317072,0.05032392597263402,0.07009058510095312,-0.2346285782552182,1,pakistan,morocco
0.3055878048780487,1.4024390243902447,3.402439024390244,0.8409573170731703,0.8658536585365852,0.1341463414634143,0.03658536585365901,0.11840196502992262,0.038179283453285084,0.2191812532755486,1,thailand,vietnam
-0.16198658536585397,-0.75609756097561,0.3170731707317067,-0.20094268292682926,-0.4878048780487805,-1.7317073170731705,-3.7195121951219505,-0.005221072729244269,0.01795549647547151,-0.039182017463672114,1,philippines,iceland
0.30598780487804866,1.707317073170732,5.390243902439025,0.8811975609756093,1.3292682926829267,1.4756097560975618,3.170731707317074,0.09722451350751421,0.06979626752947754,0.3023528762950237,1,south_korea,mongolia
-0.21916219512195134,-1.4024390243902438,-2.621951219512198,-0.6526170731707324,-0.9878048780487805,-1.0,-2.0731707317073162,-0.06169716029465466,-0.015121714307107292,0.07056594941677419,0,saudi_arabia,brazil
-0.02282439024390248,0.0,-0.9634146341463392,-0.23487317073170733,-0.012195121951219523,2.2682926829268286,4.670731707317072,-0.05984531976020868,-0.05059944767717084,-0.13736077771028854,0,usa,france
-0.021092682926829198,-0.8780487804878057,-0.8048780487804876,-0.1903719512195119,-0.7926829268292681,0.951219512195121,1.9878048780487827,-0.006507617316107495,0.02478602114608447,0.11782789982330455,0,rwanda,ethiopia
-0.30848414634146337,-0.5,0.024390243902438158,-0.4880073170731709,-0.21951219512195097,-0.6219512195121952,-1.2560975609756095,-0.05890906443542604,0.011261079487583647,0.037011984367074646,1,indonesia,china
-0.03321829268292675,-0.5609756097560981,-4.975609756097562,-0.2530487804878043,-0.42682926829268286,-2.4268292682926838,-5.231707317073173,-0.02297406097942628,-0.0427249323957114,-0.12625578470331256,0,germany,south_korea
-0.1494865853658538,-0.5487804878048776,-2.7073170731707314,-0.38205609756097525,-0.35365853658536617,-0.8048780487804885,-1.6707317073170742,-0.03261854821637866,-0.009513981472101252,-0.043518164122236414,1,kazakhstan,canada
-0.028198780487804997,0.3292682926829267,-1.512195121951219,-0.0710963414634147,0.14634146341463428,-3.634146341463415,-7.670731707317074,0.015103192030254231,0.0032690103140484705,0.04528365714247795,1,germany,oman
0.05974999999999997,0.2317073170731705,2.4634146341463428,0.2767426829268289,0.20731707317073145,0.47560975609756095,0.7926829268292686,0.03471356106748413,-4.3212399483461006e-05,0.16968483010011748,0,mexico,new_zealand
0.08520853658536587,0.8292682926829267,-1.6463414634146325,0.021551219512195186,0.29268292682926855,-1.1707317073170733,-2.2804878048780477,-0.008271037310548457,0.018440418929828672,-0.14609398077692504,0,panama,guatemala
0.05175121951219519,0.14634146341463428,2.012195121951219,0.17709878048780459,0.14634146341463428,1.6097560975609762,3.2926829268292686,-0.07845403875605872,-0.03833436114705163,0.016845398526045052,0,singapore,netherlands
-0.03195365853658538,0.24390243902439046,2.2317073170731696,0.011897560975609789,0.30487804878048763,1.3902439024390238,2.8048780487804876,-0.020654176728904794,-0.021728447241932236,0.11514613580665645,0,serbia,uk
-0.10826097560975634,-0.3414634146341462,-5.1463414634146325,-0.34073780487804894,-0.23170731707317094,0.3536585365853666,1.0,-0.03875316102671417,-0.06549504059935596,0.2556711735310312,1,uae,india
-0.19960487804878047,-1.1219512195121957,-2.658536585365855,-0.47875487804878025,-0.6707317073170733,1.1097560975609762,2.2682926829268304,-0.07433277132504384,-0.053052720907260154,0.13267160393573685,1,switzerland,peru
-0.002525609756097502,0.42682926829268286,1.439024390243901,0.11741341463414612,0.18292682926829285,-0.5365853658536581,-1.0853658536585353,-0.007622026143465965,-0.0021797559467804928,-0.14970670433190714,1,singapore,usa
-0.24538048780487798,-1.2073170731707323,-1.6829268292682933,-0.6536951219512193,-0.8780487804878048,-1.0975609756097553,-2.2439024390243905,-0.06319979062819525,-0.011575367505794132,-0.07479374645480186,1,canada,thailand
0.18038902439024396,0.6707317073170733,2.4634146341463428,0.409791463414634,0.3414634146341462,0.9268292682926829,1.7682926829268286,0.023999963385962608,-0.02307453978783025,0.22509300549818645,0,morocco,indonesia
-0.009067073170731632,-0.03658536585365901,0.5975609756097562,0.060407317073170486,-0.08536585365853666,-0.25609756097560954,-0.6341463414634152,-0.037832317536300786,-0.056654285086451095,0.28306556638726,1,morocco,peru
-0.14358414634146355,-0.17073170731707288,-2.1341463414634134,-0.15139024390243927,0.0,-2.2317073170731696,-4.29268292682927,-0.0038149106745196115,-0.04470738638893074,9.900765802806077e-05,1,uae,rwanda
0.12851463414634146,0.07317073170731714,0.04878048780487987,0.30026341463414585,0.1829268292682924,1.6829268292682933,3.2804878048780495,0.03420503618387771,0.00555073441454923,0.3406978915538338,0,mexico,india
-0.1915926829268293,-0.7317073170731714,-0.4146341463414629,-0.2868231707317075,-0.5609756097560972,-2.1707317073170733,-4.365853658536585,-0.002582060451839674,0.03189054949750958,-0.044274148256937984,0,indonesia,ethiopia
0.04662926829268277,1.1097560975609762,1.0975609756097562,0.05084390243902437,0.6951219512195124,1.3170731707317076,2.8902439024390265,-0.01352792099947886,0.046955906016546145,0.18710016101955107,0,south_korea,guatemala
0.2727695121951219,1.1463414634146338,0.4146341463414629,0.628148780487805,0.9024390243902438,-0.9512195121951219,-2.060975609756099,0.07425045252808793,0.02707133513376614,0.17609709159171116,1,germany,mongolia
0.061473170731707105,0.1829268292682924,-1.1463414634146325,-0.13091951219512188,-0.024390243902439046,0.2317073170731705,0.5121951219512191,0.002901229405141703,-0.031285332865523874,-0.30160656785779183,1,china,france
0.13616829268292663,0.39024390243902385,2.414634146341463,0.5640256097560976,0.07317073170731714,-2.1341463414634143,-4.548780487804878,0.054877119913586514,0.04377721038045396,0.056553540324641105,0,uk,iceland
-0.043598780487804856,-0.6097560975609753,-0.7195121951219541,-0.15265975609756044,-0.17073170731707332,3.6951219512195124,7.609756097560975,-0.043334136698610914,-0.0174784556230424,0.1616546999506856,1,oman,panama
0.20390121951219542,1.2439024390243905,6.219512195121954,0.8016914634146342,0.8292682926829271,2.012195121951219,4.060975609756095,0.059759481871689446,0.07645638406044519,-0.04025197887148624,1,pakistan,saudi_arabia
-0.1303378048780488,-0.20731707317073145,-1.7560975609756078,-0.39924634146341464,-0.15853658536585336,-0.14634146341463428,-0.25609756097560954,0.02161024094699393,0.042300763697970645,-0.16340398011448232,0,peru,serbia
0.03403170731707328,-0.7317073170731705,0.6219512195121943,-0.01504878048780478,-0.2926829268292681,1.2317073170731714,2.512195121951219,-0.036490359278348095,0.013697661771992276,0.11686124073847926,1,new_zealand,netherlands
0.28166219512195134,1.4756097560975605,0.7560975609756113,0.7182219512195127,0.9512195121951219,1.5975609756097562,3.2682926829268286,0.07548354372021837,-0.0015043393778150227,0.06560073106724118,0,brazil,philippines
0.29157804878048776,1.3658536585365852,5.7195121951219505,0.8229609756097558,0.9268292682926829,1.2682926829268295,2.548780487804878,0.04082404152480501,-0.005126851725385739,-0.04338296238779238,1,serbia,kazakhstan
0.12764390243902457,0.31707317073170715,-0.3170731707317067,0.24983414634146328,0.2682926829268295,-0.4634146341463419,-0.6829268292682933,-0.0106851373321038,-0.0012111255407144528,-0.026754004131972486,1,vietnam,switzerland
0.019084146341463715,0.42682926829268286,5.195121951219512,0.24842926829268341,0.3170731707317076,-0.4024390243902447,-0.8170731707317085,0.016448286001019552,0.04312346460632244,-0.12418652390721507,1,india,saudi_arabia
0.19455243902439046,0.6097560975609757,2.7439024390243887,0.40904512195121967,0.47560975609756095,3.2560975609756095,6.52439024390244,0.0040370177594925005,0.035223815100669076,-0.02785530647045098,1,oman,uae
0.23685121951219523,1.3536585365853653,3.036585365853661,0.581096341463414,0.75609756097561,0.39024390243902474,0.8658536585365866,0.04023268846885153,0.0044845226573196895,-0.17612333229606714,0,panama,kazakhstan
0.1401353658536586,0.7682926829268295,1.060975609756099,0.35384634146341476,0.39024390243902474,1.3292682926829267,2.6829268292682915,0.02642216512873219,0.06456610825959591,-0.12832060285109081,1,pakistan,guatemala
-0.2662012195121952,-1.3902439024390243,-4.329268292682926,-0.7768658536585367,-0.8658536585365852,-0.98780487804878,-1.97560975609756,-0.03944401591392599,-0.00409326666305021,-0.21088169359496967,1,philippines,serbia
0.02282439024390248,0.0,0.9634146341463392,0.23487317073170733,0.012195121951219523,-2.2682926829268286,-4.670731707317072,0.05984531976020868,0.05059944767717084,0.13736077771028854,1,france,usa
-0.05630243902439025,-0.7439024390243905,-0.9756097560975618,-0.2529987804878049,-0.3292682926829271,-0.7317073170731705,-1.5975609756097544,-0.009106159686792181,-0.027782185039573526,0.25676334651810495,0,mexico,pakistan
0.1575524390243901,0.9024390243902438,-0.5609756097560954,0.3822609756097566,0.6585365853658534,1.0731707317073171,2.1707317073170724,0.04424502111471873,-0.020238439238352224,-0.23218208903775728,1,brazil,canada
0.22572804878048802,0.6951219512195128,-0.2317073170731696,0.3020780487804875,0.4512195121951219,-0.21951219512195141,-0.2682926829268304,0.018499587193368194,-0.011296805929232212,-0.14096729995255208,1,iceland,switzerland
0.18124756097560968,0.8170731707317076,1.7804878048780495,0.6402817073170728,0.5121951219512195,-3.1829268292682915,-6.500000000000002,0.06480177356844208,0.020111957194007546,-0.1718167646614902,1,uk,rwanda
0.1699097560975611,0.5975609756097562,-0.4146341463414629,0.324368292682927,0.26829268292682906,0.5121951219512191,1.036585365853659,0.06699452788266841,0.005579410901040527,-0.039318297077523545,1,netherlands,indonesia
0.03720365853658558,-1.085365853658537,-1.012195121951219,0.050003658536585505,-0.6341463414634148,-0.7195121951219514,-1.8048780487804894,0.030843926441418867,-0.01017198279652376,-0.058657417352536934,1,mexico,south_korea
0.023552439024390415,-0.8048780487804876,-2.2560975609756113,-0.1004719512195118,-0.36585365853658525,0.8170731707317076,1.7804878048780495,0.006504205218357706,0.04235161246086305,-0.14755006183723074,1,new_zealand,morocco
-0.032204878048780694,-0.036585365853658125,0.2682926829268304,-0.15208292682926805,0.012195121951219523,-0.9390243902439028,-1.9268292682926838,0.0732917917956537,0.06633469554463195,-0.03549966233759505,1,peru,singapore
-0.36949024390243923,-1.780487804878049,-3.0,-0.9896560975609754,-1.1707317073170733,-1.6219512195121943,-3.3414634146341466,-0.09443831323369489,-0.030309467366331333,-0.3725765665598003,0,philippines,thailand
-0.2593585365853659,-0.5975609756097557,-4.2926829268292686,-0.8303536585365849,-0.6341463414634143,-0.15853658536585424,-0.2804878048780477,-0.11075243450699307,-0.022840361512931395,-0.11525271527547265,0,mongolia,guatemala
0.05630243902439025,0.7439024390243905,0.9756097560975618,0.2529987804878049,0.3292682926829271,0.7317073170731705,1.5975609756097544,0.009106159686792181,0.027782185039573526,-0.25676334651810495,1,pakistan,mexico
-0.07156341463414617,-0.9024390243902438,2.6219512195121943,-0.1039243902439031,-0.4878048780487805,0.2804878048780486,0.39024390243902474,-0.011043838109757398,0.033552484713764374,0.2870773170633929,0,mexico,brazil
0.13131341463414614,1.1341463414634143,-0.15853658536585158,0.380667073170732,0.6951219512195119,0.19512195121951237,0.4024390243902438,0.04575739917724153,-0.033595697113247835,-0.11739248696327542,1,brazil,new_zealand
-0.02987560975609771,0.43902439024390283,0.19512195121951237,-0.06728292682926851,0.31707317073170715,-1.975609756097561,-4.219512195121952,0.006285510231134606,-0.015302449857822809,-0.09007160101088163,1,ethiopia,oman
0.014485365853658783,-0.8414634146341466,-1.6585365853658551,-0.040064634146341316,-0.4512195121951219,0.5609756097560981,1.1463414634146343,-0.03132811231794308,-0.014302672625588042,0.13551550455002925,1,new_zealand,peru
-0.04341707317073151,0.4024390243902438,0.9634146341463428,0.018758536585365526,0.19512195121951237,-0.17073170731707332,-0.2804878048780477,-0.019278377516110057,0.012151435470939276,0.009703033684208662,0,panama,china
0.0956073170731706,0.5975609756097562,3.463414634146339,0.3645768292682927,0.3536585365853657,-1.3292682926829267,-2.7560975609756095,0.04405952470519381,0.021854175899880812,-0.02180238655501987,1,serbia,usa
-0.0026865853658535332,-0.5731707317073171,-1.8536585365853675,-0.10206585365853638,-0.3292682926829267,-0.06097560975609717,0.012195121951220855,0.008016583280880507,0.02899435458596744,-0.032760459762748884,1,canada,morocco
0.18736341463414652,0.7317073170731709,1.073170731707318,0.24703780487804838,0.5487804878048781,2.01219512195122,4.2926829268292686,0.00660109834012329,-0.02717561486390746,-0.21508263851908993,1,iceland,kazakhstan
-0.193269512195122,-0.6219512195121952,1.2926829268292686,-0.2830097560975613,-0.3902439024390243,-0.5121951219512191,-0.9146341463414629,-0.0113997422509593,0.0133190893256383,-0.17962940641029757,1,indonesia,germany
0.0014024390243905227,0.30487804878048763,1.4634146341463428,0.0830939024390247,0.34146341463414664,0.8902439024390238,2.1097560975609753,-0.037750035221791434,0.008756237597968564,0.017228632800236343,1,vietnam,saudi_arabia
-0.25715975609756114,-0.7317073170731709,-1.914634146341463,-0.7482975609756095,-0.4878048780487805,1.9024390243902438,3.9268292682926838,-0.06850832543306479,-0.039497228986579536,-0.18989554044405388,1,switzerland,france
-0.056578048780487666,-0.5853658536585371,-4.097560975609756,-0.21169024390243862,-0.5487804878048781,-2.4268292682926838,-5.109756097560977,0.03262072465228283,-0.023826432169032574,-0.34520348819113367,1,netherlands,south_korea
-0.11690731707317092,-0.32926829268292623,-0.3170731707317067,-0.12468658536585409,-0.04878048780487809,-2.7804878048780477,-5.670731707317074,0.004703580925611295,-0.0057097567109749,-0.2675523224498034,1,philippines,rwanda
0.3248317073170732,0.9878048780487805,3.914634146341463,0.7916719512195121,0.5121951219512195,-0.9512195121951219,-2.2073170731707314,0.06861668424296169,0.06481934358293828,-0.17191577231951827,0,uk,uae
0.16475487804878042,1.1463414634146343,0.4390243902439046,0.5935353658536586,0.9024390243902438,-1.1829268292682915,-2.4024390243902456,0.08018712464582967,-0.007214096088789923,-0.20195159138256225,1,brazil,rwanda
-0.0864841463414634,-0.7195121951219514,1.0243902439024382,-0.2156682926829263,-0.41463414634146334,-1.585365853658537,-3.2682926829268304,0.042472204361317045,0.04643807610501122,-0.0709972192412821,0,india,singapore
-0.2356548780487806,-1.0731707317073171,-3.9634146341463428,-0.6993634146341465,-0.5975609756097562,1.0,2.02439024390244,-0.046311809217267075,-0.04244776758990476,0.04043112269570215,1,saudi_arabia,uk
-0.19098902439024368,-0.5975609756097562,-1.085365853658537,-0.36754390243902435,-0.19512195121951192,1.2073170731707314,2.7317073170731714,-0.08209469217031029,-0.009423021661770115,0.08495702328176546,0,vietnam,china
0.25715975609756114,0.7317073170731709,1.914634146341463,0.7482975609756095,0.4878048780487805,-1.9024390243902438,-3.9268292682926838,0.06850832543306479,0.039497228986579536,0.18989554044405388,1,france,switzerland
-0.10696097560975626,-0.4756097560975605,-4.7195121951219505,-0.3601292682926829,-0.34146341463414664,-0.47560975609756095,-0.9512195121951219,-0.03161469503746228,-0.017277292532964172,0.24228449940596175,0,kazakhstan,india
-0.2710926829268292,-1.25609756097561,-2.1219512195121943,-0.6319621951219512,-1.0731707317073167,-0.7073170731707323,-1.390243902439023,-0.0654327707289683,-0.00849987496189486,-0.04074183343835158,0,mongolia,ethiopia
0.05155853658536591,-0.30487804878048763,0.6341463414634134,0.029737804878049,-0.024390243902439046,3.634146341463415,7.548780487804878,-0.07069797766196334,-0.022167510540727298,0.17366404634534316,0,oman,netherlands
0.08736463414634144,0.8048780487804876,0.32926829268292934,0.1990402439024388,0.4024390243902438,-0.4146341463414638,-0.8048780487804876,0.007614140252472867,-0.005029458814781562,-0.21964149641830355,0,panama,canada
-0.04180243902439029,-0.6707317073170733,0.9878048780487809,-0.01625243902439033,-0.29268292682926855,-0.5,-1.073170731707318,0.05936123510325475,0.015204887299538061,0.14125792864553754,0,guatemala,singapore
0.08629146341463412,0.2682926829268295,-2.402439024390244,0.06830731707317073,0.24390243902439002,3.609756097560976,7.52439024390244,-0.034716143267221666,-0.030271225498686882,0.2278158670605802,0,oman,india
0.1886634146341466,0.5975609756097566,1.5,0.22764634146341445,0.4390243902439024,1.1829268292682924,2.3414634146341466,0.013739564329375176,0.021042133202484326,-0.22846931264415937,0,iceland,uae
-0.21914146341463403,-1.4390243902439028,-2.085365853658537,-0.6521012195121947,-0.9146341463414633,-0.21951219512195053,-0.47560975609756184,-0.06471216869071805,0.0017818903691014798,-0.1895833485292837,0,new_zealand,thailand
-0.11690731707317092,-0.32926829268292623,-0.3170731707317067,-0.12468658536585409,-0.04878048780487809,-2.7804878048780477,-5.670731707317074,0.004703580925611295,-0.0057097567109749,-0.2675523224498034,1,philippines,rwanda
0.04479268292682903,0.4024390243902438,-2.6951219512195124,-0.09805487804878021,0.03658536585365857,-1.5975609756097562,-3.085365853658537,-0.006308665236378408,-0.03049493976113299,-0.28423975812814783,0,china,mexico
-0.11609268292682917,0.4024390243902438,2.573170731707318,-0.03736951219512186,0.3170731707317076,-0.9390243902439028,-1.8780487804878057,-0.014564407486907183,0.029440338747322325,-0.030716406114454475,0,indonesia,saudi_arabia
-0.14366219512195122,-0.2682926829268286,0.365853658536583,-0.40316341463414673,-0.10975609756097571,0.2317073170731705,0.4146341463414629,-0.07367950732972217,-0.017571925057294546,0.0841236915592577,0,ethiopia,brazil
-0.19344512195121966,-1.195121951219512,-3.6951219512195124,-0.5757975609756092,-0.75609756097561,-2.060975609756098,-4.219512195121952,0.010857509323854764,0.029160783572047044,0.17128728016467965,0,kazakhstan,singapore
-0.09131097560975587,-1.1585365853658542,-1.060975609756099,-0.25025975609756035,-0.8170731707317072,-2.4024390243902447,-5.085365853658539,-0.0033611097424588454,-0.01572271721107299,-0.3993553089063707,0,india,south_korea
0.06289390243902426,0.7682926829268295,3.573170731707318,0.28932804878048746,0.31707317073170715,-0.9024390243902438,-2.2195121951219523,0.04718559112084686,-0.0023904386384764886,0.17714796658349563,1,morocco,vietnam
-0.044328048780487794,-0.24390243902439046,2.426829268292682,0.10116097560975579,-0.10975609756097571,-1.0365853658536581,-2.1585365853658534,0.051739208959788785,0.013025131352757569,-0.008448775686369592,1,guatemala,usa
0.23425243902439008,0.7682926829268295,2.5,0.6162695121951218,0.25609756097560954,-1.8902439024390238,-4.134146341463415,0.08406184443905851,0.0336915299919362,-0.05765975549593849,0,uk,vietnam
-0.130537804878049,-0.1341463414634143,-1.7804878048780495,-0.4896768292682925,-0.08536585365853666,-1.7682926829268295,-3.5365853658536572,-0.012491608436333235,-0.013436300014502023,-0.04843698813204178,0,peru,pakistan
0.018056097560975592,0.5853658536585362,-0.18292682926828974,-0.11216097560975635,0.17073170731707332,0.06097560975609717,0.23170731707317138,-0.016377148110968354,-0.019133897394584598,-0.29190353417358317,1,panama,france
0.04376585365853658,0.19512195121951237,-0.39024390243902474,0.046380487804878356,0.2317073170731705,3.2804878048780486,6.804878048780488,-0.03571999644613805,-0.02250791443782396,-0.05798679646761795,0,oman,canada
0.13616829268292663,0.39024390243902385,2.414634146341463,0.5640256097560976,0.07317073170731714,-2.1341463414634143,-4.548780487804878,0.054877119913586514,0.04377721038045396,0.056553540324641105,1,uk,iceland
0.16635365853658546,0.9390243902439024,1.2317073170731696,0.33794878048780497,0.6219512195121952,-0.37804878048780566,-1.1463414634146343,0.01914020978974673,0.038492825414717546,0.01742835067202697,0,germany,uae
-0.3992939024390243,-1.4390243902439024,-5.329268292682926,-1.0937695121951219,-1.0975609756097557,0.1341463414634143,0.3170731707317085,-0.1030727502523981,-0.03166940606005464,-0.10189910440682237,0,mongolia,serbia
-0.18005853658536597,-1.0121951219512195,-0.37804878048780566,-0.4537390243902437,-0.5121951219512195,1.7804878048780495,3.634146341463415,-0.07949501828544886,-0.025052386509679836,0.11401734012418685,0,switzerland,netherlands
0.17330731707317049,0.47560975609756095,-2.6463414634146325,0.20220853658536564,0.21951219512195097,0.0853658536585371,0.19512195121951237,0.027896370947499305,-0.02494420534658376,0.05645813342568595,1,china,india
-0.06429634146341479,-1.0731707317073171,-5.036585365853661,-0.37242195121951216,-0.6585365853658538,0.012195121951219967,0.10975609756097704,-0.009435555899055426,-0.006365798959492075,-0.19437659938373197,1,saudi_arabia,morocco
0.09319146341463425,0.24390243902439046,3.060975609756099,0.4896109756097555,0.41463414634146334,-0.9024390243902429,-2.012195121951221,0.06914328653607227,0.02633838862497445,0.08512572568083066,1,mexico,rwanda
0.17607195121951214,0.9878048780487809,1.1707317073170742,0.3424939024390241,0.6463414634146343,1.5731707317073162,3.2804878048780495,0.03920850226475403,-0.002529071074008904,0.0025317086995222393,1,thailand,france
-0.29287804878048784,-1.231707317073171,-6.1463414634146325,-0.8035695121951218,-0.8170731707317072,-0.43902439024390194,-0.5975609756097562,-0.047962507514056896,-0.043090896341006046,0.05676963651286182,1,uae,serbia
-0.05492682926829273,0.06097560975609717,-2.7073170731707314,-0.3322951219512196,-0.09756097560975618,-2.5,-4.963414634146339,-0.034693202439280646,-0.04612568932976724,-0.01777337792583422,0,panama,pakistan
-0.01389024390243887,-0.6341463414634152,0.19512195121951237,0.02090243902439015,-0.5487804878048776,-1.3048780487804876,-2.5853658536585353,0.02943448621500344,0.03781036429564677,0.14805839747849958,0,canada,ethiopia
0.12626585365853682,0.5487804878048776,3.2926829268292686,0.5134499999999997,0.4024390243902438,1.2804878048780486,2.5731707317073162,0.047123700168520966,-0.004735777884073034,0.22423530446361994,1,guatemala,philippines
-0.03091707317073178,0.30487804878048763,-1.4512195121951237,-0.10104390243902417,0.1585365853658538,-2.1463414634146343,-4.5,0.015237226980883645,0.017256104973592312,0.05239560062986892,0,germany,usa
0.11378658536585351,0.7073170731707314,-0.17073170731707066,0.3358804878048782,0.42682926829268286,-2.2073170731707314,-4.634146341463415,0.07996501756085678,0.0022694751994717377,-0.17419529257013933,1,brazil,oman
0.22648780487804876,1.1829268292682933,3.6829268292682933,0.5360585365853656,0.8170731707317072,2.939024390243903,6.146341463414636,0.03437380323038558,0.0294058430700731,0.3058851911136101,0,south_korea,indonesia
-0.10473658536585351,-0.3536585365853657,-0.2682926829268304,-0.1178060975609756,-0.03658536585365857,0.4512195121951219,0.8902439024390247,-0.004868381673889921,0.007016824535357791,0.27430930007196486,1,france,uk
0.20750365853658526,1.024390243902439,3.3170731707317067,0.7887134146341461,0.6829268292682928,-0.10975609756097615,-0.3780487804878039,0.08921724050445062,0.048264963841802844,0.3333945490961282,1,thailand,iceland
0.21409024390243925,0.28048780487804903,1.0,0.43869024390243894,0.21951219512195141,-0.5487804878048781,-1.1219512195121961,0.043004659007100765,0.03875004828167211,0.002843900614292405,1,new_zealand,switzerland
-0.13586341463414642,-1.1829268292682928,-2.573170731707318,-0.377619512195122,-0.7073170731707319,-0.8414634146341458,-1.7195121951219505,-0.06105425686091992,-0.046394030361020855,-0.04747771348048735,1,philippines,peru
-0.08927926829268307,-0.3536585365853653,-0.9878048780487809,-0.19479390243902417,-0.3658536585365857,-1.7682926829268295,-3.8780487804878057,0.022583626185348704,0.0170899344753897,0.10086934269851033,1,kazakhstan,vietnam
0.3011609756097562,1.268292682926829,3.3048780487804876,0.8466060975609753,0.9268292682926829,0.6585365853658542,1.3536585365853657,0.05139119940373832,0.007635474213393334,-0.026005213370064895,0,singapore,mongolia
0.019546341463414496,0.10975609756097615,2.2804878048780495,0.025015853658536535,0.1585365853658538,0.6707317073170733,1.3658536585365848,-0.005162246960405015,0.028000334397580318,-0.018654263811549998,0,peru,netherlands
0.09330609756097563,-0.2682926829268295,-0.06097560975609895,0.21257195121951256,-0.23170731707317094,-1.6097560975609762,-3.4878048780487827,0.0058482367448838835,-0.0381268614694229,-0.20045377188820135,1,serbia,south_korea
-0.08787682926829254,-0.04878048780487765,0.47560975609756184,-0.11169999999999947,-0.024390243902439046,-0.8780487804878057,-1.7682926829268304,-0.01516640903644273,0.025846172073358264,0.11809797549874668,1,kazakhstan,saudi_arabia
0.24269390243902444,0.6341463414634152,-0.1707317073170742,0.5516292682926829,0.5487804878048781,1.0365853658536581,2.2560975609756113,0.07121637390907576,0.04056972209176157,0.042033286692052974,1,thailand,morocco
-0.018956097560975493,-0.8536585365853666,-2.2560975609756113,-0.25293292682926793,-0.6585365853658538,1.939024390243902,3.9512195121951237,-0.06575783778653121,-0.040684273650045955,0.22007460896931608,0,rwanda,peru
0.10441463414634145,0.5609756097560972,4.670731707317074,0.6663536585365852,0.3048780487804881,0.8780487804878048,1.5365853658536572,0.06832479256800889,0.07778582685099439,0.056732684148857015,0,pakistan,iceland
-0.08668048780487791,0.2317073170731705,-0.45121951219512013,-0.22996707317073195,0.13414634146341475,0.5121951219512191,1.1219512195121961,-0.021245529784858275,-0.012117072859226807,-0.01759423410161831,0,panama,uk
0.21409024390243925,0.28048780487804903,1.0,0.43869024390243894,0.21951219512195141,-0.5487804878048781,-1.1219512195121961,0.043004659007100765,0.03875004828167211,0.002843900614292405,1,new_zealand,switzerland
0.017681707317073192,0.12195121951219523,3.7317073170731696,0.1653353658536587,-0.024390243902439046,-1.2926829268292686,-2.9268292682926838,0.054198321222810986,0.03436722700835387,-0.14141515670745142,1,india,vietnam
-0.13078170731707295,-0.4024390243902438,0.6341463414634134,-0.18028170731707327,-0.20731707317073145,0.24390243902439046,0.5243902439024399,-0.026892517768582924,0.017180894285720838,0.2293445301025122,0,canada,china
0.1174951219512197,-0.09756097560975618,-1.1097560975609753,0.12046341463414656,0.024390243902439046,1.8292682926829267,3.987804878048781,-0.02318562773488425,-0.020684101149353762,0.04794503891469082,0,vietnam,indonesia
-0.13967682926829283,-1.0975609756097557,0.5853658536585371,-0.3112451219512198,-0.6707317073170733,-0.17073170731707243,-0.2317073170731696,-0.010621718189615825,0.0005048042632382899,-0.28507968077985846,0,philippines,germany
0.14366219512195122,0.2682926829268286,-0.365853658536583,0.40316341463414673,0.10975609756097571,-0.2317073170731705,-0.4146341463414629,0.07367950732972217,0.017571925057294546,-0.0841236915592577,1,brazil,ethiopia
0.0890097560975609,0.29268292682926855,-2.463414634146339,0.09825487804878019,0.2317073170731705,2.1219512195121952,4.353658536585366,-0.03485017821785108,-0.044258320158230724,0.22070392357318924,1,usa,india
0.3009682926829269,0.8170731707317072,1.926829268292682,0.6992451219512197,0.7560975609756095,2.6829268292682933,5.609756097560975,0.0591472604978337,0.02380232481971767,0.1308134344492332,0,oman,mongolia
-0.15294268292682944,-0.3902439024390243,-5.109756097560975,-0.5401536585365849,-0.3536585365853657,-0.7317073170731705,-1.1951219512195124,-0.05564219176865187,-0.0342618517938828,0.04341602564421154,1,uae,guatemala
-0.09378170731707325,0.5,-3.085365853658537,-0.26169390243902413,0.08536585365853666,-1.7073170731707323,-3.3048780487804876,0.0017767982108639613,-0.013654449372508815,-0.28654607083859673,1,netherlands,mexico
-0.025349999999999984,0.42682926829268286,0.47560975609756184,-0.11745975609756121,0.17073170731707332,1.7317073170731705,3.585365853658537,-0.06746734590367465,-0.05277920362395133,-0.2870674820421957,1,singapore,france
-0.2298134146341464,-0.6829268292682933,-3.585365853658537,-0.6784109756097556,-0.5,-1.451219512195122,-3.109756097560977,-0.08381659504407907,-0.030814271629569623,-0.08749688577994186,0,germany,thailand
-0.06160975609756125,-0.5,-3.1829268292682933,-0.2703560975609758,-0.3292682926829271,0.07317073170731714,0.09756097560975618,-0.017452139179935933,-0.035360153545459516,-0.1616161396209831,1,saudi_arabia,canada
-0.04376585365853658,-0.19512195121951237,0.39024390243902474,-0.046380487804878356,-0.2317073170731705,-3.2804878048780486,-6.804878048780488,0.03571999644613805,0.02250791443782396,0.05798679646761795,0,canada,oman
-0.20390121951219542,-1.2439024390243905,-6.219512195121954,-0.8016914634146342,-0.8292682926829271,-2.012195121951219,-4.060975609756095,-0.059759481871689446,-0.07645638406044519,0.04025197887148624,0,saudi_arabia,pakistan
-0.29157804878048776,-1.3658536585365852,-5.7195121951219505,-0.8229609756097558,-0.9268292682926829,-1.2682926829268295,-2.548780487804878,-0.04082404152480501,0.005126851725385739,0.04338296238779238,1,kazakhstan,serbia
-0.021092682926829198,-0.8780487804878057,-0.8048780487804876,-0.1903719512195119,-0.7926829268292681,0.951219512195121,1.9878048780487827,-0.006507617316107495,0.02478602114608447,0.11782789982330455,0,rwanda,ethiopia
-0.3011609756097562,-1.268292682926829,-3.3048780487804876,-0.8466060975609753,-0.9268292682926829,-0.6585365853658542,-1.3536585365853657,-0.05139119940373832,-0.007635474213393334,0.026005213370064895,1,mongolia,singapore
0.1894560975609756,0.7073170731707323,1.8658536585365866,0.34938414634146353,0.42682926829268286,1.1829268292682924,2.402439024390244,0.061832280922263394,0.033579745298620844,-0.05797256088907354,0,peru,indonesia
-0.12809512195121942,0.17073170731707332,2.487804878048781,-0.0782158536585369,0.12195121951219523,0.30487804878048763,0.5121951219512191,-0.03490910104946343,-0.011813460300246603,0.2621049898652611,1,morocco,china
0.08520853658536587,0.8292682926829267,-1.6463414634146325,0.021551219512195186,0.29268292682926855,-1.1707317073170733,-2.2804878048780477,-0.008271037310548457,0.018440418929828672,-0.14609398077692504,0,panama,guatemala
-0.0890097560975609,-0.29268292682926855,2.463414634146339,-0.09825487804878019,-0.2317073170731705,-2.1219512195121952,-4.353658536585366,0.03485017821785108,0.044258320158230724,-0.22070392357318924,1,india,usa
0.1728951219512196,1.6585365853658538,4.390243902439025,0.5642939024390241,1.0975609756097562,2.597560975609756,5.463414634146343,0.033595779169042106,0.04222012813247311,0.411335465483171,1,south_korea,philippines
0.06662195121951231,-0.3536585365853657,-1.3414634146341484,0.20913536585365877,-0.09756097560975618,-0.5365853658536581,-1.0243902439024382,0.03200787164432173,0.04309879316577048,0.039501577992530734,1,france,morocco
-0.02230975609756114,0.34146341463414576,-0.2682926829268304,0.11030243902439052,0.18292682926829285,-1.560975609756098,-3.487804878048781,0.005400645460371556,0.01745069221223322,0.24589766331618634,1,germany,iceland
0.048112195121951196,-0.1829268292682933,3.6951219512195124,0.41335487804878035,-0.024390243902439046,0.14634146341463428,-0.06097560975609717,0.059218632881216704,0.05000364181142086,0.31349603066696197,1,mexico,iceland
-0.21409024390243925,-0.28048780487804903,-1.0,-0.43869024390243894,-0.21951219512195141,0.5487804878048781,1.1219512195121961,-0.043004659007100765,-0.03875004828167211,-0.002843900614292405,1,switzerland,new_zealand
0.0524146341463414,0.6951219512195124,0.6951219512195124,0.20390487804878044,0.24390243902439002,-1.3170731707317076,-2.951219512195122,0.09018015561755266,0.02626351205039429,-0.08726333599221436,0,netherlands,vietnam
-0.22572804878048802,-0.6951219512195128,0.2317073170731696,-0.3020780487804875,-0.4512195121951219,0.21951219512195141,0.2682926829268304,-0.018499587193368194,0.011296805929232212,0.14096729995255208,0,switzerland,iceland
-0.11631707317073192,-1.0731707317073167,-0.29268292682926855,-0.3526036585365855,-0.5487804878048781,-0.17073170731707243,-0.3536585365853657,-0.06621650382132493,-0.018393695963440537,-0.06613197729203735,1,philippines,netherlands
0.2815682926829268,0.8170731707317072,2.5,0.5429463414634146,0.4512195121951219,-0.2682926829268295,-0.8048780487804876,0.06664953197421347,0.0405508352527722,-0.19921304010534524,1,china,uae
0.08782804878048789,0.3048780487804885,2.2439024390243887,0.2714341463414627,0.21951219512195141,0.024390243902438158,0.07317073170731803,0.01895476951347652,0.031813806744146356,0.30697583549255913,0,thailand,brazil
0.0890097560975609,0.29268292682926855,-2.463414634146339,0.09825487804878019,0.2317073170731705,2.1219512195121952,4.353658536585366,-0.03485017821785108,-0.044258320158230724,0.22070392357318924,1,usa,india
0.1399353658536584,0.8414634146341466,1.0365853658536572,0.2634158536585369,0.46341463414634143,-0.29268292682926855,-0.5975609756097562,-0.007679684254594976,0.008829044547123244,-0.013353610868650279,0,serbia,guatemala
-0.0890097560975609,-0.29268292682926855,2.463414634146339,-0.09825487804878019,-0.2317073170731705,-2.1219512195121952,-4.353658536585366,0.03485017821785108,0.044258320158230724,-0.22070392357318924,1,india,usa
-0.00020000000000020002,0.07317073170731714,-0.02439024390244171,-0.09043048780487783,0.0731707317073167,-1.6219512195121952,-3.2804878048780477,-0.034101849383327165,-0.05573706371247267,0.11496699198244054,1,serbia,pakistan
-0.11521463414634137,0.12195121951219523,-1.2682926829268304,-0.20499756097560962,0.17073170731707332,-0.10975609756097615,-0.34146341463414664,-0.04750932218446674,-0.002058009838054653,0.2166413907773722,0,germany,china
-0.07423536585365875,0.6097560975609762,-0.8048780487804876,-0.2366780487804876,0.24390243902439046,-1.036585365853659,-1.9390243902439028,-0.0033854487495410535,0.014345885025071503,-0.30520033465014673,0,peru,mexico
0.29307804878048804,1.1585365853658538,6.170731707317074,0.8939999999999997,0.7439024390243905,2.060975609756097,3.878048780487804,0.08206435689738406,0.09882796005347871,-0.17173662849530236,1,pakistan,uae
0.009948780487804898,-0.524390243902439,3.0,0.16084634146341426,-0.14634146341463428,1.1097560975609762,2.2195121951219505,-0.01909280365280397,-0.02312947384751357,0.1581033271715826,1,guatemala,netherlands
-0.17607195121951214,-0.9878048780487809,-1.1707317073170742,-0.3424939024390241,-0.6463414634146343,-1.5731707317073162,-3.2804878048780495,-0.03920850226475403,0.002529071074008904,-0.0025317086995222393,1,france,thailand
-0.054407317073170924,-0.25609756097560954,-2.1829268292682933,-0.05908170731707374,-0.08536585365853666,-2.1829268292682915,-4.475609756097562,0.018489964351175003,-0.022335810395897215,-0.13138564196578806,1,saudi_arabia,rwanda
-0.16015487804878048,0.06097560975609806,-0.9756097560975618,-0.4499097560975609,0.2804878048780486,2.2317073170731705,4.512195121951219,-0.058294156252334584,-0.044897978340092015,0.05398886483818566,0,ethiopia,uk
-0.19827195121951213,-1.6341463414634148,-5.7804878048780495,-0.6103890243902432,-1.1585365853658538,-2.8780487804878057,-6.036585365853661,-0.03497580477992113,-0.03300000974403716,-0.15707080950040897,1,kazakhstan,south_korea
0.04107926829268305,-0.37804878048780477,-2.2439024390243922,-0.05568536585365802,-0.09756097560975618,3.2195121951219514,6.8170731707317085,-0.02770341316525754,0.00648644014814348,-0.09074725623036684,1,oman,morocco
0.05359268292682917,-0.4756097560975605,-0.7073170731707314,-0.02823536585365849,-0.28048780487804903,0.34146341463414664,0.6829268292682933,0.0007780240613434741,-0.01281428506240001,-0.10545027436956089,1,philippines,indonesia
0.2710926829268292,1.25609756097561,2.1219512195121943,0.6319621951219512,1.0731707317073167,0.7073170731707323,1.390243902439023,0.0654327707289683,0.00849987496189486,0.04074183343835158,1,ethiopia,mongolia
0.01771951219512191,0.8780487804878048,1.3902439024390247,0.19214756097560937,0.4390243902439024,0.37804878048780477,0.7804878048780495,-0.041963679477710625,-0.05203202291904391,-0.1000158422124342,1,singapore,new_zealand
0.05472682926829253,0.012195121951219967,2.6829268292682897,0.24186463414634174,0.17073170731707288,0.8780487804878048,1.6829268292682915,0.0005913530559534808,-0.009611374382705429,0.13274036990827476,0,serbia,panama
-0.03787682926829272,-0.1829268292682933,1.6341463414634134,0.13501829268292687,-0.19512195121951192,-1.2073170731707314,-2.6219512195121943,0.026017449876255372,0.03668959633600871,0.25860080264132634,0,canada,iceland
-0.12764390243902457,-0.31707317073170715,0.3170731707317067,-0.24983414634146328,-0.2682926829268295,0.4634146341463419,0.6829268292682933,0.0106851373321038,0.0012111255407144528,0.026754004131972486,1,switzerland,vietnam
-0.4147548780487804,-1.5243902439024386,-1.7560975609756113,-1.035125609756098,-1.1829268292682924,-0.47560975609756184,-0.9756097560975601,-0.13911227805869048,-0.026071800019189406,0.043381858120906114,0,mongolia,brazil
0.054407317073170924,0.25609756097560954,2.1829268292682933,0.05908170731707374,0.08536585365853666,2.1829268292682915,4.475609756097562,-0.018489964351175003,0.022335810395897215,0.13138564196578806,1,rwanda,saudi_arabia
-0.2298134146341464,-0.6829268292682933,-3.585365853658537,-0.6784109756097556,-0.5,-1.451219512195122,-3.109756097560977,-0.08381659504407907,-0.030814271629569623,-0.08749688577994186,0,germany,thailand
-0.061473170731707105,-0.1829268292682924,1.1463414634146325,0.13091951219512188,0.024390243902439046,-0.2317073170731705,-0.5121951219512191,-0.002901229405141703,0.031285332865523874,0.30160656785779183,0,france,china
-0.1284012195121953,-0.10975609756097526,-3.231707317073173,-0.5522378048780485,0.04878048780487765,-0.7804878048780486,-1.5731707317073162,-0.07174182890675695,-0.07890659481063245,0.05380972101396975,0,ethiopia,pakistan
-0.3352548780487805,-1.0,-0.04878048780487987,-0.6899865853658542,-0.6707317073170729,-1.9390243902439028,-3.951219512195122,-0.07626156778156185,0.014318624440215033,0.03984954330231971,0,indonesia,brazil
-0.19727073170731724,-0.6341463414634148,-2.6829268292682933,-0.43899268292682914,-0.46341463414634143,-1.7682926829268286,-3.3536585365853657,-0.003902982808863087,-0.021236720441125234,0.03496724995784195,1,uae,usa
0.16254024390243904,1.0243902439024395,4.390243902439025,0.4043231707317072,0.6585365853658538,0.29268292682926766,0.34146341463414664,0.06957274846105083,0.08539166003897669,-0.22017361662734414,0,peru,uae
-0.05610243902439005,-0.8170731707317076,-0.9512195121951201,-0.16256829268292705,-0.4024390243902438,0.8902439024390247,1.6829268292682933,0.024995689696534984,0.02795487867289914,0.14179635453566442,1,mexico,serbia
0.06876463414634149,-0.15853658536585336,-2.414634146341463,0.023520731707316944,-0.024390243902439046,1.2073170731707323,2.487804878048781,-0.0005085248836064205,0.005593946814032691,0.1710130614537163,0,new_zealand,india
0.25720243902439033,0.6219512195121948,2.3170731707317067,0.6528646341463413,0.524390243902439,-0.5975609756097553,-1.1951219512195124,0.09486725694397175,0.04631023925754163,0.18880023091685116,1,canada,mongolia
-0.05427682926829269,0.2804878048780486,-0.573170731707318,-0.05968536585365847,0.03658536585365857,-2.1463414634146343,-4.378048780487804,0.07083201261259275,0.03615460520027114,-0.1665521028579522,1,netherlands,usa
0.19344512195121966,1.195121951219512,3.6951219512195124,0.5757975609756092,0.75609756097561,2.060975609756098,4.219512195121952,-0.010857509323854764,-0.029160783572047044,-0.17128728016467965,1,singapore,kazakhstan
0.0623634146341463,0.17073170731707332,3.6951219512195124,0.3647512195121947,0.09756097560975574,-0.20731707317073145,-0.7317073170731714,0.07108735196474869,0.003134038202880718,0.07083999117936823,0,guatemala,vietnam
-0.010908536585365614,-0.9024390243902438,-4.7073170731707314,-0.36335121951219485,-0.6097560975609757,-0.8658536585365857,-1.7439024390243922,-0.028374706439797837,-0.06017562460794462,-0.3721534480194989,1,iceland,south_korea
-0.2114743902439027,-1.3780487804878043,-1.646341463414636,-0.5350012195121949,-0.6951219512195124,-0.10975609756097526,-0.29268292682926855,-0.03885266285797251,-0.013704641045755639,-0.07814132368669491,0,philippines,panama
-0.04107926829268305,0.37804878048780477,2.2439024390243922,0.05568536585365802,0.09756097560975618,-3.2195121951219514,-6.8170731707317085,0.02770341316525754,-0.00648644014814348,0.09074725623036684,1,morocco,oman
0.017526829268292632,0.42682926829268286,0.012195121951219079,0.04478658536585378,0.26829268292682906,2.402439024390244,5.036585365853659,-0.034207618383615246,-0.03586517231271957,0.056802805606863904,1,oman,new_zealand
-0.36189634146341465,-1.0853658536585367,-2.1829268292682933,-0.8661036585365851,-0.524390243902439,2.3536585365853657,4.8170731707317085,-0.07337670710695471,-0.032480404451221745,0.08441375962791098,1,switzerland,uk
-0.11183414634146338,-0.29268292682926855,1.5,-0.3331280487804875,-0.24390243902439002,0.1463414634146334,0.3170731707317067,-0.024995141542357602,-0.006341127518940115,-0.3580647012834778,1,india,france
0.2548914634146342,0.9756097560975605,0.6829268292682933,0.5162426829268294,0.5,0.2804878048780486,0.5731707317073162,0.058131040374082565,0.0015532055748163631,0.06843829000248625,1,china,philippines
0.014485365853658783,-0.8414634146341466,-1.6585365853658551,-0.040064634146341316,-0.4512195121951219,0.5609756097560981,1.1463414634146343,-0.03132811231794308,-0.014302672625588042,0.13551550455002925,0,new_zealand,peru
-0.0014024390243905227,-0.30487804878048763,-1.4634146341463428,-0.0830939024390247,-0.34146341463414664,-0.8902439024390238,-2.1097560975609753,0.037750035221791434,-0.008756237597968564,-0.017228632800236343,0,saudi_arabia,vietnam
0.010479268292682864,0.07317073170731714,2.8780487804878057,0.08542317073170702,0.07317073170731714,0.4146341463414638,0.7317073170731696,-0.0429945644967058,-0.028653950688870777,0.26441130257571,1,morocco,netherlands
-0.055987804878048664,-1.3292682926829276,-4.073170731707318,-0.43960731707317,-1.048780487804878,0.1829268292682915,0.20731707317073145,-0.0382993600946534,-0.03651037142149821,-0.1437831430333676,0,rwanda,south_korea
0.023986585365853852,-0.4512195121951219,-1.439024390243901,-0.11411585365853671,-0.3536585365853657,-0.09756097560975618,0.03658536585365901,0.0034170363387480696,0.0011207679596380582,-0.11054240516282676,0,iceland,ethiopia
0.36189634146341465,1.0853658536585367,2.1829268292682933,0.8661036585365851,0.524390243902439,-2.3536585365853657,-4.8170731707317085,0.07337670710695471,0.032480404451221745,-0.08441375962791098,1,uk,switzerland
0.3994939024390245,1.3658536585365852,5.3536585365853675,1.1841999999999997,1.024390243902439,1.487804878048781,2.963414634146339,0.13717459963572526,0.0874064697725273,-0.013067887575618164,1,pakistan,mongolia
-0.01649268292682926,0.3292682926829267,-1.3414634146341449,-0.046746341463414165,0.3902439024390243,2.0,4.097560975609756,0.015385351077387588,-0.02732605328279747,-0.03013482672107204,1,brazil,uk
0.10328902439024401,0.39024390243902474,-1.3292682926829258,0.21279024390243872,0.3048780487804881,0.6341463414634143,1.3658536585365866,0.0549942973197689,0.026216200703281123,0.16169487296483065,1,thailand,serbia
0.040880487804878074,0.5853658536585362,0.7804878048780495,0.12271219512195097,0.18292682926829285,-2.2073170731707314,-4.439024390243901,0.04346817164924033,0.03146555028258624,-0.15454275646329463,1,panama,usa
0.15539634146341452,0.9268292682926829,-2.5365853658536572,0.20477195121951297,0.5487804878048781,0.3170731707317076,0.6951219512195124,0.028359843551697406,0.003231438506258011,-0.15863457339637876,1,brazil,guatemala
0.26369146341463434,0.09756097560975618,2.670731707317074,0.5860621951219511,0.1829268292682924,2.2195121951219514,4.341463414634147,0.06521772967180445,0.01923386027354934,0.2472277737610732,0,mexico,indonesia
-0.19474512195121974,-1.0609756097560976,-4.121951219512194,-0.5564060975609753,-0.6463414634146343,-1.2317073170731705,-2.2682926829268304,0.0037190433346028784,-0.01905696449434474,0.1846739542897491,0,uae,singapore
0.19325243902439038,0.74390243902439,2.3170731707317067,0.4284365853658536,0.5853658536585367,4.085365853658537,8.475609756097562,-0.003101448229759385,-0.01299393296572271,-0.014468632345381538,1,oman,kazakhstan
-0.015567073170731582,-0.524390243902439,1.9024390243902438,0.024715853658536346,-0.37804878048780477,0.3536585365853666,0.8658536585365866,0.020616804415883816,0.01923890412377549,0.01270313932514,0,canada,germany
-0.009889024390243861,-0.8170731707317076,-2.8536585365853675,-0.3133402439024384,-0.5731707317073171,2.1951219512195115,4.585365853658539,-0.02792552025023043,0.01597001143640514,-0.06299095741794392,1,rwanda,morocco
0.0719609756097559,0.8048780487804885,2.975609756097562,0.22892073170731697,0.4024390243902438,-0.6463414634146343,-1.585365853658537,0.08501790865714765,0.054263846447974606,-0.10591759980376436,1,peru,vietnam
0.5025829268292683,1.8292682926829271,4.0,1.3065597560975606,1.4024390243902438,0.5,1.048780487804878,0.158067047572167,0.05788560676333576,0.263593977371653,0,thailand,mongolia
0.009358536585365895,0.21951219512195141,2.975609756097562,0.38876341463414565,0.3536585365853657,-1.4999999999999991,-3.097560975609758,0.05182728109413226,-0.010445534595047934,-0.04331701798618348,1,guatemala,rwanda
-0.00860731707317064,-0.036585365853658125,-1.1829268292682933,-0.2113463414634147,-0.024390243902439046,-0.5853658536585362,-1.012195121951219,0.009836581520512089,-0.00019458723864090866,-0.19350206268631742,0,iceland,usa
-0.07550000000000012,-1.1341463414634152,-2.987804878048781,-0.24945365853658563,-0.8780487804878048,-1.2317073170731705,-2.487804878048779,0.011982347035067509,0.002450210750187254,-0.013557742142483509,1,saudi_arabia,ethiopia
-0.30848414634146337,-0.5,0.024390243902438158,-0.4880073170731709,-0.21951219512195097,-0.6219512195121952,-1.2560975609756095,-0.05890906443542604,0.011261079487583647,0.037011984367074646,0,indonesia,china
0.08805609756097543,0.5731707317073171,-1.2804878048780495,0.15067073170731726,0.09756097560975618,-2.2804878048780486,-4.487804878048781,-0.00434151296763019,-0.0062264314309669055,-0.25694249034232086,1,uk,mexico
-0.10696097560975626,-0.4756097560975605,-4.7195121951219505,-0.3601292682926829,-0.34146341463414664,-0.47560975609756095,-0.9512195121951219,-0.03161469503746228,-0.017277292532964172,0.24228449940596175,0,kazakhstan,india
0.020523170731707507,-0.8658536585365857,-2.560975609756099,0.08286829268292717,-0.5731707317073171,-2.548780487804878,-5.402439024390246,0.021634031799898756,-0.009381589692132875,-0.04129060762289294,1,france,south_korea
-0.04160975609756101,-0.21951219512195141,2.3658536585365866,0.13110853658536525,-0.12195121951219523,-2.524390243902439,-5.329268292682928,0.05160517400915937,-0.0009619633067862732,-0.015560719173760562,1,guatemala,oman
0.12672439024390258,0.21951219512195141,4.939024390243905,0.5560512195121947,0.12195121951219523,2.439024390243903,5.024390243902438,0.06292414710763733,0.06033513463876117,-0.18916497916732933,1,pakistan,germany
0.06112560975609749,1.0365853658536581,0.7317073170731732,0.19744634146341422,0.4390243902439024,-1.2926829268292686,-2.5731707317073162,0.009126518314995669,-0.018386716689677174,-0.1048518943438217,1,panama,new_zealand
0.12410975609756125,0.5731707317073167,1.3170731707317067,0.33596097560975613,0.29268292682926855,0.524390243902439,1.0975609756097562,0.03123852260549964,0.0187340998605372,0.29778282010499846,0,canada,philippines
-0.15217317073170733,-1.1219512195121948,-4.560975609756099,-0.4841219512195116,-0.6829268292682928,-0.8658536585365857,-1.6585365853658534,-0.024601964935498155,0.01948037311386619,-0.0762786238849853,1,kazakhstan,morocco
0.015460975609756122,0.08536585365853622,-3.5731707317073145,-0.058643902439023954,0.08536585365853666,0.6097560975609762,1.2926829268292686,0.03603952780629238,-0.005597606040865233,-0.14528096252772849,1,brazil,serbia
0.23180975609756116,1.1585365853658538,2.3902439024390247,0.6308378048780483,0.6585365853658538,-0.17073170731707332,-0.34146341463414664,0.0010409795293901403,-0.013281974637371796,-0.0971719415981418,1,singapore,switzerland
-0.14299390243902455,-0.9146341463414633,-2.1097560975609753,-0.37930731707317067,-0.5,0.37804878048780566,1.0243902439024382,-0.07473499542145584,-0.057391325641396373,0.20151935281579414,1,uae,netherlands
0.21914146341463403,1.4390243902439028,2.085365853658537,0.6521012195121947,0.9146341463414633,0.21951219512195053,0.47560975609756184,0.06471216869071805,-0.0017818903691014798,0.1895833485292837,1,thailand,new_zealand
0.15217317073170733,1.1219512195121948,4.560975609756099,0.4841219512195116,0.6829268292682928,0.8658536585365857,1.6585365853658534,0.024601964935498155,-0.01948037311386619,0.0762786238849853,1,morocco,kazakhstan
-0.021092682926829198,-0.8780487804878057,-0.8048780487804876,-0.1903719512195119,-0.7926829268292681,0.951219512195121,1.9878048780487827,-0.006507617316107495,0.02478602114608447,0.11782789982330455,0,rwanda,ethiopia
-0.08917682926829262,0.08536585365853666,0.04878048780487987,-0.09230853658536553,0.08536585365853666,-0.04878048780487809,0.1829268292682915,-0.022304875025694615,-0.02237157599303352,0.13148464962381612,0,uae,saudi_arabia
0.07298292682926832,0.524390243902439,2.5243902439024417,0.22013414634146322,0.2682926829268295,2.560975609756097,5.195121951219511,0.018316054328312292,0.02699179193518264,-0.27413015624774895,0,pakistan,france
-0.23180975609756116,-1.1585365853658538,-2.3902439024390247,-0.6308378048780483,-0.6585365853658538,0.17073170731707332,0.34146341463414664,-0.0010409795293901403,0.013281974637371796,0.0971719415981418,1,switzerland,singapore
-0.026123170731707557,0.42682926829268286,2.8902439024390247,0.17667682926829276,0.21951219512195141,-0.8902439024390247,-2.0,0.05583318413167565,0.06434952683649237,0.008295696016815235,1,peru,iceland
-0.010148780487804876,-0.41463414634146334,-0.7926829268292686,-0.12937073170731672,-0.24390243902439046,2.2926829268292686,4.670731707317074,-0.012500490402780451,-0.01947297560863931,0.0746990430466633,0,switzerland,indonesia
-0.005019512195121756,-0.8902439024390247,-3.4634146341463428,-0.18195243902438962,-0.5731707317073171,1.2073170731707314,2.439024390243901,-0.03807725300968051,-0.04599394270975987,-0.1715394418457905,1,oman,south_korea
0.3879841463414633,1.0243902439024386,1.6829268292682933,0.8331463414634146,0.7317073170731705,-0.8414634146341458,-1.7195121951219523,0.12175977471255467,0.029129344971820792,-0.04054429918566105,0,china,mongolia
-0.15539634146341452,-0.9268292682926829,2.5365853658536572,-0.20477195121951297,-0.5487804878048781,-0.3170731707317076,-0.6951219512195124,-0.028359843551697406,-0.003231438506258011,0.15863457339637876,1,guatemala,brazil
-0.06390243902439052,-0.3780487804878043,0.4024390243902438,-0.14869878048780505,-0.3048780487804881,-1.48780487804878,-3.3048780487804876,0.023963651796227725,0.007869816086953751,-0.1533953132842517,0,philippines,vietnam
-0.05610243902439005,-0.8170731707317076,-0.9512195121951201,-0.16256829268292705,-0.4024390243902438,0.8902439024390247,1.6829268292682933,0.024995689696534984,0.02795487867289914,0.14179635453566442,0,mexico,serbia
-0.04648414634146336,-0.21951219512195141,0.45121951219512013,-0.07632804878048782,-0.21951219512195097,-1.7926829268292677,-3.6341463414634134,0.03585403139676746,0.0364950090973678,0.06509873995500892,1,canada,usa
0.1699097560975611,0.5975609756097562,-0.4146341463414629,0.324368292682927,0.26829268292682906,0.5121951219512191,1.036585365853659,0.06699452788266841,0.005579410901040527,-0.039318297077523545,1,netherlands,indonesia
0.12989024390243897,0.8780487804878048,-1.6829268292682897,0.22096707317073117,0.41463414634146334,-0.08536585365853622,-0.08536585365853533,0.008617993431389248,-0.012792769875644483,0.06616116710989461,1,panama,india
0.15847804878048777,0.04878048780487809,2.6829268292682933,0.4537231707317071,-0.10975609756097571,-0.5731707317073162,-1.0609756097560972,0.04947647445321496,0.026326518168220736,-0.18934412299154524,1,uk,germany
-0.16475487804878042,-1.1463414634146343,-0.4390243902439046,-0.5935353658536586,-0.9024390243902438,1.1829268292682915,2.4024390243902456,-0.08018712464582967,0.007214096088789923,0.20195159138256225,0,rwanda,brazil
-0.05175121951219519,-0.14634146341463428,-2.012195121951219,-0.17709878048780459,-0.14634146341463428,-1.6097560975609762,-3.2926829268292686,0.07845403875605872,0.03833436114705163,-0.016845398526045052,1,netherlands,singapore
-0.14759878048780517,-0.5,-5.243902439024392,-0.5486926829268293,-0.5,-1.2804878048780486,-2.463414634146341,-0.050653322184897265,-0.04867419902087167,-0.2165113676466187,0,saudi_arabia,mexico
-0.12626585365853682,-0.5487804878048776,-3.2926829268292686,-0.5134499999999997,-0.4024390243902438,-1.2804878048780486,-2.5731707317073162,-0.047123700168520966,0.004735777884073034,-0.22423530446361994,1,philippines,guatemala
0.30848414634146337,0.5,-0.024390243902438158,0.4880073170731709,0.21951219512195097,0.6219512195121952,1.2560975609756095,0.05890906443542604,-0.011261079487583647,-0.037011984367074646,0,china,indonesia
0.11183414634146338,0.29268292682926855,-1.5,0.3331280487804875,0.24390243902439002,-0.1463414634146334,-0.3170731707317067,0.024995141542357602,0.006341127518940115,0.3580647012834778,0,france,india
-0.09330609756097563,0.2682926829268295,0.06097560975609895,-0.21257195121951256,0.23170731707317094,1.6097560975609762,3.4878048780487827,-0.0058482367448838835,0.0381268614694229,0.20045377188820135,0,south_korea,serbia
0.2710926829268292,1.25609756097561,2.1219512195121943,0.6319621951219512,1.0731707317073167,0.7073170731707323,1.390243902439023,0.0654327707289683,0.00849987496189486,0.04074183343835158,1,ethiopia,mongolia
0.043598780487804856,0.6097560975609753,0.7195121951219541,0.15265975609756044,0.17073170731707332,-3.6951219512195124,-7.609756097560975,0.043334136698610914,0.0174784556230424,-0.1616546999506856,1,panama,oman
0.041271951219512326,0.07317073170731714,-0.8658536585365866,0.09167560975609756,0.07317073170731714,1.1951219512195124,2.560975609756099,-0.03545947425935292,-0.009680410458180855,-0.24756590404966494,1,singapore,morocco
-0.16229146341463419,0.03658536585365901,0.47560975609756184,-0.38734878048780486,0.14634146341463428,1.2439024390243896,2.548780487804878,0.0009560642180891366,0.02057231645603841,-0.04825784430782587,1,peru,uk
0.007792682926829331,-0.5,1.0243902439024382,-0.016642682926829355,-0.25609756097560954,0.3536585365853666,0.7439024390243905,-0.03497798121582529,0.00034040389709666385,0.2316508428129611,0,canada,netherlands
-0.026123170731707557,0.42682926829268286,2.8902439024390247,0.17667682926829276,0.21951219512195141,-0.8902439024390247,-2.0,0.05583318413167565,0.06434952683649237,0.008295696016815235,1,peru,iceland
0.03720365853658558,-1.085365853658537,-1.012195121951219,0.050003658536585505,-0.6341463414634148,-0.7195121951219514,-1.8048780487804894,0.030843926441418867,-0.01017198279652376,-0.058657417352536934,1,mexico,south_korea
-0.020245121951219414,-0.4512195121951219,0.048780487804876316,-0.07473414634146325,-0.25609756097560954,-0.9146341463414629,-1.8658536585365848,0.03434165333424466,0.049852266972263415,-0.049690862119472934,1,new_zealand,usa
0.22572804878048802,0.6951219512195128,-0.2317073170731696,0.3020780487804875,0.4512195121951219,-0.21951219512195141,-0.2682926829268304,0.018499587193368194,-0.011296805929232212,-0.14096729995255208,1,iceland,switzerland
0.2298134146341464,0.6829268292682933,3.585365853658537,0.6784109756097556,0.5,1.451219512195122,3.109756097560977,0.08381659504407907,0.030814271629569623,0.08749688577994186,0,thailand,germany
-0.2024987804878049,-0.9390243902439028,-4.756097560975611,-0.7185975609756095,-0.4878048780487805,-1.1219512195121952,-1.9512195121951201,-0.09750951709348088,-0.06770014646247663,0.05748061167172258,1,vietnam,pakistan
-0.0013000000000000789,0.1341463414634143,-0.426829268292682,0.019391463414633936,0.10975609756097571,0.8292682926829276,1.951219512195122,-0.007138465989251885,-0.048217748066391786,0.013386674125069442,0,uae,kazakhstan
0.0013000000000000789,-0.1341463414634143,0.426829268292682,-0.019391463414633936,-0.10975609756097571,-0.8292682926829276,-1.951219512195122,0.007138465989251885,0.048217748066391786,-0.013386674125069442,0,kazakhstan,uae
-0.10397317073170731,-0.39024390243902474,-1.3292682926829258,-0.23364268292682944,-0.21951219512195097,-2.3170731707317076,-4.597560975609756,-0.01948217795558932,-0.004096001509666991,-0.0864007103531288,1,vietnam,oman
0.043406097560975576,0.15853658536585336,-0.6585365853658516,0.005298780487804855,0.0,-1.6707317073170733,-3.3536585365853657,0.05109019779270629,0.033645306229366734,-0.004836052131387492,1,panama,singapore
0.17770243902439042,0.09756097560975618,0.6097560975609753,0.30772560975609764,0.012195121951219523,0.8658536585365857,1.7804878048780495,0.032016546666843115,0.005919814798137191,0.19233254573543757,0,canada,indonesia
-0.0878487804878052,-0.2682926829268295,-2.7804878048780495,-0.27195000000000036,-0.29268292682926855,-0.8048780487804876,-1.6707317073170724,-0.01593976111741313,-0.04871741142035513,-0.046826537546501235,1,saudi_arabia,new_zealand
-0.07133536585365863,-0.6341463414634152,-0.9024390243902438,-0.2246878048780485,-0.6097560975609757,-2.024390243902438,-4.170731707317074,-0.03434012059086411,-0.004487753461348887,-0.2768410087714871,1,uk,thailand
-0.23663658536585364,-1.5975609756097566,-4.475609756097562,-0.6654292682926823,-1.0609756097560976,-0.6463414634146343,-1.4756097560975618,-0.04687429363316603,-0.04887881867871241,-0.23118614806694682,0,switzerland,south_korea
-0.07710121951219517,0.2804878048780486,-1.5365853658536572,-0.2945585365853658,0.024390243902439046,0.12195121951219434,0.29268292682926855,0.010986692852384072,-0.0144448424768997,-0.30391288056824073,0,netherlands,france
0.011734146341463303,0.6585365853658542,-2.170731707317074,-0.19839146341463376,0.4390243902439024,0.5487804878048781,1.1097560975609753,-0.045319663778024766,-0.014340486551036535,-0.07451088183712107,1,ethiopia,guatemala
-0.1419853658536585,-0.37804878048780477,-1.3414634146341484,-0.40697682926829293,-0.2804878048780486,-1.4268292682926838,-3.036585365853659,-0.06486182553060255,0.0009995351145767328,0.21947894971261728,0,germany,brazil
0.16229146341463419,-0.03658536585365901,-0.47560975609756184,0.38734878048780486,-0.14634146341463428,-1.2439024390243896,-2.548780487804878,-0.0009560642180891366,-0.02057231645603841,0.04825784430782587,0,uk,peru
-0.12851463414634146,-0.07317073170731714,-0.04878048780487987,-0.30026341463414585,-0.1829268292682924,-1.6829268292682933,-3.2804878048780495,-0.03420503618387771,-0.00555073441454923,-0.3406978915538338,1,india,mexico
0.10328902439024401,0.39024390243902474,-1.3292682926829258,0.21279024390243872,0.3048780487804881,0.6341463414634143,1.3658536585365866,0.0549942973197689,0.026216200703281123,0.16169487296483065,1,thailand,serbia
0.11609268292682917,-0.4024390243902438,-2.573170731707318,0.03736951219512186,-0.3170731707317076,0.9390243902439028,1.8780487804878057,0.014564407486907183,-0.029440338747322325,0.030716406114454475,1,saudi_arabia,indonesia
-0.2165707317073169,-0.6463414634146343,1.2317073170731696,-0.4509341463414631,-0.2804878048780486,0.5975609756097553,1.2073170731707314,-0.029863523216247523,0.0006756970164176757,-0.08375540121151293,1,india,uk
-0.07651097560975617,-0.4634146341463419,-1.512195121951219,-0.5224756097560972,-0.47560975609756095,2.7317073170731696,5.609756097560977,-0.05993339189455216,-0.027128781729365337,-0.10249253541047465,1,rwanda,france
0.11605243902439022,0.975609756097561,3.4390243902439046,0.5297414634146338,0.5365853658536586,1.2073170731707314,2.390243902439023,0.043819720754276315,0.027738972640090065,-0.08707851641798747,1,pakistan,new_zealand
-0.03321829268292675,-0.5609756097560981,-4.975609756097562,-0.2530487804878043,-0.42682926829268286,-2.4268292682926838,-5.231707317073173,-0.02297406097942628,-0.0427249323957114,-0.12625578470331256,1,germany,south_korea
-0.28026829268292675,-0.9512195121951215,-2.073170731707318,-0.5623378048780485,-0.5609756097560976,-0.5609756097560981,-1.1463414634146343,-0.059511065984961586,0.007666912813619586,0.1858263659802758,0,kazakhstan,china
-0.023986585365853852,0.4512195121951219,1.439024390243901,0.11411585365853671,0.3536585365853657,0.09756097560975618,-0.03658536585365901,-0.0034170363387480696,-0.0011207679596380582,0.11054240516282676,1,ethiopia,iceland
-0.09852560975609759,-0.5487804878048781,-3.4268292682926855,-0.48495487804878,-0.2682926829268295,1.1951219512195124,2.646341463414636,-0.07802733913789156,-0.06360414495280964,0.14388132202485138,0,oman,pakistan
-0.03403170731707328,0.7317073170731705,-0.6219512195121943,0.01504878048780478,0.2926829268292681,-1.2317073170731714,-2.512195121951219,0.036490359278348095,-0.013697661771992276,-0.11686124073847926,0,netherlands,new_zealand
-0.2114743902439027,-1.3780487804878043,-1.646341463414636,-0.5350012195121949,-0.6951219512195124,-0.10975609756097526,-0.29268292682926855,-0.03885266285797251,-0.013704641045755639,-0.07814132368669491,0,philippines,panama
0.10669146341463409,0.4146341463414638,1.2682926829268304,0.2635902439024389,0.20731707317073145,0.8292682926829267,1.426829268292682,0.019348143004959906,-0.00989109314987685,0.07928876686573783,0,usa,vietnam
0.07156341463414617,0.9024390243902438,-2.6219512195121943,0.1039243902439031,0.4878048780487805,-0.2804878048780486,-0.39024390243902474,0.011043838109757398,-0.033552484713764374,-0.2870773170633929,0,brazil,mexico
0.000530487804877966,0.5975609756097562,-0.12195121951219434,-0.07542317073170723,0.21951219512195141,-0.6951219512195124,-1.487804878048781,-0.02390176084390183,-0.0055244768413572065,0.1063079754041274,0,morocco,guatemala
0.25720243902439033,0.6219512195121948,2.3170731707317067,0.6528646341463413,0.524390243902439,-0.5975609756097553,-1.1951219512195124,0.09486725694397175,0.04631023925754163,0.18880023091685116,1,canada,mongolia
0.02987560975609771,-0.43902439024390283,-0.19512195121951237,0.06728292682926851,-0.31707317073170715,1.975609756097561,4.219512195121952,-0.006285510231134606,0.015302449857822809,0.09007160101088163,1,oman,ethiopia
-0.19474512195121974,-1.0609756097560976,-4.121951219512194,-0.5564060975609753,-0.6463414634146343,-1.2317073170731705,-2.2682926829268304,0.0037190433346028784,-0.01905696449434474,0.1846739542897491,0,uae,singapore
-0.1309182926829271,-0.7195121951219514,-3.6951219512195124,-0.5815573170731709,-0.5609756097560976,0.5487804878048781,1.1341463414634152,-0.041443427543377154,-0.04946459212526255,-0.2338781773762627,1,saudi_arabia,france
-0.0956073170731706,-0.5975609756097562,-3.463414634146339,-0.3645768292682927,-0.3536585365853657,1.3292682926829267,2.7560975609756095,-0.04405952470519381,-0.021854175899880812,0.02180238655501987,1,usa,serbia
-0.1969951219512196,-0.4268292682926824,-0.5975609756097562,-0.46560243902439025,-0.5365853658536586,-0.3658536585365857,-1.012195121951219,-0.03966508254224438,-0.019706323310050677,-0.04441272409610442,0,mongolia,vietnam
-0.0542792682926827,-0.6829268292682933,0.7560975609756078,-0.06358536585365826,-0.42682926829268286,-0.6463414634146343,-1.3414634146341466,-0.03081958743433666,-0.019896619439620733,-0.035497556903687055,0,india,peru
0.055987804878048664,1.3292682926829276,4.073170731707318,0.43960731707317,1.048780487804878,-0.1829268292682915,-0.20731707317073145,0.0382993600946534,0.03651037142149821,0.1437831430333676,1,south_korea,rwanda
-0.07209878048780505,0.6341463414634152,-2.2560975609756113,-0.29923902439024364,0.37804878048780477,-0.04878048780487809,0.024390243902438158,-0.06263566921996477,-0.05112440977105892,-0.2029536255041352,1,ethiopia,mexico
-0.2381512195121953,-1.219512195121951,-3.4634146341463428,-0.5617048780487801,-0.6463414634146343,0.43902439024390283,1.0853658536585353,-0.047371154458103415,-0.052702270723711475,0.18951000642113658,0,uae,panama
-0.05359268292682917,0.4756097560975605,0.7073170731707314,0.02823536585365849,0.28048780487804903,-0.34146341463414664,-0.6829268292682933,-0.0007780240613434741,0.01281428506240001,0.10545027436956089,0,indonesia,philippines
0.3454036585365854,1.4146341463414633,0.8414634146341484,0.8193573170731709,0.9146341463414633,-0.3536585365853657,-0.7195121951219523,0.0887620581843423,0.005154351168424276,-0.11454858634898302,1,brazil,switzerland
0.09948658536585397,0.6829268292682933,1.5487804878048799,0.13533780487804892,0.524390243902439,1.1341463414634143,2.524390243902438,-0.00856531069631944,-0.0013294427905491957,-0.09698466302034325,0,iceland,saudi_arabia
-0.12862560975609738,-0.42682926829268286,2.6097560975609753,-0.0027926829268296594,-0.09756097560975618,1.0,2.0,-0.0110073402055616,-0.006288983458889397,0.1557970144611337,1,guatemala,china
0.05155853658536591,-0.30487804878048763,0.6341463414634134,0.029737804878049,-0.024390243902439046,3.634146341463415,7.548780487804878,-0.07069797766196334,-0.022167510540727298,0.17366404634534316,0,oman,netherlands
-0.03519024390243919,0.39024390243902385,3.487804878048781,0.23708414634146324,0.13414634146341475,-1.1463414634146343,-2.634146341463415,0.018000866595374865,0.007695241750041271,0.2913612624040752,0,morocco,iceland
-0.10308902439024381,-0.4634146341463419,1.3536585365853675,-0.12235975609756089,-0.37804878048780477,0.9878048780487809,1.9146341463414611,-0.020892447936441738,0.029520863009191545,-0.2766618649472712,1,pakistan,thailand
-0.01771951219512191,-0.8780487804878048,-1.3902439024390247,-0.19214756097560937,-0.4390243902439024,-0.37804878048780477,-0.7804878048780495,0.041963679477710625,0.05203202291904391,0.1000158422124342,1,new_zealand,singapore
-0.15847804878048777,-0.04878048780487809,-2.6829268292682933,-0.4537231707317071,0.10975609756097571,0.5731707317073162,1.0609756097560972,-0.04947647445321496,-0.026326518168220736,0.18934412299154524,1,germany,uk
0.06376585365853682,0.47560975609756095,5.158536585365855,0.4478451219512194,0.4390243902439024,0.6829268292682924,1.3780487804878039,0.03333731674295726,0.011890275800849281,0.08806862397960458,0,guatemala,saudi_arabia
0.2022987804878047,1.01219512195122,4.73170731707317,0.6281670731707316,0.5609756097560972,-0.5,-1.3292682926829276,0.06340766771015371,0.011963082750003962,0.057486380310717955,1,serbia,vietnam
0.36949024390243923,1.780487804878049,3.0,0.9896560975609754,1.1707317073170733,1.6219512195121943,3.3414634146341466,0.09443831323369489,0.030309467366331333,0.3725765665598003,1,thailand,philippines
0.03532317073170721,-0.17073170731707332,-3.012195121951219,-0.18934756097560967,-0.23170731707317094,2.585365853658536,5.29268292682927,-0.034938250352194555,-0.02078765421042522,0.25557216587300313,0,rwanda,india
0.06662195121951231,-0.3536585365853657,-1.3414634146341484,0.20913536585365877,-0.09756097560975618,-0.5365853658536581,-1.0243902439024382,0.03200787164432173,0.04309879316577048,0.039501577992530734,0,france,morocco
-0.13960487804878063,-0.17073170731707332,-1.1829268292682933,-0.429269512195122,-0.17073170731707332,-2.024390243902439,-4.170731707317072,-0.05032392597263402,-0.07009058510095312,0.2346285782552182,1,morocco,pakistan
-0.0385792682926831,0.2804878048780495,2.7439024390243887,0.029292682926829183,0.4024390243902438,2.487804878048781,5.170731707317074,-0.005256883688930403,0.028515487086717473,0.3331941417964761,0,south_korea,panama
-0.011637804878048774,-0.4146341463414638,1.2317073170731696,0.13661219512195144,-0.2317073170731705,-0.3292682926829267,-0.8536585365853657,0.02450507181373257,0.050046854210904324,0.1438112005668445,0,new_zealand,iceland
0.2727695121951219,1.1463414634146338,0.4146341463414629,0.628148780487805,0.9024390243902438,-0.9512195121951219,-2.060975609756099,0.07425045252808793,0.02707133513376614,0.17609709159171116,1,germany,mongolia
-0.0216829268292682,-0.1341463414634152,-0.8292682926829258,0.03754512195121951,-0.2926829268292681,-1.6585365853658542,-3.329268292682926,0.06441246743082873,0.037469960398550106,-0.08359244533446153,1,netherlands,ethiopia
0.00019268292682927957,0.4512195121951219,1.3780487804878057,0.14736097560975558,0.17073170731707332,-2.024390243902439,-4.2560975609756095,-0.007756061094095379,-0.016166850606324334,-0.1568186478192981,1,singapore,oman
0.0432634146341464,0.17073170731707332,1.414634146341463,0.24872560975609748,0.060975609756097615,-0.6829268292682924,-1.4024390243902438,0.001967152268748218,0.024268508330166083,0.027297267785826973,0,uk,china
0.1878512195121953,0.5121951219512195,1.4024390243902438,0.43709634146341436,0.25609756097561,-1.4268292682926829,-2.8902439024390247,0.044517037069623566,0.0253927904067765,0.11763350268877426,0,canada,switzerland
0.24701097560975627,0.3170731707317076,1.1219512195121943,0.6189268292682928,0.24390243902439002,0.39024390243902474,0.7439024390243905,0.056007835030284336,0.020024253377940227,0.2645945834907172,1,france,indonesia
0.16124024390243896,1.1585365853658538,3.9634146341463428,0.42371463414634114,0.7682926829268295,1.1219512195121952,2.2926829268292686,0.06243428247179894,0.037173911972584905,-0.2067869425022747,1,peru,kazakhstan
-0.1894560975609756,-0.7073170731707323,-1.8658536585365866,-0.34938414634146353,-0.42682926829268286,-1.1829268292682924,-2.402439024390244,-0.061832280922263394,-0.033579745298620844,0.05797256088907354,0,indonesia,peru
0.039504878048780556,-0.21951219512195141,2.512195121951219,0.20200853658536566,-0.04878048780487809,-0.43902439024390194,-1.0731707317073162,0.06905521440172879,0.049809054572779954,0.11999396798064454,0,mexico,usa
0.30833902439024397,1.3170731707317072,2.573170731707318,0.7449256097560979,0.9024390243902438,1.048780487804878,1.8902439024390247,0.08400203532034928,0.037493290300140814,-0.2020505990405903,1,brazil,uae
-0.06376585365853682,-0.47560975609756095,-5.158536585365855,-0.4478451219512194,-0.4390243902439024,-0.6829268292682924,-1.3780487804878039,-0.03333731674295726,-0.011890275800849281,-0.08806862397960458,0,saudi_arabia,guatemala
-0.2525829268292683,-1.4512195121951228,-2.6829268292682933,-0.8649695121951213,-1.1219512195121952,1.1585365853658534,2.3292682926829276,-0.09914189415930619,-0.024599710655356433,-0.10502424410999689,0,rwanda,thailand
0.023552439024390415,-0.8048780487804876,-2.2560975609756113,-0.1004719512195118,-0.36585365853658525,0.8170731707317076,1.7804878048780495,0.006504205218357706,0.04235161246086305,-0.14755006183723074,1,new_zealand,morocco
0.05610243902439005,0.8170731707317076,0.9512195121951201,0.16256829268292705,0.4024390243902438,-0.8902439024390247,-1.6829268292682933,-0.024995689696534984,-0.02795487867289914,-0.14179635453566442,0,serbia,mexico
0.3199939024390246,0.8414634146341466,3.646341463414636,0.839060975609756,0.5121951219512195,2.951219512195122,5.939024390243901,0.07432388935859663,0.04701604531312287,-0.009535572757031763,1,pakistan,indonesia
0.19098902439024368,0.5975609756097562,1.085365853658537,0.36754390243902435,0.19512195121951192,-1.2073170731707314,-2.7317073170731714,0.08209469217031029,0.009423021661770115,-0.08495702328176546,0,china,vietnam
-0.06374146341463405,0.06097560975609717,-0.0853658536585371,-0.10113536585365823,0.03658536585365857,1.951219512195122,3.987804878048781,-0.013278514464123925,-0.006658690546239299,0.1801493174162242,1,switzerland,philippines
-0.34456707317073176,-1.4268292682926824,-2.646341463414636,-0.8519048780487801,-0.9268292682926829,1.012195121951219,2.0,-0.10248139719644461,-0.04128078044276007,0.030841265501452386,0,mongolia,panama
-0.09330609756097563,0.2682926829268295,0.06097560975609895,-0.21257195121951256,0.23170731707317094,1.6097560975609762,3.4878048780487827,-0.0058482367448838835,0.0381268614694229,0.20045377188820135,1,south_korea,serbia
-0.01389024390243887,-0.6341463414634152,0.19512195121951237,0.02090243902439015,-0.5487804878048776,-1.3048780487804876,-2.5853658536585353,0.02943448621500344,0.03781036429564677,0.14805839747849958,1,canada,ethiopia
-0.32353170731707315,-1.1219512195121948,-3.487804878048781,-0.811063414634146,-0.6219512195121952,0.12195121951219434,0.25609756097560954,-0.061478218253709804,-0.016601595516546497,0.15852909819444883,1,kazakhstan,uk
-0.03473292682926821,-0.5731707317073171,3.0365853658536572,-0.038569512195121725,-0.26829268292682906,0.024390243902439046,0.024390243902438158,-0.035981834394741674,0.008103714957959585,-0.05415182071523705,0,india,netherlands
-0.032012195121951414,0.4146341463414638,1.646341463414636,-0.004721951219512466,0.18292682926829285,-2.963414634146342,-6.182926829268293,0.06553573070155833,0.050167844938307615,-0.19231831015689316,1,peru,oman
0.08824390243902425,0.6829268292682924,-1.0731707317073145,0.07105975609756143,0.42682926829268286,1.548780487804878,3.2073170731707314,0.02025373275127751,-0.03434287781815526,-0.3044441267930369,1,brazil,france
0.1995719512195122,1.5000000000000004,6.2073170731707314,0.5909975609756093,1.048780487804878,2.048780487804878,4.085365853658539,0.04211427076917301,0.08121775781042895,0.14368413537533953,1,south_korea,uae
-0.006081707317073137,-0.463414634146341,-2.6219512195121943,-0.3287597560975608,-0.2073170731707319,-0.04878048780487809,0.07317073170731625,0.017458607663978054,0.001985168708139584,-0.043795358354410285,1,iceland,singapore
0.03091707317073178,-0.30487804878048763,1.4512195121951237,0.10104390243902417,-0.1585365853658538,2.1463414634146343,4.5,-0.015237226980883645,-0.017256104973592312,-0.05239560062986892,1,usa,germany
0.1492939024390243,1.060975609756098,4.012195121951219,0.6521792682926826,0.8170731707317072,-1.7926829268292677,-3.695121951219514,0.044147596839537284,-0.0016164900479246902,-0.05667062885483376,1,serbia,rwanda
0.005889024390243858,0.012195121951219079,1.2439024390243887,0.18139878048780522,0.03658536585365857,2.073170731707317,4.182926829268293,-0.009702546569882675,0.01418168189818475,0.2006140061737084,0,oman,iceland
-0.09456707317073176,-1.048780487804878,-1.3292682926829293,-0.41031463414634084,-0.6463414634146343,2.6707317073170724,5.378048780487806,-0.0435562437835838,-0.007994884334780739,0.18941099876310852,0,rwanda,panama
-0.034895121951219465,-0.4512195121951219,-3.2682926829268304,-0.24923536585365813,-0.25609756097561,-0.7682926829268295,-1.7804878048780513,-0.031791742778545906,-0.06129639256758268,-0.26161104285667214,1,ethiopia,south_korea
0.0846780487804879,0.2317073170731705,-1.5243902439024382,0.09697439024390242,0.07317073170731714,-0.47560975609756095,-0.7926829268292668,0.015630723533353374,0.02396489577118588,-0.25240195618105243,1,panama,morocco
0.10556829268292711,1.1463414634146343,4.170731707317074,0.4640975609756097,0.7317073170731709,1.1829268292682924,2.451219512195122,-0.026023918360297493,-0.00331461149868878,-0.05318930466593297,1,singapore,saudi_arabia
-0.0890097560975609,-0.29268292682926855,2.463414634146339,-0.09825487804878019,-0.2317073170731705,-2.1219512195121952,-4.353658536585366,0.03485017821785108,0.044258320158230724,-0.22070392357318924,1,india,usa
0.013410975609756015,0.5487804878048781,-3.8780487804878057,-0.20220487804877996,0.2682926829268295,-1.1097560975609762,-2.3414634146341466,-0.03650198197890514,0.004230973620834744,0.06084437631623851,1,germany,guatemala
-0.05630243902439025,-0.7439024390243905,-0.9756097560975618,-0.2529987804878049,-0.3292682926829271,-0.7317073170731705,-1.5975609756097544,-0.009106159686792181,-0.027782185039573526,0.25676334651810495,1,mexico,pakistan
0.249409756097561,1.1219512195121948,1.2926829268292686,0.6695073170731707,0.7804878048780486,-0.9512195121951219,-1.9390243902439028,0.12984523815979704,0.045969835360444966,-0.04285061189610995,1,netherlands,mongolia
0.11459878048780503,0.8048780487804885,2.3170731707317067,0.473413414634146,0.6707317073170733,1.3414634146341458,2.7682926829268304,0.03630727285961233,0.02875626179151497,0.30413827655731407,0,thailand,china
0.16229146341463419,-0.03658536585365901,-0.47560975609756184,0.38734878048780486,-0.14634146341463428,-1.2439024390243896,-2.548780487804878,-0.0009560642180891366,-0.02057231645603841,0.04825784430782587,1,uk,peru
0.06374146341463405,-0.06097560975609717,0.0853658536585371,0.10113536585365823,-0.03658536585365857,-1.951219512195122,-3.987804878048781,0.013278514464123925,0.006658690546239299,-0.1801493174162242,1,philippines,switzerland
-0.19597073170731716,-0.7682926829268291,-2.2560975609756113,-0.4583841463414631,-0.5731707317073171,-2.597560975609756,-5.304878048780488,0.0032354831803887985,0.02698102762526655,0.02158057583277251,1,kazakhstan,usa
0.043069512195121895,0.4512195121951219,0.9146341463414629,0.3096073170731706,0.26829268292682906,-1.3536585365853657,-2.8048780487804876,0.025503666425964022,0.0007471807049074242,0.18705163982976147,1,france,new_zealand
-0.09057926829268315,-0.21951219512195097,-1.414634146341463,-0.17540243902439023,-0.25609756097561,-0.9390243902439019,-1.9268292682926838,0.015445160196096819,-0.031127813591002085,0.11425601682357978,1,uae,vietnam
0.3070390243902439,1.4512195121951215,2.146341463414636,0.7643170731707318,1.0121951219512195,1.8780487804878057,3.8414634146341466,0.07686356933109739,-0.010724457766250972,-0.18866392491552086,1,brazil,kazakhstan
-0.17770243902439042,-0.09756097560975618,-0.6097560975609753,-0.30772560975609764,-0.012195121951219523,-0.8658536585365857,-1.7804878048780495,-0.032016546666843115,-0.005919814798137191,-0.19233254573543757,0,indonesia,canada
0.2016146341463414,1.01219512195122,2.073170731707318,0.6073146341463409,0.6463414634146343,-2.1829268292682933,-4.560975609756097,0.0989197870743333,0.03408328194361809,0.1327805429224198,1,thailand,oman
-0.1534731707317074,-0.9878048780487805,-4.987804878048781,-0.4647304878048777,-0.5731707317073171,-0.036585365853658125,0.29268292682926855,-0.03174043092475004,-0.028737374952525596,-0.06289194975991586,1,uae,morocco
0.11902804878048778,-0.20731707317073234,-1.8902439024390247,0.13862317073170738,-0.2073170731707319,-0.5609756097560972,-1.1463414634146343,-0.0029232164868373545,-0.04484082478620449,0.020960576521998897,0,china,peru
0.011637804878048774,0.4146341463414638,-1.2317073170731696,-0.13661219512195144,0.2317073170731705,0.3292682926829267,0.8536585365853657,-0.02450507181373257,-0.050046854210904324,-0.1438112005668445,1,iceland,new_zealand
-0.0958073170731708,-0.524390243902439,-3.487804878048781,-0.45500731707317055,-0.28048780487804903,-0.29268292682926855,-0.5243902439024382,-0.07816137408852097,-0.07759123961235348,0.1367693785374604,0,usa,pakistan
0.07550000000000012,1.1341463414634152,2.987804878048781,0.24945365853658563,0.8780487804878048,1.2317073170731705,2.487804878048779,-0.011982347035067509,-0.002450210750187254,0.013557742142483509,1,ethiopia,saudi_arabia
-0.19559268292682908,-0.12195121951219479,0.8658536585365866,-0.38250853658536554,-0.19512195121951192,0.5243902439024382,1.0975609756097562,-0.07741511776403581,-0.010950085712082114,-0.027184091295868074,0,mongolia,saudi_arabia
-0.04203048780487806,0.6463414634146343,-1.073170731707318,-0.08459512195121954,0.23170731707317094,-0.09756097560975618,-0.012195121951219079,-0.07667724054519476,-0.05198881051956045,-0.2697006723125517,0,singapore,mexico
-0.30598780487804866,-1.707317073170732,-5.390243902439025,-0.8811975609756093,-1.3292682926829267,-1.4756097560975618,-3.170731707317074,-0.09722451350751421,-0.06979626752947754,-0.3023528762950237,0,mongolia,south_korea
-0.24701097560975627,-0.3170731707317076,-1.1219512195121943,-0.6189268292682928,-0.24390243902439002,-0.39024390243902474,-0.7439024390243905,-0.056007835030284336,-0.020024253377940227,-0.2645945834907172,1,indonesia,france
0.07042195121951234,-0.524390243902439,3.9634146341463428,0.30305243902438983,-0.2073170731707319,1.7073170731707323,3.4268292682926838,0.05381798742084515,0.03255294959918764,0.06759836735077562,0,mexico,germany
-0.0021560975609755673,0.024390243902439046,-1.9756097560975618,-0.1774890243902436,-0.10975609756097526,-0.7560975609756095,-1.47560975609756,-0.015885177563021324,0.023469877744610235,0.07354751564137851,1,canada,guatemala
0.05116097560975619,0.8902439024390247,1.987804878048781,0.405015853658536,0.6463414634146343,-0.9999999999999991,-2.02439024390244,-0.00753395400912249,-0.025650421894585995,-0.18457494663172103,0,singapore,rwanda
-0.0524146341463414,-0.6951219512195124,-0.6951219512195124,-0.20390487804878044,-0.24390243902439002,1.3170731707317076,2.951219512195122,-0.09018015561755266,-0.02626351205039429,0.08726333599221436,0,vietnam,netherlands
-0.1846170731707315,-0.8902439024390247,-1.0,-0.4628317073170729,-0.5853658536585362,-0.7926829268292686,-1.5975609756097562,-0.009209346487342729,0.022404144258349912,-0.19890153701816937,1,india,serbia
0.2981548780487806,1.1463414634146338,2.097560975609756,0.7649682926829269,0.5609756097560976,-0.4024390243902438,-0.8292682926829276,0.06009819264283078,0.025821713904982446,0.09573555778831322,1,uk,philippines
0.0383646341463415,-0.036585365853658125,-1.3048780487804876,0.05504024390243911,-0.09756097560975618,-2.2317073170731714,-4.560975609756099,0.011898488853244904,0.015878808934675248,0.07411533856653785,1,kazakhstan,switzerland
0.07018780487804865,0.09756097560975618,-0.8902439024390247,0.18322073170731779,0.25609756097560954,1.487804878048781,2.97560975609756,0.03663088086224586,-0.015208980423570662,-0.012540592619453728,1,brazil,panama
-0.13857439024390228,0.09756097560975618,-0.39024390243902474,-0.16363902439024391,0.04878048780487809,-0.10975609756097615,-0.21951219512195053,0.00808546344724237,0.016840490388624174,-0.002306312710448899,1,netherlands,china
0.0878487804878052,0.2682926829268295,2.7804878048780495,0.27195000000000036,0.29268292682926855,0.8048780487804876,1.6707317073170724,0.01593976111741313,0.04871741142035513,0.046826537546501235,0,new_zealand,saudi_arabia
-0.08682317073170709,0.24390243902439046,1.6219512195121943,0.013459756097560671,0.19512195121951237,1.5,3.073170731707318,-0.07036857530881635,-0.021493870758427458,0.014539085815596153,0,singapore,china
0.16475487804878042,1.1463414634146343,0.4390243902439046,0.5935353658536586,0.9024390243902438,-1.1829268292682915,-2.4024390243902456,0.08018712464582967,-0.007214096088789923,-0.20195159138256225,1,brazil,rwanda
-0.14209146341463397,-0.8170731707317076,-3.012195121951219,-0.44090487804878054,-0.5731707317073167,-0.463414634146341,-0.8780487804878039,-0.008205493308426348,0.014640833197486991,0.08690112651002879,1,canada,serbia
-0.23685121951219523,-1.3536585365853653,-3.036585365853661,-0.581096341463414,-0.75609756097561,-0.39024390243902474,-0.8658536585365866,-0.04023268846885153,-0.0044845226573196895,0.17612333229606714,0,kazakhstan,panama
-0.1284012195121953,-0.10975609756097526,-3.231707317073173,-0.5522378048780485,0.04878048780487765,-0.7804878048780486,-1.5731707317073162,-0.07174182890675695,-0.07890659481063245,0.05380972101396975,0,ethiopia,pakistan
0.2432243902439024,1.2317073170731714,-0.29268292682926855,0.47620609756097565,0.7682926829268295,0.34146341463414576,0.7682926829268304,0.04731461306517393,0.03504524525040437,0.14834126209618037,0,thailand,guatemala
-0.04107926829268305,0.37804878048780477,2.2439024390243922,0.05568536585365802,0.09756097560975618,-3.2195121951219514,-6.8170731707317085,0.02770341316525754,-0.00648644014814348,0.09074725623036684,0,morocco,oman
0.10826097560975634,0.3414634146341462,5.1463414634146325,0.34073780487804894,0.23170731707317094,-0.3536585365853666,-1.0,0.03875316102671417,0.06549504059935596,-0.2556711735310312,1,india,uae
0.19960487804878047,1.1219512195121957,2.658536585365855,0.47875487804878025,0.6707317073170733,-1.1097560975609762,-2.2682926829268304,0.07433277132504384,0.053052720907260154,-0.13267160393573685,0,peru,switzerland
-0.21775975609756082,-1.0975609756097562,-1.1585365853658551,-0.5695231707317077,-0.6463414634146338,-0.10975609756097615,0.03658536585365901,-0.0994471955164461,-0.006365476709138729,0.08779458221701053,0,vietnam,brazil
-0.21557926829268315,-0.2804878048780495,1.0243902439024382,-0.17270731707317077,-0.20731707317073145,-2.073170731707317,-4.402439024390244,-0.0059990967905877435,0.03076978153787152,0.06626825690588878,0,indonesia,iceland
0.3036865853658537,0.8414634146341462,1.8658536585365866,0.7291926829268291,0.74390243902439,1.1951219512195124,2.439024390243901,0.059013225547204284,0.009815230160173827,0.12370149096184224,1,usa,mongolia
-0.2981548780487806,-1.1463414634146338,-2.097560975609756,-0.7649682926829269,-0.5609756097560976,0.4024390243902438,0.8292682926829276,-0.06009819264283078,-0.025821713904982446,-0.09573555778831322,1,philippines,uk
0.14619634146341465,0.19512195121951237,3.7804878048780495,0.46559878048780456,0.15853658536585336,0.39024390243902474,0.3536585365853657,0.0884033574066887,0.0399179614229031,0.19928273484638237,0,mexico,vietnam
-0.020523170731707507,0.8658536585365857,2.560975609756099,-0.08286829268292717,0.5731707317073171,2.548780487804878,5.402439024390246,-0.021634031799898756,0.009381589692132875,0.04129060762289294,1,south_korea,france
0.023359756097560913,0.024390243902439046,-0.8780487804878057,-0.0413585365853657,0.12195121951219523,0.0,-0.12195121951219612,-0.05559478563170911,-0.018898500226678827,0.2189477034878211,0,germany,netherlands
-0.3055878048780487,-1.4024390243902447,-3.402439024390244,-0.8409573170731703,-0.8658536585365852,-0.1341463414634143,-0.03658536585365901,-0.11840196502992262,-0.038179283453285084,-0.2191812532755486,0,vietnam,thailand
0.07278292682926812,0.5975609756097562,2.5,0.1297036585365854,0.3414634146341462,0.9390243902439019,1.914634146341463,-0.015785795055014873,-0.028745271777290027,-0.1591631642653084,0,serbia,france
0.13800000000000012,1.207317073170732,1.1219512195121943,0.315058536585366,0.8414634146341462,1.8292682926829267,3.6829268292682915,0.0018040363904961998,-0.01907626443510957,0.14972442262649888,1,ethiopia,philippines
0.21916219512195134,1.4024390243902438,2.621951219512198,0.6526170731707324,0.9878048780487805,1.0,2.0731707317073162,0.06169716029465466,0.015121714307107292,-0.07056594941677419,1,brazil,saudi_arabia
-0.15078658536585388,-0.41463414634146334,-3.1341463414634134,-0.3626646341463413,-0.24390243902439046,0.024390243902439046,0.2804878048780477,-0.03975701420563055,-0.05773172953849304,-0.03013148999716697,1,uae,canada
-0.026123170731707557,0.42682926829268286,2.8902439024390247,0.17667682926829276,0.21951219512195141,-0.8902439024390247,-2.0,0.05583318413167565,0.06434952683649237,0.008295696016815235,1,peru,iceland
-0.19455243902439046,-0.6097560975609757,-2.7439024390243887,-0.40904512195121967,-0.47560975609756095,-3.2560975609756095,-6.52439024390244,-0.0040370177594925005,-0.035223815100669076,0.02785530647045098,0,uae,oman
0.1848170731707317,0.8170731707317076,1.0243902439024417,0.5532621951219507,0.5121951219512195,2.414634146341464,4.878048780487804,0.043311195870669894,0.033332919454122756,0.08393454503572884,0,pakistan,india
-0.010671951219512366,0.7560975609756095,-1.5,-0.02630975609756092,0.41463414634146334,-1.2317073170731714,-2.634146341463415,-0.019104426353361015,-0.0325961619986711,0.10208646274934186,1,germany,new_zealand
-0.09319146341463425,-0.24390243902439046,-3.060975609756099,-0.4896109756097555,-0.41463414634146334,0.9024390243902429,2.012195121951221,-0.06914328653607227,-0.02633838862497445,-0.08512572568083066,1,rwanda,mexico
-0.22418658536585379,-0.3170731707317076,-0.15853658536585513,-0.38405365853658546,-0.2317073170731705,-2.6585365853658534,-5.414634146341463,0.0038374847299243453,0.030575194299230612,-0.12723380578042864,0,indonesia,usa
-0.041271951219512326,-0.07317073170731714,0.8658536585365866,-0.09167560975609756,-0.07317073170731714,-1.1951219512195124,-2.560975609756099,0.03545947425935292,0.009680410458180855,0.24756590404966494,0,morocco,singapore
0.0021560975609755673,-0.024390243902439046,1.9756097560975618,0.1774890243902436,0.10975609756097526,0.7560975609756095,1.47560975609756,0.015885177563021324,-0.023469877744610235,-0.07354751564137851,0,guatemala,canada
0.32353170731707315,1.1219512195121948,3.487804878048781,0.811063414634146,0.6219512195121952,-0.12195121951219434,-0.25609756097560954,0.061478218253709804,0.016601595516546497,-0.15852909819444883,1,uk,kazakhstan
0.06935121951219503,0.10975609756097526,0.9146341463414629,0.21576829268292697,0.26829268292682906,0.8292682926829276,1.6951219512195124,0.05035021987434818,0.02091744885076513,0.0711667282280769,1,switzerland,mongolia
0.13309268292682908,0.04878048780487809,1.0,0.3169036585365852,0.2317073170731705,-1.1219512195121943,-2.2926829268292686,0.0636287343384721,0.02757613939700443,-0.1089825891881473,1,philippines,mongolia
-0.13857439024390228,0.09756097560975618,-0.39024390243902474,-0.16363902439024391,0.04878048780487809,-0.10975609756097615,-0.21951219512195053,0.00808546344724237,0.016840490388624174,-0.002306312710448899,1,netherlands,china
0.13940487804878043,0.24390243902439046,1.1585365853658516,0.33883902439024416,0.24390243902439002,0.4024390243902438,0.8902439024390247,0.016222076589306855,0.01435352138848045,-0.11966158627277768,0,serbia,morocco
-0.3879841463414633,-1.0243902439024386,-1.6829268292682933,-0.8331463414634146,-0.7317073170731705,0.8414634146341458,1.7195121951219523,-0.12175977471255467,-0.029129344971820792,0.04054429918566105,0,mongolia,china
0.010908536585365614,0.9024390243902438,4.7073170731707314,0.36335121951219485,0.6097560975609757,0.8658536585365857,1.7439024390243922,0.028374706439797837,0.06017562460794462,0.3721534480194989,0,south_korea,iceland
-0.1351768292682929,-0.024390243902439046,-2.6219512195121943,-0.28579878048780527,0.0,-0.5365853658536581,-1.0609756097560972,-0.031012693487926735,-0.013683125859000111,0.0934701177927606,0,indonesia,india
0.08917682926829262,-0.08536585365853666,-0.04878048780487987,0.09230853658536553,-0.08536585365853666,0.04878048780487809,-0.1829268292682915,0.022304875025694615,0.02237157599303352,-0.13148464962381612,1,saudi_arabia,uae
0.07651097560975617,0.4634146341463419,1.512195121951219,0.5224756097560972,0.47560975609756095,-2.7317073170731696,-5.609756097560977,0.05993339189455216,0.027128781729365337,0.10249253541047465,1,france,rwanda
-0.1503487804878052,-0.3414634146341462,-0.9146341463414629,-0.3375548780487807,-0.25609756097561,-1.4024390243902438,-2.865853658536585,-0.02972614454297684,-0.03209135773543281,-0.1829932180305166,1,philippines,new_zealand
-0.03175365853658518,0.17073170731707332,2.2560975609756113,0.10232804878048762,0.23170731707317094,3.012195121951219,6.085365853658535,0.013447672654422371,0.03400861647054043,0.00017914382421591046,0,pakistan,uk
-0.03006829268292699,-0.012195121951219079,-1.1829268292682933,-0.2146439024390241,0.14634146341463383,0.04878048780487809,0.03658536585365724,0.014041571325229985,0.0008644007485015259,0.06674704680841648,0,ethiopia,singapore
0.19000731707317087,0.4878048780487805,3.3780487804878057,0.614585365853658,0.36585365853658525,-0.6707317073170733,-1.4146341463414647,0.06040221463264489,0.001922912662166265,0.04408598704739575,1,guatemala,switzerland
0.07018780487804865,0.09756097560975618,-0.8902439024390247,0.18322073170731779,0.25609756097560954,1.487804878048781,2.97560975609756,0.03663088086224586,-0.015208980423570662,-0.012540592619453728,1,brazil,panama
0.15164268292682936,0.5243902439024386,4.682926829268293,0.5595451219512189,0.46341463414634143,1.560975609756098,3.1463414634146343,0.048503725779399987,-0.013955896272508983,-0.0300293515191421,0,guatemala,kazakhstan
0.06020731707317073,0.19512195121951237,1.7195121951219505,0.18726219512195108,-0.012195121951219523,-0.963414634146341,-2.2073170731707314,0.055202174401727366,0.026603915947490953,0.14438750682074675,1,canada,vietnam
-0.15939146341463406,-1.2073170731707323,0.37804878048780566,-0.3753585365853658,-0.7073170731707319,0.2560975609756104,0.3170731707317067,-0.02999860762323392,0.0017386779696180188,-0.019898518429166234,0,mexico,thailand
0.23433536585365866,0.7317073170731709,0.9512195121951237,0.5134243902439022,0.47560975609756095,0.3658536585365848,0.7439024390243887,0.008663005672856106,-0.011102218690591303,0.05253476273376534,0,usa,switzerland
0.003813414634146417,-0.0853658536585371,-3.158536585365855,-0.06637439024390224,-0.03658536585365857,-0.6707317073170733,-1.487804878048781,-0.050432538671304095,-0.046898834624259145,0.2376019672993711,0,germany,peru
-0.05155853658536591,0.30487804878048763,-0.6341463414634134,-0.029737804878049,0.024390243902439046,-3.634146341463415,-7.548780487804878,0.07069797766196334,0.022167510540727298,-0.17366404634534316,1,netherlands,oman
0.19474512195121974,1.0609756097560976,4.121951219512194,0.5564060975609753,0.6463414634146343,1.2317073170731705,2.2682926829268304,-0.0037190433346028784,0.01905696449434474,-0.1846739542897491,0,singapore,uae
-0.017526829268292632,-0.42682926829268286,-0.012195121951219079,-0.04478658536585378,-0.26829268292682906,-2.402439024390244,-5.036585365853659,0.034207618383615246,0.03586517231271957,-0.056802805606863904,1,new_zealand,oman
0.23433536585365866,0.7317073170731709,0.9512195121951237,0.5134243902439022,0.47560975609756095,0.3658536585365848,0.7439024390243887,0.008663005672856106,-0.011102218690591303,0.05253476273376534,0,usa,switzerland
0.09456707317073176,1.048780487804878,1.3292682926829293,0.41031463414634084,0.6463414634146343,-2.6707317073170724,-5.378048780487806,0.0435562437835838,0.007994884334780739,-0.18941099876310852,0,panama,rwanda
-0.06390243902439052,-0.3780487804878043,0.4024390243902438,-0.14869878048780505,-0.3048780487804881,-1.48780487804878,-3.3048780487804876,0.023963651796227725,0.007869816086953751,-0.1533953132842517,1,philippines,vietnam
-0.28026829268292675,-0.9512195121951215,-2.073170731707318,-0.5623378048780485,-0.5609756097560976,-0.5609756097560981,-1.1463414634146343,-0.059511065984961586,0.007666912813619586,0.1858263659802758,1,kazakhstan,china
-0.1575524390243901,-0.9024390243902438,0.5609756097560954,-0.3822609756097566,-0.6585365853658534,-1.0731707317073171,-2.1707317073170724,-0.04424502111471873,0.020238439238352224,0.23218208903775728,1,canada,brazil
-0.009597560975609598,-0.6341463414634152,0.7195121951219505,0.13583048780487772,-0.3048780487804881,0.43902439024390283,0.8536585365853657,-0.013930556692398954,-0.05112980824509389,0.1767575909831326,0,guatemala,peru
-0.016680487804878075,0.21951219512195141,-1.5487804878048799,0.032864634146341665,0.060975609756097615,-1.8292682926829267,-3.597560975609756,-0.009209894641520111,0.0007903931043908852,0.017366809729643995,0,france,mexico
-0.1705000000000001,0.14634146341463428,0.39024390243902474,-0.0964512195121956,0.23170731707317094,-3.1219512195121943,-6.3536585365853675,0.003925556864267821,0.00710452835142511,-0.16210204808024253,1,indonesia,rwanda
-0.04521219512195107,-0.6463414634146343,0.15853658536585158,-0.12399268292682875,-0.3414634146341462,-0.39024390243902474,-0.7073170731707314,0.007012730101964126,0.03675766564683036,-0.31856312329094705,1,india,morocco
0.4312475609756097,1.195121951219512,3.097560975609756,1.081871951219512,0.7926829268292681,-1.5243902439024382,-3.121951219512196,0.12372692698130289,0.053397853301986875,-0.013247031399834075,1,uk,mongolia
-0.14228414634146347,-0.3048780487804872,-1.7073170731707314,-0.1707817073170732,-0.10975609756097571,-3.060975609756097,-6.243902439024392,0.003323555314732274,0.003510361677461049,-0.013287666467041381,0,kazakhstan,rwanda
0.30699024390243923,1.7073170731707323,4.865853658536587,0.924051219512195,1.207317073170732,1.0243902439024382,2.1463414634146343,0.08065192980813118,0.04693552105125365,0.23640988607578495,1,thailand,saudi_arabia
-0.011203658536585337,-0.06097560975609806,2.04878048780488,0.12296829268292653,-0.21951219512195097,-1.2439024390243905,-2.597560975609756,0.021417902934122934,0.008816009709679329,0.18081885724124847,1,morocco,ethiopia
0.015260975609755922,0.15853658536585336,-3.597560975609756,-0.1490743902439018,0.15853658536585336,-1.012195121951219,-1.9878048780487791,0.0019376784229652166,-0.0613346697533379,-0.03031397054528795,0,brazil,pakistan
-0.04479268292682903,-0.4024390243902438,2.6951219512195124,0.09805487804878021,-0.03658536585365857,1.5975609756097562,3.085365853658537,0.006308665236378408,0.03049493976113299,0.28423975812814783,1,mexico,china
-0.000530487804877966,-0.5975609756097562,0.12195121951219434,0.07542317073170723,-0.21951219512195141,0.6951219512195124,1.487804878048781,0.02390176084390183,0.0055244768413572065,-0.1063079754041274,1,guatemala,morocco
-0.32994268292682927,-1.3292682926829271,-4.414634146341463,-0.8780012195121949,-0.8292682926829267,0.9634146341463419,2.012195121951221,-0.052722530378049914,-0.010751957209289509,-0.03073237617874547,0,switzerland,serbia
0.0027182926829267817,0.024390243902439046,-0.060975609756095395,0.029947560975609466,-0.012195121951219523,-1.487804878048781,-3.170731707317074,-0.00013403495062941362,-0.013987094659543842,-0.00711194348739097,0,usa,oman
-0.034895121951219465,-0.4512195121951219,-3.2682926829268304,-0.24923536585365813,-0.25609756097561,-0.7682926829268295,-1.7804878048780513,-0.031791742778545906,-0.06129639256758268,-0.26161104285667214,0,ethiopia,south_korea
-0.08736463414634144,-0.8048780487804876,-0.32926829268292934,-0.1990402439024388,-0.4024390243902438,0.4146341463414638,0.8048780487804876,-0.007614140252472867,0.005029458814781562,0.21964149641830355,0,canada,panama
-0.3517475609756098,-0.6707317073170733,-1.3902439024390247,-0.7367329268292684,-0.2804878048780486,0.06097560975609717,0.14634146341463428,-0.06087621670417426,-0.013007428842582436,0.009714716581247673,1,indonesia,uk
0.006081707317073137,0.463414634146341,2.6219512195121943,0.3287597560975608,0.2073170731707319,0.04878048780487809,-0.07317073170731625,-0.017458607663978054,-0.001985168708139584,0.043795358354410285,1,singapore,iceland
0.05809268292682912,0.5975609756097562,-3.914634146341463,-0.002789024390243977,0.3902439024390243,-0.024390243902439046,-0.14634146341463428,-0.019612951236967435,-0.027002215184638412,0.27309952420305816,1,germany,india
-0.10537560975609783,-0.6951219512195124,-2.7926829268292686,-0.31673658536585414,-0.5609756097560976,-3.2073170731707314,-6.7073170731707314,0.018267857266202114,-0.012852239107635555,-0.10362934315336514,1,saudi_arabia,oman
0.043069512195121895,0.4512195121951219,0.9146341463414629,0.3096073170731706,0.26829268292682906,-1.3536585365853657,-2.8048780487804876,0.025503666425964022,0.0007471807049074242,0.18705163982976147,1,france,new_zealand
0.13586341463414642,1.1829268292682928,2.573170731707318,0.377619512195122,0.7073170731707319,0.8414634146341458,1.7195121951219505,0.06105425686091992,0.046394030361020855,0.04747771348048735,1,peru,philippines
-0.14299390243902455,-0.9146341463414633,-2.1097560975609753,-0.37930731707317067,-0.5,0.37804878048780566,1.0243902439024382,-0.07473499542145584,-0.057391325641396373,0.20151935281579414,1,uae,netherlands
-0.1969951219512196,-0.4268292682926824,-0.5975609756097562,-0.46560243902439025,-0.5365853658536586,-0.3658536585365857,-1.012195121951219,-0.03966508254224438,-0.019706323310050677,-0.04441272409610442,0,mongolia,vietnam
-0.11039512195121959,-1.585365853658537,-6.256097560975611,-0.49868902439024376,-1.1341463414634148,-2.0,-4.26829268292683,-0.019809395743478397,-0.058846181817395427,-0.27516878499915565,0,saudi_arabia,south_korea
-0.12410975609756125,-0.5731707317073167,-1.3170731707317067,-0.33596097560975613,-0.29268292682926855,-0.524390243902439,-1.0975609756097562,-0.03123852260549964,-0.0187340998605372,-0.29778282010499846,1,philippines,canada
-0.23547560975609771,-0.5487804878048776,-4.76829268292683,-0.6603926829268287,-0.524390243902439,-2.1585365853658542,-4.231707317073171,-0.06581973122134,-0.022828026947513402,-0.09841339214787204,1,kazakhstan,mexico
-0.10669146341463409,-0.4146341463414638,-1.2682926829268304,-0.2635902439024389,-0.20731707317073145,-0.8292682926829267,-1.426829268292682,-0.019348143004959906,0.00989109314987685,-0.07928876686573783,1,vietnam,usa
-0.1498841463414633,-0.3170731707317076,-4.036585365853657,-0.4242621951219512,-0.31707317073170715,-0.8170731707317076,-1.6219512195121943,0.026772487907398945,0.014300429300390327,-0.14474971630293232,1,netherlands,serbia
0.221468292682927,0.29268292682926855,0.21951219512195053,0.354106097560976,0.24390243902439002,4.146341463414634,8.585365853658537,-0.0037034497792949317,-0.01658809963968677,0.13434574926781961,0,oman,indonesia
-0.03143170731707312,-0.036585365853658125,-2.1463414634146325,-0.446219512195122,-0.03658536585365857,1.6829268292682924,3.6585365853658534,-0.05000873823969659,-0.05079403491581175,-0.33086284039660596,1,iceland,france
-0.10826097560975634,-0.3414634146341462,-5.1463414634146325,-0.34073780487804894,-0.23170731707317094,0.3536585365853666,1.0,-0.03875316102671417,-0.06549504059935596,0.2556711735310312,0,uae,india
-0.0432634146341464,-0.17073170731707332,-1.414634146341463,-0.24872560975609748,-0.060975609756097615,0.6829268292682924,1.4024390243902438,-0.001967152268748218,-0.024268508330166083,-0.027297267785826973,1,china,uk
0.041271951219512326,0.07317073170731714,-0.8658536585365866,0.09167560975609756,0.07317073170731714,1.1951219512195124,2.560975609756099,-0.03545947425935292,-0.009680410458180855,-0.24756590404966494,1,singapore,morocco
0.4147548780487804,1.5243902439024386,1.7560975609756113,1.035125609756098,1.1829268292682924,0.47560975609756184,0.9756097560975601,0.13911227805869048,0.026071800019189406,-0.043381858120906114,0,brazil,mongolia
0.011637804878048774,0.4146341463414638,-1.2317073170731696,-0.13661219512195144,0.2317073170731705,0.3292682926829267,0.8536585365853657,-0.02450507181373257,-0.050046854210904324,-0.1438112005668445,1,iceland,new_zealand
0.15801585365853654,0.4024390243902447,1.353658536585364,0.45465487804878046,0.47560975609756095,1.512195121951219,3.048780487804878,0.055585650375722384,0.016604826320575694,0.2944352428731054,0,thailand,panama
-0.1401353658536586,-0.7682926829268295,-1.060975609756099,-0.35384634146341476,-0.39024390243902474,-1.3292682926829267,-2.6829268292682915,-0.02642216512873219,-0.06456610825959591,0.12832060285109081,1,guatemala,pakistan
-0.20341829268292688,-1.0365853658536586,0.5,-0.412380487804878,-0.6341463414634148,1.7804878048780495,3.7560975609756113,-0.02390023265373975,-0.006153886283001009,-0.10493036336363426,1,switzerland,germany
0.002136585365853705,0.024390243902439046,-1.4512195121951237,-0.06256097560975604,0.1341463414634143,0.9878048780487809,1.963414634146341,-0.05925022047042372,-0.06547029479613042,0.10224670914601153,0,ethiopia,peru
0.2525829268292683,1.4512195121951228,2.6829268292682933,0.8649695121951213,1.1219512195121952,-1.1585365853658534,-2.3292682926829276,0.09914189415930619,0.024599710655356433,0.10502424410999689,0,thailand,rwanda
0.044328048780487794,0.24390243902439046,-2.426829268292682,-0.10116097560975579,0.10975609756097571,1.0365853658536581,2.1585365853658534,-0.051739208959788785,-0.013025131352757569,0.008448775686369592,1,usa,guatemala
0.13857439024390228,-0.09756097560975618,0.39024390243902474,0.16363902439024391,-0.04878048780487809,0.10975609756097615,0.21951219512195053,-0.00808546344724237,-0.016840490388624174,0.002306312710448899,0,china,netherlands
0.020245121951219414,0.4512195121951219,-0.048780487804876316,0.07473414634146325,0.25609756097560954,0.9146341463414629,1.8658536585365848,-0.03434165333424466,-0.049852266972263415,0.049690862119472934,0,usa,new_zealand
0.13078170731707295,0.4024390243902438,-0.6341463414634134,0.18028170731707327,0.20731707317073145,-0.24390243902439046,-0.5243902439024399,0.026892517768582924,-0.017180894285720838,-0.2293445301025122,1,china,canada
-0.002136585365853705,-0.024390243902439046,1.4512195121951237,0.06256097560975604,-0.1341463414634143,-0.9878048780487809,-1.963414634146341,0.05925022047042372,0.06547029479613042,-0.10224670914601153,1,peru,ethiopia
0.08787682926829254,0.04878048780487765,-0.47560975609756184,0.11169999999999947,0.024390243902439046,0.8780487804878057,1.7682926829268304,0.01516640903644273,-0.025846172073358264,-0.11809797549874668,0,saudi_arabia,kazakhstan
-0.3517475609756098,-0.6707317073170733,-1.3902439024390247,-0.7367329268292684,-0.2804878048780486,0.06097560975609717,0.14634146341463428,-0.06087621670417426,-0.013007428842582436,0.009714716581247673,0,indonesia,uk
0.09378170731707325,-0.5,3.085365853658537,0.26169390243902413,-0.08536585365853666,1.7073170731707323,3.3048780487804876,-0.0017767982108639613,0.013654449372508815,0.28654607083859673,0,mexico,netherlands
0.03143170731707312,0.036585365853658125,2.1463414634146325,0.446219512195122,0.03658536585365857,-1.6829268292682924,-3.6585365853658534,0.05000873823969659,0.05079403491581175,0.33086284039660596,1,france,iceland
-0.028391463414634277,-0.12195121951219523,-2.8902439024390247,-0.2184573170731703,-0.024390243902439046,-1.6097560975609762,-3.4146341463414647,0.02285925312434961,0.019435860920372805,0.20210230496177606,0,germany,singapore
0.10899268292682907,1.2804878048780495,4.7926829268292686,0.41559512195121906,0.7926829268292681,1.1097560975609762,2.158536585365855,0.05755943096526983,0.05008994421942686,0.2579401521989193,0,south_korea,vietnam
0.04521219512195107,0.6463414634146343,-0.15853658536585158,0.12399268292682875,0.3414634146341462,0.39024390243902474,0.7073170731707314,-0.007012730101964126,-0.03675766564683036,0.31856312329094705,0,morocco,india
0.14532560975609776,0.4390243902439024,3.414634146341463,0.415169512195122,0.24390243902439046,-1.7560975609756104,-3.609756097560977,0.043513183890707186,0.03315610146763942,-0.1681691608394239,1,india,switzerland
-0.27521585365853674,-1.3170731707317072,-1.7317073170731732,-0.6361365853658532,-0.6585365853658538,1.8414634146341466,3.6951219512195124,-0.052131177322096434,-0.020363331591994938,0.10200799372952929,1,switzerland,panama
-0.29307804878048804,-1.1585365853658538,-6.170731707317074,-0.8939999999999997,-0.7439024390243905,-2.060975609756097,-3.878048780487804,-0.08206435689738406,-0.09882796005347871,0.17173662849530236,1,uae,pakistan
0.3992939024390243,1.4390243902439024,5.329268292682926,1.0937695121951219,1.0975609756097557,-0.1341463414634143,-0.3170731707317085,0.1030727502523981,0.03166940606005464,0.10189910440682237,1,serbia,mongolia
-0.11378658536585351,-0.7073170731707314,0.17073170731707066,-0.3358804878048782,-0.42682926829268286,2.2073170731707314,4.634146341463415,-0.07996501756085678,-0.0022694751994717377,0.17419529257013933,0,oman,brazil
0.12624146341463405,0.012195121951219523,-1.7804878048780495,0.16674024390243858,-0.07317073170731714,-1.3536585365853657,-2.7926829268292686,0.027064897889687634,-0.009967363138683016,-0.04398263693220883,0,saudi_arabia,switzerland
-0.10328902439024401,-0.39024390243902474,1.3292682926829258,-0.21279024390243872,-0.3048780487804881,-0.6341463414634143,-1.3658536585365866,-0.0549942973197689,-0.026216200703281123,-0.16169487296483065,0,serbia,thailand
-0.013410975609756015,-0.5487804878048781,3.8780487804878057,0.20220487804877996,-0.2682926829268295,1.1097560975609762,2.3414634146341466,0.03650198197890514,-0.004230973620834744,-0.06084437631623851,1,guatemala,germany
-0.06289390243902426,-0.7682926829268295,-3.573170731707318,-0.28932804878048746,-0.31707317073170715,0.9024390243902438,2.2195121951219523,-0.04718559112084686,0.0023904386384764886,-0.17714796658349563,1,vietnam,morocco
-0.043069512195121895,-0.4512195121951219,-0.9146341463414629,-0.3096073170731706,-0.26829268292682906,1.3536585365853657,2.8048780487804876,-0.025503666425964022,-0.0007471807049074242,-0.18705163982976147,1,new_zealand,france
-0.16475487804878042,-1.1463414634146343,-0.4390243902439046,-0.5935353658536586,-0.9024390243902438,1.1829268292682915,2.4024390243902456,-0.08018712464582967,0.007214096088789923,0.20195159138256225,1,rwanda,brazil
-0.11605243902439022,-0.975609756097561,-3.4390243902439046,-0.5297414634146338,-0.5365853658536586,-1.2073170731707314,-2.390243902439023,-0.043819720754276315,-0.027738972640090065,0.08707851641798747,1,new_zealand,pakistan
-0.19455243902439046,-0.6097560975609757,-2.7439024390243887,-0.40904512195121967,-0.47560975609756095,-3.2560975609756095,-6.52439024390244,-0.0040370177594925005,-0.035223815100669076,0.02785530647045098,0,uae,oman
0.2664012195121954,1.3170731707317072,4.3536585365853675,0.8672963414634145,0.7926829268292686,2.6097560975609753,5.256097560975608,0.07354586529725315,0.05983033037552288,0.09591470161252913,0,pakistan,philippines
0.22418658536585379,0.3170731707317076,0.15853658536585513,0.38405365853658546,0.2317073170731705,2.6585365853658534,5.414634146341463,-0.0038374847299243453,-0.030575194299230612,0.12723380578042864,1,usa,indonesia
0.08199634146341461,-0.6829268292682933,-3.7073170731707314,-0.04805121951219471,-0.5975609756097562,-2.3170731707317076,-4.8902439024390265,0.02453526120504046,-0.04066692255765675,-0.34289717548068477,1,china,south_korea
0.2146768292682928,0.5487804878048776,4.329268292682926,0.630937804878049,0.5121951219512195,-0.9268292682926829,-1.9146341463414647,0.09386340376505536,0.05407355031840455,-0.097002432611347,0,india,mongolia
-0.07209878048780505,0.6341463414634152,-2.2560975609756113,-0.29923902439024364,0.37804878048780477,-0.04878048780487809,0.024390243902438158,-0.06263566921996477,-0.05112440977105892,-0.2029536255041352,1,ethiopia,mexico
0.07561097560975627,0.19512195121951148,-0.926829268292682,0.1573817073170729,-0.012195121951219523,-0.7317073170731705,-1.426829268292682,-0.02220159400294741,-0.032689389315265216,0.03066361020620756,1,panama,peru
0.03787682926829272,0.1829268292682933,-1.6341463414634134,-0.13501829268292687,0.19512195121951192,1.2073170731707314,2.6219512195121943,-0.026017449876255372,-0.03668959633600871,-0.25860080264132634,0,iceland,canada
0.19344512195121966,1.195121951219512,3.6951219512195124,0.5757975609756092,0.75609756097561,2.060975609756098,4.219512195121952,-0.010857509323854764,-0.029160783572047044,-0.17128728016467965,1,singapore,kazakhstan
-0.18183780487804868,-0.07317073170731714,-1.8048780487804876,-0.4123646341463414,-0.012195121951219523,0.5731707317073162,1.1829268292682933,0.006118311178494151,-0.007428017941541909,-0.029603580496275872,0,netherlands,uk
-0.12525975609756101,0.51219512195122,2.2926829268292686,-0.20067439024390277,0.5365853658536586,3.0,6.29268292682927,-0.026502413473788677,0.016398414227490665,0.3155999076948578,0,south_korea,uk
-0.015460975609756122,-0.08536585365853622,3.5731707317073145,0.058643902439023954,-0.08536585365853666,-0.6097560975609762,-1.2926829268292686,-0.03603952780629238,0.005597606040865233,0.14528096252772849,0,serbia,brazil
0.11690731707317092,0.32926829268292623,0.3170731707317067,0.12468658536585409,0.04878048780487809,2.7804878048780477,5.670731707317074,-0.004703580925611295,0.0057097567109749,0.2675523224498034,0,rwanda,philippines
-0.07717682926829283,-1.024390243902439,-1.2804878048780495,-0.24564024390243944,-0.7073170731707319,0.42682926829268375,0.9634146341463428,0.0031646652359478833,-0.016121249421684025,-0.1489130002958431,0,saudi_arabia,germany
0.104542682926829,0.6341463414634143,-0.2317073170731696,0.1786878048780487,0.24390243902439002,-1.1219512195121952,-2.2926829268292686,0.028404895831105725,-0.03053815216061645,-0.11455492802803036,1,china,new_zealand
-0.05641585365853641,-0.7073170731707323,2.2073170731707314,-0.0010243902439022179,-0.5609756097560972,-1.6341463414634152,-3.3048780487804876,0.02843063303608706,0.04557367535650969,-0.13774426604969858,1,india,ethiopia
-0.10308902439024381,-0.4634146341463419,1.3536585365853675,-0.12235975609756089,-0.37804878048780477,0.9878048780487809,1.9146341463414611,-0.020892447936441738,0.029520863009191545,-0.2766618649472712,1,pakistan,thailand
0.04379756097560983,-0.3536585365853657,-2.3048780487804876,-0.025737804878048554,-0.10975609756097571,1.7317073170731705,3.6463414634146343,-0.027837448115886954,-0.007500654511400362,-0.0978591997177578,0,usa,morocco
0.09515731707317077,0.30487804878048763,1.3536585365853675,0.18239756097560944,0.14634146341463428,-0.06097560975609717,-0.06097560975609717,-0.027363840963352426,-0.004689054917684898,0.01200934639465756,0,panama,netherlands
-0.04222317073170734,0.19512195121951237,-2.4512195121951237,-0.23195609756097513,0.060975609756097615,1.9268292682926829,4.2439024390243905,-0.06892117945109938,-0.03582195991323611,-0.11288202449325357,0,oman,mexico
-0.3248317073170732,-0.9878048780487805,-3.914634146341463,-0.7916719512195121,-0.5121951219512195,0.9512195121951219,2.2073170731707314,-0.06861668424296169,-0.06481934358293828,0.17191577231951827,1,uae,uk
0.13967682926829283,1.0975609756097557,-0.5853658536585371,0.3112451219512198,0.6707317073170733,0.17073170731707243,0.2317073170731696,0.010621718189615825,-0.0005048042632382899,0.28507968077985846,1,germany,philippines
-0.22648780487804876,-1.1829268292682933,-3.6829268292682933,-0.5360585365853656,-0.8170731707317072,-2.939024390243903,-6.146341463414636,-0.03437380323038558,-0.0294058430700731,-0.3058851911136101,1,indonesia,south_korea
0.009597560975609598,0.6341463414634152,-0.7195121951219505,-0.13583048780487772,0.3048780487804881,-0.43902439024390283,-0.8536585365853657,0.013930556692398954,0.05112980824509389,-0.1767575909831326,1,peru,guatemala
-0.22572804878048802,-0.6951219512195128,0.2317073170731696,-0.3020780487804875,-0.4512195121951219,0.21951219512195141,0.2682926829268304,-0.018499587193368194,0.011296805929232212,0.14096729995255208,1,switzerland,iceland
-0.32651097560975617,-0.8414634146341462,-2.829268292682926,-0.9640658536585365,-0.7560975609756095,1.0731707317073162,2.2317073170731714,-0.11885854530741297,-0.060414677837344666,-0.2610622686721308,0,mongolia,france
-0.04395853658536586,-0.6463414634146343,-0.9878048780487809,-0.19374146341463394,-0.4024390243902438,-1.2560975609756095,-2.548780487804878,0.043476057540233426,0.038674765044148296,0.21480544428691606,1,canada,singapore
0.08927926829268307,0.3536585365853653,0.9878048780487809,0.19479390243902417,0.3658536585365857,1.7682926829268295,3.8780487804878057,-0.022583626185348704,-0.0170899344753897,-0.10086934269851033,1,vietnam,kazakhstan
-0.2531731707317073,-0.7073170731707323,-2.7073170731707314,-0.6370524390243899,-0.6219512195121952,-1.451219512195122,-2.987804878048781,-0.028221809412369958,-0.011915771402890796,-0.30644458926776297,1,netherlands,thailand
-0.04252560975609754,-0.07317073170731714,2.012195121951219,-0.02192682926829237,-0.012195121951219523,-0.32926829268292757,-0.7195121951219523,-0.0010038531789163807,0.007763311060862921,-0.28580266352819816,0,india,canada
0.16467682926829275,1.0487804878048785,2.939024390243901,0.34176219512195116,0.7926829268292681,1.2804878048780486,2.3048780487804876,0.010322527990627106,0.019921365242846267,-0.11792690748133261,0,ethiopia,uae
-0.005889024390243858,-0.012195121951219079,-1.2439024390243887,-0.18139878048780522,-0.03658536585365857,-2.073170731707317,-4.182926829268293,0.009702546569882675,-0.01418168189818475,-0.2006140061737084,1,iceland,oman
0.1303378048780488,0.20731707317073145,1.7560975609756078,0.39924634146341464,0.15853658536585336,0.14634146341463428,0.25609756097560954,-0.02161024094699393,-0.042300763697970645,0.16340398011448232,0,serbia,peru
0.2022987804878047,1.01219512195122,4.73170731707317,0.6281670731707316,0.5609756097560972,-0.5,-1.3292682926829276,0.06340766771015371,0.011963082750003962,0.057486380310717955,1,serbia,vietnam
-0.07336341463414642,-1.1097560975609762,-4.439024390243905,-0.3120146341463417,-0.7439024390243905,-0.24390243902438957,-0.5243902439024382,-0.04726787343535621,-0.06302008404594317,0.08868896700352802,0,saudi_arabia,peru
-0.07042195121951234,0.524390243902439,-3.9634146341463428,-0.30305243902438983,0.2073170731707319,-1.7073170731707323,-3.4268292682926838,-0.05381798742084515,-0.03255294959918764,-0.06759836735077562,1,germany,mexico
-0.13309268292682908,-0.04878048780487809,-1.0,-0.3169036585365852,-0.2317073170731705,1.1219512195121943,2.2926829268292686,-0.0636287343384721,-0.02757613939700443,0.1089825891881473,0,mongolia,philippines
-0.0383646341463415,0.036585365853658125,1.3048780487804876,-0.05504024390243911,0.09756097560975618,2.2317073170731714,4.560975609756099,-0.011898488853244904,-0.015878808934675248,-0.07411533856653785,0,switzerland,kazakhstan
-0.17135853658536582,0.0,1.073170731707318,-0.32694146341463437,0.060975609756097615,0.98780487804878,1.914634146341463,-0.03687625331821165,-0.036081968630412686,0.23480772207943412,1,morocco,uk
-0.104542682926829,-0.6341463414634143,0.2317073170731696,-0.1786878048780487,-0.24390243902439002,1.1219512195121952,2.2926829268292686,-0.028404895831105725,0.03053815216061645,0.11455492802803036,1,new_zealand,china
-0.015260975609755922,-0.15853658536585336,3.597560975609756,0.1490743902439018,-0.15853658536585336,1.012195121951219,1.9878048780487791,-0.0019376784229652166,0.0613346697533379,0.03031397054528795,1,pakistan,brazil
-0.02282439024390248,0.0,-0.9634146341463392,-0.23487317073170733,-0.012195121951219523,2.2682926829268286,4.670731707317072,-0.05984531976020868,-0.05059944767717084,-0.13736077771028854,0,usa,france
-0.09456707317073176,-1.048780487804878,-1.3292682926829293,-0.41031463414634084,-0.6463414634146343,2.6707317073170724,5.378048780487806,-0.0435562437835838,-0.007994884334780739,0.18941099876310852,0,rwanda,panama
0.15539634146341452,0.9268292682926829,-2.5365853658536572,0.20477195121951297,0.5487804878048781,0.3170731707317076,0.6951219512195124,0.028359843551697406,0.003231438506258011,-0.15863457339637876,1,brazil,guatemala
-0.011309756097561019,-0.4146341463414638,-3.6463414634146325,-0.26062317073170727,-0.36585365853658525,-0.7073170731707314,-1.4024390243902438,0.018687024460156576,-0.002540061088233847,-0.14244340359248342,1,china,serbia
-0.007202439024390328,-0.24390243902439046,-1.0,-0.21127439024390204,-0.24390243902439046,2.2560975609756087,4.573170731707318,-0.035942103531110936,-0.0130243431495623,-0.030230497655195032,0,rwanda,canada
-0.1401353658536586,-0.7682926829268295,-1.060975609756099,-0.35384634146341476,-0.39024390243902474,-1.3292682926829267,-2.6829268292682915,-0.02642216512873219,-0.06456610825959591,0.12832060285109081,1,guatemala,pakistan
-0.0625,-0.0731707317073167,1.8658536585365866,-0.06560487804878035,0.03658536585365857,-0.5975609756097562,-1.1951219512195124,-0.013786383425563709,0.016626053684922315,-0.13616668048401537,1,philippines,saudi_arabia
-0.04379756097560983,0.3536585365853657,2.3048780487804876,0.025737804878048554,0.10975609756097571,-1.7317073170731705,-3.6463414634146343,0.027837448115886954,0.007500654511400362,0.0978591997177578,0,morocco,usa
0.08040243902439026,0.2560975609756104,-3.6463414634146325,-0.1130914634146345,0.20731707317073145,1.536585365853659,3.3414634146341466,-0.02501359669733899,-0.04445290739687163,0.02720186088687182,1,iceland,india
-0.00019268292682927957,-0.4512195121951219,-1.3780487804878057,-0.14736097560975558,-0.17073170731707332,2.024390243902439,4.2560975609756095,0.007756061094095379,0.016166850606324334,0.1568186478192981,1,oman,singapore
-0.018056097560975592,-0.5853658536585362,0.18292682926828974,0.11216097560975635,-0.17073170731707332,-0.06097560975609717,-0.23170731707317138,0.016377148110968354,0.019133897394584598,0.29190353417358317,1,france,panama
0.0740975609756096,0.8292682926829276,1.5243902439024382,0.16635975609756093,0.5365853658536581,0.34146341463414664,0.3780487804878039,0.025767688186723925,-0.011206448348155817,-0.0036708906577528344,1,ethiopia,vietnam
-0.08805609756097543,-0.5731707317073171,1.2804878048780495,-0.15067073170731726,-0.09756097560975618,2.2804878048780486,4.487804878048781,0.00434151296763019,0.0062264314309669055,0.25694249034232086,1,mexico,uk
0.1969951219512196,0.4268292682926824,0.5975609756097562,0.46560243902439025,0.5365853658536586,0.3658536585365857,1.012195121951219,0.03966508254224438,0.019706323310050677,0.04441272409610442,1,vietnam,mongolia
0.1699097560975611,0.5975609756097562,-0.4146341463414629,0.324368292682927,0.26829268292682906,0.5121951219512191,1.036585365853659,0.06699452788266841,0.005579410901040527,-0.039318297077523545,1,netherlands,indonesia
0.010671951219512366,-0.7560975609756095,1.5,0.02630975609756092,-0.41463414634146334,1.2317073170731714,2.634146341463415,0.019104426353361015,0.0325961619986711,-0.10208646274934186,0,new_zealand,germany
-0.19659512195121964,-0.12195121951219523,1.3902439024390247,-0.4253621951219513,-0.07317073170731714,0.9756097560975618,2.121951219512196,-0.06084253406465279,0.011910660766141778,0.0387588989233707,0,south_korea,thailand
-0.16254024390243904,-1.0243902439024395,-4.390243902439025,-0.4043231707317072,-0.6585365853658538,-0.29268292682926766,-0.34146341463414664,-0.06957274846105083,-0.08539166003897669,0.22017361662734414,0,uae,peru
-0.06935121951219503,-0.10975609756097526,-0.9146341463414629,-0.21576829268292697,-0.26829268292682906,-0.8292682926829276,-1.6951219512195124,-0.05035021987434818,-0.02091744885076513,-0.0711667282280769,0,mongolia,switzerland
-0.3070390243902439,-1.4512195121951215,-2.146341463414636,-0.7643170731707318,-1.0121951219512195,-1.8780487804878057,-3.8414634146341466,-0.07686356933109739,0.010724457766250972,0.18866392491552086,0,kazakhstan,brazil
-0.06876463414634149,0.15853658536585336,2.414634146341463,-0.023520731707316944,0.024390243902439046,-1.2073170731707323,-2.487804878048781,0.0005085248836064205,-0.005593946814032691,-0.1710130614537163,0,india,new_zealand
-0.12624146341463405,-0.012195121951219523,1.7804878048780495,-0.16674024390243858,0.07317073170731714,1.3536585365853657,2.7926829268292686,-0.027064897889687634,0.009967363138683016,0.04398263693220883,0,switzerland,saudi_arabia
0.034730487804878196,-0.39024390243902474,-1.7073170731707314,0.03466951219512193,-0.19512195121951237,1.475609756097561,3.012195121951219,-0.06566976565218774,-0.06415493959785146,0.1852063666695022,0,usa,peru
-0.10421463414634125,-0.6341463414634143,-4.6463414634146325,-0.5759231707317074,-0.37804878048780477,0.7439024390243905,1.7439024390243905,-0.03422294318468172,-0.02204876313852172,-0.17169967613129755,1,iceland,serbia
0.002525609756097502,-0.42682926829268286,-1.439024390243901,-0.11741341463414612,-0.18292682926829285,0.5365853658536581,1.0853658536585353,0.007622026143465965,0.0021797559467804928,0.14970670433190714,1,usa,singapore
0.16505365853658538,1.0731707317073167,0.8048780487804876,0.3573402439024389,0.7317073170731709,0.4512195121951219,0.8048780487804876,0.012001743800494846,-0.00972492265167424,0.030815024797096413,1,germany,kazakhstan
0.02677073170731714,0.5,0.07317073170731803,0.2019792682926833,0.4512195121951219,1.3170731707317076,2.6951219512195124,0.017352503346135806,-0.003057544952631386,-0.002837558935245066,0,brazil,china
-0.1494939024390245,-0.9878048780487809,-4.036585365853661,-0.7426097560975604,-0.7439024390243905,0.17073170731707243,0.41463414634146645,-0.07824944622286445,-0.05412057366454798,0.1716376208372743,1,rwanda,pakistan
0.17135853658536582,0.0,-1.073170731707318,0.32694146341463437,-0.060975609756097615,-0.98780487804878,-1.914634146341463,0.03687625331821165,0.036081968630412686,-0.23480772207943412,1,uk,morocco
-0.08383292682926835,-0.024390243902439046,-0.0853658536585371,-0.10084756097560987,-0.060975609756097615,-0.5975609756097562,-1.085365853658537,-0.017316005441940008,-0.036783923220022385,-0.12844274366701414,0,guatemala,mexico
0.025542682926829263,0.024390243902439046,0.9024390243902438,0.2648207317073168,0.0,-3.7560975609756095,-7.841463414634147,0.05971128480957927,0.036612353017627,0.13024883422289757,0,france,oman
0.1915926829268293,0.7317073170731714,0.4146341463414629,0.2868231707317075,0.5609756097560972,2.1707317073170733,4.365853658536585,0.002582060451839674,-0.03189054949750958,0.044274148256937984,1,ethiopia,indonesia
-0.09515731707317077,-0.30487804878048763,-1.3536585365853675,-0.18239756097560944,-0.14634146341463428,0.06097560975609717,0.06097560975609717,0.027363840963352426,0.004689054917684898,-0.01200934639465756,1,netherlands,panama
0.048785365853658336,1.085365853658537,3.073170731707318,0.22833292682926798,0.8048780487804876,2.073170731707317,4.365853658536587,0.0023572565635424647,0.02348602827193591,0.11355264537817256,1,south_korea,canada
0.10416585365853659,0.8414634146341466,2.7073170731707314,0.381003658536585,0.3902439024390243,0.29268292682926855,0.34146341463414664,0.01172611686149394,-0.012070849096657343,-0.07041793746616931,1,singapore,vietnam
0.3948670731707318,1.75609756097561,4.390243902439025,1.0357512195121945,1.231707317073171,1.9024390243902438,3.9146341463414647,0.09581833884457391,0.021089348977895384,0.11831191057703827,1,thailand,kazakhstan
-0.5025829268292683,-1.8292682926829271,-4.0,-1.3065597560975606,-1.4024390243902438,-0.5,-1.048780487804878,-0.158067047572167,-0.05788560676333576,-0.263593977371653,1,mongolia,thailand
-0.026676829268292623,0.15853658536585336,-1.8170731707317067,-0.026703658536585184,0.04878048780487809,0.5487804878048781,1.3780487804878039,-0.008518491600130906,-0.038997629677955836,0.2676513301078315,1,uae,philippines
-0.2336268292682928,-0.5975609756097562,-0.426829268292682,-0.6120365853658534,-0.46341463414634143,-0.7804878048780486,-1.6219512195121961,-0.03338405637277497,0.016084562994689522,-0.32509885307931297,0,peru,thailand
0.03259390243902449,-0.4146341463414638,-0.25609756097560776,0.09723048780487797,-0.3292682926829267,0.48780487804878003,1.048780487804878,-0.006419545181764019,0.0013153551982789669,0.08295965752349066,1,usa,ethiopia
-0.05381707317073192,-1.0,-2.158536585365855,-0.28699878048780514,-0.5853658536585367,0.42682926829268375,0.8414634146341466,-0.052430120395761226,-0.03501974964836285,0.07003470319197802,1,saudi_arabia,netherlands
-0.08629146341463412,-0.2682926829268295,2.402439024390244,-0.06830731707317073,-0.24390243902439002,-3.609756097560976,-7.52439024390244,0.034716143267221666,0.030271225498686882,-0.2278158670605802,1,india,oman
0.10421463414634125,0.6341463414634143,4.6463414634146325,0.5759231707317074,0.37804878048780477,-0.7439024390243905,-1.7439024390243905,0.03422294318468172,0.02204876313852172,0.17169967613129755,1,serbia,iceland
0.14229146341463417,0.7439024390243905,3.036585365853661,0.5313353658536584,0.5,2.085365853658536,4.158536585365852,0.04230734269175351,0.04109623051498568,-0.20186811849246933,0,pakistan,canada
-0.2815682926829268,-0.8170731707317072,-2.5,-0.5429463414634146,-0.4512195121951219,0.2682926829268295,0.8048780487804876,-0.06664953197421347,-0.0405508352527722,0.19921304010534524,1,uae,china
-0.08330243902439038,0.5731707317073171,-0.20731707317073145,-0.1762707317073171,0.1585365853658538,-1.2926829268292686,-2.573170731707318,-0.04121776628584184,-0.04230840006137959,-0.02213476826288674,0,morocco,mexico
-0.20394146341463437,0.1341463414634143,-0.20731707317073145,-0.3093195121951222,0.024390243902439046,-1.7439024390243905,-3.548780487804878,-0.030504168604320314,-0.019277072673032802,-0.07754294366095571,0,indonesia,new_zealand
-0.08598902439024392,0.0,-2.060975609756099,-0.2783365853658535,-0.17073170731707288,-1.3536585365853657,-2.560975609756097,-0.03320118300496133,-0.01331404547541215,-0.05489522802563562,0,canada,mexico
-0.0794999999999999,-0.5243902439024386,-1.7073170731707314,-0.3451390243902437,-0.5121951219512195,1.463414634146341,2.975609756097562,-0.06285071027712863,-0.04039042445940444,0.0035323148185864017,0,mongolia,indonesia
0.02276951219512191,0.7682926829268295,-0.9024390243902438,0.1865585365853657,0.6219512195121952,-2.6097560975609753,-5.439024390243905,0.01532529911522712,-0.00621456097421319,0.017527358330055032,1,germany,rwanda
-0.07018780487804865,-0.09756097560975618,0.8902439024390247,-0.18322073170731779,-0.25609756097560954,-1.487804878048781,-2.97560975609756,-0.03663088086224586,0.015208980423570662,0.012540592619453728,1,panama,brazil
-0.10899268292682907,-1.2804878048780495,-4.7926829268292686,-0.41559512195121906,-0.7926829268292681,-1.1097560975609762,-2.158536585365855,-0.05755943096526983,-0.05008994421942686,-0.2579401521989193,0,vietnam,south_korea
-0.1680682926829271,-1.219512195121951,-2.3048780487804876,-0.5297024390243901,-0.6951219512195124,-1.7804878048780486,-3.6463414634146343,0.012237534934733785,0.019940665183611095,-0.0829773758180824,1,philippines,singapore
-0.06715243902439028,-0.24390243902439046,1.4634146341463428,-0.13371219512195154,-0.12195121951219523,1.2317073170731705,2.512195121951219,-0.008106110800419897,-0.03757431632441327,-0.14580955339665813,0,guatemala,france
-0.1478060975609754,-0.8048780487804876,-1.1829268292682933,-0.42741341463414617,-0.30487804878048763,1.8048780487804876,3.6951219512195124,-0.030372048099853943,0.0062696438304503666,0.08725766024220338,0,new_zealand,uk
0.24538048780487798,1.2073170731707323,1.6829268292682933,0.6536951219512193,0.8780487804878048,1.0975609756097553,2.2439024390243905,0.06319979062819525,0.011575367505794132,0.07479374645480186,1,thailand,canada
0.1934182926829271,0.7926829268292681,1.8292682926829258,0.6471621951219513,0.524390243902439,0.04878048780487809,0.06097560975609717,0.05522981096894086,0.03283853844034024,0.3700448578602781,0,france,philippines
0.1489743902439027,1.3048780487804876,3.5121951219512226,0.4693963414634146,0.7317073170731709,-0.4878048780487809,-0.9024390243902438,0.0250662794324088,0.030330694730677954,-0.05802535679732046,0,panama,saudi_arabia
-0.026915853658536548,0.31707317073170715,2.524390243902438,0.054939024390243674,0.23170731707317094,-0.8902439024390247,-2.060975609756097,0.007740467538787432,0.05181191474035585,-0.1622010557382706,1,indonesia,uae
0.17330731707317049,0.47560975609756095,-2.6463414634146325,0.20220853658536564,0.21951219512195097,0.0853658536585371,0.19512195121951237,0.027896370947499305,-0.02494420534658376,0.05645813342568595,0,china,india
-0.03519024390243919,0.39024390243902385,3.487804878048781,0.23708414634146324,0.13414634146341475,-1.1463414634146343,-2.634146341463415,0.018000866595374865,0.007695241750041271,0.2913612624040752,0,morocco,iceland
0.1282012195121951,0.1829268292682924,3.2073170731707314,0.4618073170731707,0.024390243902439046,-0.8414634146341466,-1.7073170731707314,0.03763997952342979,0.02316953109815978,0.06115727096847079,1,serbia,ethiopia
0.2367756097560978,0.41463414634146334,5.195121951219512,0.6410012195121948,0.41463414634146334,1.3292682926829267,2.2804878048780495,0.07295819721059188,0.07104577501390519,0.0850267180228026,1,mexico,uae
0.1500841463414635,0.24390243902439046,4.060975609756099,0.514692682926829,0.24390243902439046,2.439024390243903,4.902439024390242,0.00732936147592822,0.04143663441208234,0.029782724320491782,1,pakistan,netherlands
-0.05368658536585369,-0.4634146341463419,-0.5487804878048799,-0.28760243902438987,-0.46341463414634143,0.463414634146341,0.9390243902439046,-8.807213434347538e-05,0.023470665947805502,0.03486824229981389,1,rwanda,usa
-0.1419853658536585,-0.37804878048780477,-1.3414634146341484,-0.40697682926829293,-0.2804878048780486,-1.4268292682926838,-3.036585365853659,-0.06486182553060255,0.0009995351145767328,0.21947894971261728,0,germany,brazil
-0.23161707317073188,-0.7073170731707319,-1.012195121951219,-0.4834768292682927,-0.4878048780487805,-1.8536585365853657,-3.914634146341463,-0.00879704062348552,-0.0028848759689525383,-0.05964670622115631,0,switzerland,oman
0.1478060975609754,0.8048780487804876,1.1829268292682933,0.42741341463414617,0.30487804878048763,-1.8048780487804876,-3.6951219512195124,0.030372048099853943,-0.0062696438304503666,-0.08725766024220338,0,uk,new_zealand
-0.1174951219512197,0.09756097560975618,1.1097560975609753,-0.12046341463414656,-0.024390243902439046,-1.8292682926829267,-3.987804878048781,0.02318562773488425,0.020684101149353762,-0.04794503891469082,0,indonesia,vietnam
0.06376585365853682,0.47560975609756095,5.158536585365855,0.4478451219512194,0.4390243902439024,0.6829268292682924,1.3780487804878039,0.03333731674295726,0.011890275800849281,0.08806862397960458,1,guatemala,saudi_arabia
0.032204878048780694,0.036585365853658125,-0.2682926829268304,0.15208292682926805,-0.012195121951219523,0.9390243902439028,1.9268292682926838,-0.0732917917956537,-0.06633469554463195,0.03549966233759505,0,singapore,peru
-0.10771585365853653,-0.07317073170731714,0.39024390243902474,-0.2708085365853661,-0.17073170731707288,1.4024390243902438,2.8658536585365866,-0.06224870872759308,-0.03679625778544038,-0.14528206679461475,1,mongolia,kazakhstan
-0.04662926829268277,-1.1097560975609762,-1.0975609756097562,-0.05084390243902437,-0.6951219512195124,-1.3170731707317076,-2.8902439024390265,0.01352792099947886,-0.046955906016546145,-0.18710016101955107,0,guatemala,south_korea
0.10809390243902461,0.7195121951219514,2.731707317073173,0.3466841463414636,0.5487804878048781,1.7195121951219505,3.5365853658536572,-0.018401892216831528,-0.001134855551908287,0.09651739966597417,0,usa,saudi_arabia
-0.39616707317073185,-1.6219512195121957,-4.817073170731707,-1.0163597560975606,-1.1219512195121952,-1.0731707317073162,-1.9634146341463428,-0.1029568048338258,-0.06930709704428717,-0.10492523645196883,1,uae,thailand
-0.34456707317073176,-1.4268292682926824,-2.646341463414636,-0.8519048780487801,-0.9268292682926829,1.012195121951219,2.0,-0.10248139719644461,-0.04128078044276007,0.030841265501452386,0,mongolia,panama
0.043069512195121895,0.4512195121951219,0.9146341463414629,0.3096073170731706,0.26829268292682906,-1.3536585365853657,-2.8048780487804876,0.025503666425964022,0.0007471807049074242,0.18705163982976147,1,france,new_zealand
-0.007202439024390328,-0.24390243902439046,-1.0,-0.21127439024390204,-0.24390243902439046,2.2560975609756087,4.573170731707318,-0.035942103531110936,-0.0130243431495623,-0.030230497655195032,0,rwanda,canada
0.12652439024390238,0.29268292682926855,4.914634146341463,0.4656207317073169,0.19512195121951192,0.8170731707317076,1.7439024390243905,0.028822297724310164,0.0045980709262885,-0.07419798718488879,1,serbia,germany
0.041271951219512326,0.07317073170731714,-0.8658536585365866,0.09167560975609756,0.07317073170731714,1.1951219512195124,2.560975609756099,-0.03545947425935292,-0.009680410458180855,-0.24756590404966494,1,singapore,morocco
-0.11585243902439002,-1.048780487804878,-3.414634146341463,-0.43931097560975596,-0.6097560975609753,0.4146341463414638,0.8902439024390247,-0.00971787137094915,0.027998091072382603,-0.027888475564453064,1,new_zealand,serbia
-0.04662926829268277,-1.1097560975609762,-1.0975609756097562,-0.05084390243902437,-0.6951219512195124,-1.3170731707317076,-2.8902439024390265,0.01352792099947886,-0.046955906016546145,-0.18710016101955107,1,guatemala,south_korea
0.015260975609755922,0.15853658536585336,-3.597560975609756,-0.1490743902439018,0.15853658536585336,-1.012195121951219,-1.9878048780487791,0.0019376784229652166,-0.0613346697533379,-0.03031397054528795,0,brazil,pakistan
-0.17330731707317049,-0.47560975609756095,2.6463414634146325,-0.20220853658536564,-0.21951219512195097,-0.0853658536585371,-0.19512195121951237,-0.027896370947499305,0.02494420534658376,-0.05645813342568595,1,india,china
0.16015487804878048,-0.06097560975609806,0.9756097560975618,0.4499097560975609,-0.2804878048780486,-2.2317073170731705,-4.512195121951219,0.058294156252334584,0.044897978340092015,-0.05398886483818566,0,uk,ethiopia
-0.025376829268292544,0.024390243902439046,-1.3902439024390247,-0.04609512195121912,-0.060975609756097615,-0.2804878048780495,-0.573170731707318,-0.001380025610879021,0.00922011838843595,0.25426465598276204,1,kazakhstan,philippines
0.026123170731707557,-0.42682926829268286,-2.8902439024390247,-0.17667682926829276,-0.21951219512195141,0.8902439024390247,2.0,-0.05583318413167565,-0.06434952683649237,-0.008295696016815235,0,iceland,peru
-0.18005853658536597,-1.0121951219512195,-0.37804878048780566,-0.4537390243902437,-0.5121951219512195,1.7804878048780495,3.634146341463415,-0.07949501828544886,-0.025052386509679836,0.11401734012418685,0,switzerland,netherlands
-0.221468292682927,-0.29268292682926855,-0.21951219512195053,-0.354106097560976,-0.24390243902439002,-4.146341463414634,-8.585365853658537,0.0037034497792949317,0.01658809963968677,-0.13434574926781961,0,indonesia,oman
0.5025829268292683,1.8292682926829271,4.0,1.3065597560975606,1.4024390243902438,0.5,1.048780487804878,0.158067047572167,0.05788560676333576,0.263593977371653,1,thailand,mongolia
-0.11039512195121959,-1.585365853658537,-6.256097560975611,-0.49868902439024376,-1.1341463414634148,-2.0,-4.26829268292683,-0.019809395743478397,-0.058846181817395427,-0.27516878499915565,1,saudi_arabia,south_korea
0.2314902439024391,0.5731707317073171,1.8780487804878057,0.6745975609756094,0.3292682926829271,-0.20731707317073234,-0.34146341463414487,0.09263427684319869,0.0493857318014409,0.22285214393330144,0,thailand,ethiopia
0.007202439024390328,0.24390243902439046,1.0,0.21127439024390204,0.24390243902439046,-2.2560975609756087,-4.573170731707318,0.035942103531110936,0.0130243431495623,0.030230497655195032,0,canada,rwanda
-0.33014268292682947,-1.25609756097561,-4.439024390243905,-0.9684317073170727,-0.75609756097561,-0.6585365853658534,-1.2682926829268268,-0.08682437976137708,-0.06648902092176218,0.08423461580369507,1,switzerland,pakistan
-0.05472682926829253,-0.012195121951219967,-2.6829268292682897,-0.24186463414634174,-0.17073170731707288,-0.8780487804878048,-1.6829268292682915,-0.0005913530559534808,0.009611374382705429,-0.13274036990827476,1,panama,serbia
0.1886634146341466,0.5975609756097566,1.5,0.22764634146341445,0.4390243902439024,1.1829268292682924,2.3414634146341466,0.013739564329375176,0.021042133202484326,-0.22846931264415937,1,iceland,uae
0.1351768292682929,0.024390243902439046,2.6219512195121943,0.28579878048780527,0.0,0.5365853658536581,1.0609756097560972,0.031012693487926735,0.013683125859000111,-0.0934701177927606,0,india,indonesia
-0.15486585365853656,-0.3292682926829267,2.414634146341463,-0.2801951219512202,-0.3292682926829267,-1.01219512195122,-2.1829268292682933,-0.05226160439559924,-0.008755915347615217,0.26494254880050616,0,morocco,brazil
0.028391463414634277,0.12195121951219523,2.8902439024390247,0.2184573170731703,0.024390243902439046,1.6097560975609762,3.4146341463414647,-0.02285925312434961,-0.019435860920372805,-0.20210230496177606,1,singapore,germany
0.16337682926829267,1.1829268292682928,2.512195121951219,0.3611536585365851,0.9024390243902438,2.109756097560976,4.2560975609756095,0.0031840620013752208,-0.02829638282354552,-0.10454023335626317,1,ethiopia,kazakhstan
-0.08701585365853637,-0.20731707317073145,0.24390243902438868,-0.1339012195121949,0.024390243902439046,3.524390243902439,7.329268292682928,-0.06261251421472097,-0.0053270201521031235,0.17135773363489426,0,oman,china
0.08644634146341468,-0.036585365853658125,1.3170731707317067,0.18885609756097566,-0.04878048780487809,-0.08536585365853622,-0.43902439024390283,0.053689796339204565,0.039961173822386564,0.02959790474626489,0,new_zealand,vietnam
-0.03532317073170721,0.17073170731707332,3.012195121951219,0.18934756097560967,0.23170731707317094,-2.585365853658536,-5.29268292682927,0.034938250352194555,0.02078765421042522,-0.25557216587300313,1,india,rwanda
-0.17188902439024378,-0.5975609756097562,1.1951219512195124,-0.25151829268292714,-0.1585365853658538,1.6829268292682924,3.402439024390244,-0.012974492474309818,-0.03055749178905548,0.12849974667530673,1,guatemala,uk
-0.1934182926829271,-0.7926829268292681,-1.8292682926829258,-0.6471621951219513,-0.524390243902439,-0.04878048780487809,-0.06097560975609717,-0.05522981096894086,-0.03283853844034024,-0.3700448578602781,1,philippines,france
0.07423536585365875,-0.6097560975609762,0.8048780487804876,0.2366780487804876,-0.24390243902439046,1.036585365853659,1.9390243902439028,0.0033854487495410535,-0.014345885025071503,0.30520033465014673,0,mexico,peru
-0.1492939024390243,-1.060975609756098,-4.012195121951219,-0.6521792682926826,-0.8170731707317072,1.7926829268292677,3.695121951219514,-0.044147596839537284,0.0016164900479246902,0.05667062885483376,0,rwanda,serbia
0.1489743902439027,1.3048780487804876,3.5121951219512226,0.4693963414634146,0.7317073170731709,-0.4878048780487809,-0.9024390243902438,0.0250662794324088,0.030330694730677954,-0.05802535679732046,1,panama,saudi_arabia
-0.2314902439024391,-0.5731707317073171,-1.8780487804878057,-0.6745975609756094,-0.3292682926829271,0.20731707317073234,0.34146341463414487,-0.09263427684319869,-0.0493857318014409,-0.22285214393330144,0,ethiopia,thailand
0.023552439024390415,-0.8048780487804876,-2.2560975609756113,-0.1004719512195118,-0.36585365853658525,0.8170731707317076,1.7804878048780495,0.006504205218357706,0.04235161246086305,-0.14755006183723074,0,new_zealand,morocco
0.30848414634146337,0.5,-0.024390243902438158,0.4880073170731709,0.21951219512195097,0.6219512195121952,1.2560975609756095,0.05890906443542604,-0.011261079487583647,-0.037011984367074646,0,china,indonesia
-0.12672439024390258,-0.21951219512195141,-4.939024390243905,-0.5560512195121947,-0.12195121951219523,-2.439024390243903,-5.024390243902438,-0.06292414710763733,-0.06033513463876117,0.18916497916732933,0,germany,pakistan
0.19960487804878047,1.1219512195121957,2.658536585365855,0.47875487804878025,0.6707317073170733,-1.1097560975609762,-2.2682926829268304,0.07433277132504384,0.053052720907260154,-0.13267160393573685,1,peru,switzerland
-0.3199939024390246,-0.8414634146341466,-3.646341463414636,-0.839060975609756,-0.5121951219512195,-2.951219512195122,-5.939024390243901,-0.07432388935859663,-0.04701604531312287,0.009535572757031763,0,indonesia,pakistan
0.04160975609756101,0.21951219512195141,-2.3658536585365866,-0.13110853658536525,0.12195121951219523,2.524390243902439,5.329268292682928,-0.05160517400915937,0.0009619633067862732,0.015560719173760562,0,oman,guatemala
0.21009878048780517,0.5731707317073167,3.3780487804878057,0.6142975609756096,0.46341463414634143,1.8780487804878048,3.6585365853658534,0.06443970561046097,0.03204814533594935,0.3526780481306341,1,mexico,philippines
0.02282439024390248,0.0,0.9634146341463392,0.23487317073170733,0.012195121951219523,-2.2682926829268286,-4.670731707317072,0.05984531976020868,0.05059944767717084,0.13736077771028854,0,france,usa
0.25720243902439033,0.6219512195121948,2.3170731707317067,0.6528646341463413,0.524390243902439,-0.5975609756097553,-1.1951219512195124,0.09486725694397175,0.04631023925754163,0.18880023091685116,0,canada,mongolia
0.03473292682926821,0.5731707317073171,-3.0365853658536572,0.038569512195121725,0.26829268292682906,-0.024390243902439046,-0.024390243902438158,0.035981834394741674,-0.008103714957959585,0.05415182071523705,1,netherlands,india
0.18736341463414652,0.7317073170731709,1.073170731707318,0.24703780487804838,0.5487804878048781,2.01219512195122,4.2926829268292686,0.00660109834012329,-0.02717561486390746,-0.21508263851908993,1,iceland,kazakhstan
-0.21775975609756082,-1.0975609756097562,-1.1585365853658551,-0.5695231707317077,-0.6463414634146338,-0.10975609756097615,0.03658536585365901,-0.0994471955164461,-0.006365476709138729,0.08779458221701053,1,vietnam,brazil
0.3248317073170732,0.9878048780487805,3.914634146341463,0.7916719512195121,0.5121951219512195,-0.9512195121951219,-2.2073170731707314,0.06861668424296169,0.06481934358293828,-0.17191577231951827,1,uk,uae
0.004826829268292476,0.43902439024390283,2.085365853658537,0.03459146341463404,0.4024390243902438,0.8170731707317076,1.8170731707317085,0.04583331410377589,0.062160793316084206,0.3283580896650886,1,south_korea,singapore
-0.19727073170731724,-0.6341463414634148,-2.6829268292682933,-0.43899268292682914,-0.46341463414634143,-1.7682926829268286,-3.3536585365853657,-0.003902982808863087,-0.021236720441125234,0.03496724995784195,0,uae,usa
-0.02677073170731714,-0.5,-0.07317073170731803,-0.2019792682926833,-0.4512195121951219,-1.3170731707317076,-2.6951219512195124,-0.017352503346135806,0.003057544952631386,0.002837558935245066,1,china,brazil
0.19659512195121964,0.12195121951219523,-1.3902439024390247,0.4253621951219513,0.07317073170731714,-0.9756097560975618,-2.121951219512196,0.06084253406465279,-0.011910660766141778,-0.0387588989233707,0,thailand,south_korea
0.0530048780487804,-0.04878048780487809,0.7195121951219505,-0.024012195121950963,-0.25609756097561,1.2926829268292677,2.3658536585365866,0.01926007087061643,0.013579572797928652,0.11415700916555171,0,rwanda,vietnam
-0.012348780487805078,0.8658536585365857,0.20731707317073145,-0.022496341463414726,0.5853658536585362,0.42682926829268286,0.8170731707317067,-0.02792210815248064,-0.05116762217054238,-0.033268795404017726,1,ethiopia,new_zealand
0.028215853658536627,-0.45121951219512146,-2.097560975609756,-0.07433048780487761,-0.34146341463414664,0.06097560975609717,0.10975609756097526,-0.0006020015495355469,-0.003594166673964061,0.14881438161320115,1,kazakhstan,indonesia
-0.048112195121951196,0.1829268292682933,-3.6951219512195124,-0.41335487804878035,0.024390243902439046,-0.14634146341463428,0.06097560975609717,-0.059218632881216704,-0.05000364181142086,-0.31349603066696197,1,iceland,mexico
0.31863292682926825,0.9146341463414633,0.7682926829268304,0.6173780487804876,0.46341463414634143,-1.6707317073170733,-3.4146341463414647,0.07140955483820649,0.008211896121055662,-0.11171102741373795,1,china,switzerland
0.09852560975609759,0.5487804878048781,3.4268292682926855,0.48495487804878,0.2682926829268295,-1.1951219512195124,-2.646341463414636,0.07802733913789156,0.06360414495280964,-0.14388132202485138,1,pakistan,oman
-0.12410975609756125,-0.5731707317073167,-1.3170731707317067,-0.33596097560975613,-0.29268292682926855,-0.524390243902439,-1.0975609756097562,-0.03123852260549964,-0.0187340998605372,-0.29778282010499846,1,philippines,canada
0.1846170731707315,0.8902439024390247,1.0,0.4628317073170729,0.5853658536585362,0.7926829268292686,1.5975609756097562,0.009209346487342729,-0.022404144258349912,0.19890153701816937,0,serbia,india
0.07717682926829283,1.024390243902439,1.2804878048780495,0.24564024390243944,0.7073170731707319,-0.42682926829268375,-0.9634146341463428,-0.0031646652359478833,0.016121249421684025,0.1489130002958431,1,germany,saudi_arabia
0.0460987804878048,0.51219512195122,1.2195121951219505,0.1262670731707316,0.47560975609756095,2.01219512195122,4.378048780487807,0.010373839844422972,0.05248038285790335,0.08079218561542367,0,south_korea,morocco
-0.043406097560975576,-0.15853658536585336,0.6585365853658516,-0.005298780487804855,0.0,1.6707317073170733,3.3536585365853657,-0.05109019779270629,-0.033645306229366734,0.004836052131387492,0,singapore,panama
0.019546341463414496,0.10975609756097615,2.2804878048780495,0.025015853658536535,0.1585365853658538,0.6707317073170733,1.3658536585365848,-0.005162246960405015,0.028000334397580318,-0.018654263811549998,0,peru,netherlands
0.06662195121951231,-0.3536585365853657,-1.3414634146341484,0.20913536585365877,-0.09756097560975618,-0.5365853658536581,-1.0243902439024382,0.03200787164432173,0.04309879316577048,0.039501577992530734,1,france,morocco
-0.4312475609756097,-1.195121951219512,-3.097560975609756,-1.081871951219512,-0.7926829268292681,1.5243902439024382,3.121951219512196,-0.12372692698130289,-0.053397853301986875,0.013247031399834075,1,mongolia,uk
0.007202439024390328,0.24390243902439046,1.0,0.21127439024390204,0.24390243902439046,-2.2560975609756087,-4.573170731707318,0.035942103531110936,0.0130243431495623,0.030230497655195032,1,canada,rwanda
-0.11459878048780503,-0.8048780487804885,-2.3170731707317067,-0.473413414634146,-0.6707317073170733,-1.3414634146341458,-2.7682926829268304,-0.03630727285961233,-0.02875626179151497,-0.30413827655731407,1,china,thailand
-0.0623634146341463,-0.17073170731707332,-3.6951219512195124,-0.3647512195121947,-0.09756097560975574,0.20731707317073145,0.7317073170731714,-0.07108735196474869,-0.003134038202880718,-0.07083999117936823,0,vietnam,guatemala
0.14759878048780517,0.5,5.243902439024392,0.5486926829268293,0.5,1.2804878048780486,2.463414634146341,0.050653322184897265,0.04867419902087167,0.2165113676466187,1,mexico,saudi_arabia
-0.002301219512194974,-0.8658536585365857,-3.524390243902438,-0.15200487804878016,-0.5853658536585367,-0.2804878048780495,-0.7317073170731732,-0.038211287960309925,-0.059981037369303714,-0.17865138533318148,1,usa,south_korea
0.22166097560975628,0.7439024390243905,1.5975609756097562,0.5014670731707316,0.41463414634146334,2.1219512195121952,4.329268292682928,-0.01145951087339031,-0.032754950246011105,-0.022472898551478493,0,singapore,indonesia
-0.36189634146341465,-1.0853658536585367,-2.1829268292682933,-0.8661036585365851,-0.524390243902439,2.3536585365853657,4.8170731707317085,-0.07337670710695471,-0.032480404451221745,0.08441375962791098,1,switzerland,uk
-0.0016768292682927122,0.10975609756097615,1.7073170731707314,0.003813414634146195,0.17073170731707288,1.6585365853658542,3.451219512195122,-0.008817681799119625,-0.01857146017187128,-0.13535525815335958,0,ethiopia,germany
-0.07561097560975627,-0.19512195121951148,0.926829268292682,-0.1573817073170729,0.012195121951219523,0.7317073170731705,1.426829268292682,0.02220159400294741,0.032689389315265216,-0.03066361020620756,0,peru,panama
-0.043069512195121895,-0.4512195121951219,-0.9146341463414629,-0.3096073170731706,-0.26829268292682906,1.3536585365853657,2.8048780487804876,-0.025503666425964022,-0.0007471807049074242,-0.18705163982976147,0,new_zealand,france
0.03175365853658518,-0.17073170731707332,-2.2560975609756113,-0.10232804878048762,-0.23170731707317094,-3.012195121951219,-6.085365853658535,-0.013447672654422371,-0.03400861647054043,-0.00017914382421591046,1,uk,pakistan
-0.0013000000000000789,0.1341463414634143,-0.426829268292682,0.019391463414633936,0.10975609756097571,0.8292682926829276,1.951219512195122,-0.007138465989251885,-0.048217748066391786,0.013386674125069442,0,uae,kazakhstan
-0.010479268292682864,-0.07317073170731714,-2.8780487804878057,-0.08542317073170702,-0.07317073170731714,-0.4146341463414638,-0.7317073170731696,0.0429945644967058,0.028653950688870777,-0.26441130257571,0,netherlands,morocco
0.08040243902439026,0.2560975609756104,-3.6463414634146325,-0.1130914634146345,0.20731707317073145,1.536585365853659,3.3414634146341466,-0.02501359669733899,-0.04445290739687163,0.02720186088687182,0,iceland,india
0.3992939024390243,1.4390243902439024,5.329268292682926,1.0937695121951219,1.0975609756097557,-0.1341463414634143,-0.3170731707317085,0.1030727502523981,0.03166940606005464,0.10189910440682237,0,serbia,mongolia
-0.23161707317073188,-0.7073170731707319,-1.012195121951219,-0.4834768292682927,-0.4878048780487805,-1.8536585365853657,-3.914634146341463,-0.00879704062348552,-0.0028848759689525383,-0.05964670622115631,1,switzerland,oman
-0.19597073170731716,-0.7682926829268291,-2.2560975609756113,-0.4583841463414631,-0.5731707317073171,-2.597560975609756,-5.304878048780488,0.0032354831803887985,0.02698102762526655,0.02158057583277251,0,kazakhstan,usa
0.02276951219512191,0.7682926829268295,-0.9024390243902438,0.1865585365853657,0.6219512195121952,-2.6097560975609753,-5.439024390243905,0.01532529911522712,-0.00621456097421319,0.017527358330055032,0,germany,rwanda
0.04222317073170734,-0.19512195121951237,2.4512195121951237,0.23195609756097513,-0.060975609756097615,-1.9268292682926829,-4.2439024390243905,0.06892117945109938,0.03582195991323611,0.11288202449325357,0,mexico,oman
-0.36949024390243923,-1.780487804878049,-3.0,-0.9896560975609754,-1.1707317073170733,-1.6219512195121943,-3.3414634146341466,-0.09443831323369489,-0.030309467366331333,-0.3725765665598003,0,philippines,thailand
0.0530048780487804,-0.04878048780487809,0.7195121951219505,-0.024012195121950963,-0.25609756097561,1.2926829268292677,2.3658536585365866,0.01926007087061643,0.013579572797928652,0.11415700916555171,0,rwanda,vietnam
-0.2710926829268292,-1.25609756097561,-2.1219512195121943,-0.6319621951219512,-1.0731707317073167,-0.7073170731707323,-1.390243902439023,-0.0654327707289683,-0.00849987496189486,-0.04074183343835158,1,mongolia,ethiopia
-0.019546341463414496,-0.10975609756097615,-2.2804878048780495,-0.025015853658536535,-0.1585365853658538,-0.6707317073170733,-1.3658536585365848,0.005162246960405015,-0.028000334397580318,0.018654263811549998,0,netherlands,peru
-0.26369146341463434,-0.09756097560975618,-2.670731707317074,-0.5860621951219511,-0.1829268292682924,-2.2195121951219514,-4.341463414634147,-0.06521772967180445,-0.01923386027354934,-0.2472277737610732,0,indonesia,mexico
0.06876463414634149,-0.15853658536585336,-2.414634146341463,0.023520731707316944,-0.024390243902439046,1.2073170731707323,2.487804878048781,-0.0005085248836064205,0.005593946814032691,0.1710130614537163,0,new_zealand,india
0.14229146341463417,0.7439024390243905,3.036585365853661,0.5313353658536584,0.5,2.085365853658536,4.158536585365852,0.04230734269175351,0.04109623051498568,-0.20186811849246933,0,pakistan,canada
0.20341829268292688,1.0365853658536586,-0.5,0.412380487804878,0.6341463414634148,-1.7804878048780495,-3.7560975609756113,0.02390023265373975,0.006153886283001009,0.10493036336363426,1,germany,switzerland
-0.08682317073170709,0.24390243902439046,1.6219512195121943,0.013459756097560671,0.19512195121951237,1.5,3.073170731707318,-0.07036857530881635,-0.021493870758427458,0.014539085815596153,1,singapore,china
-0.025542682926829263,-0.024390243902439046,-0.9024390243902438,-0.2648207317073168,0.0,3.7560975609756095,7.841463414634147,-0.05971128480957927,-0.036612353017627,-0.13024883422289757,0,oman,france
-0.3036865853658537,-0.8414634146341462,-1.8658536585365866,-0.7291926829268291,-0.74390243902439,-1.1951219512195124,-2.439024390243901,-0.059013225547204284,-0.009815230160173827,-0.12370149096184224,0,mongolia,usa
-0.13616829268292663,-0.39024390243902385,-2.414634146341463,-0.5640256097560976,-0.07317073170731714,2.1341463414634143,4.548780487804878,-0.054877119913586514,-0.04377721038045396,-0.056553540324641105,0,iceland,uk
-0.1399353658536584,-0.8414634146341466,-1.0365853658536572,-0.2634158536585369,-0.46341463414634143,0.29268292682926855,0.5975609756097562,0.007679684254594976,-0.008829044547123244,0.013353610868650279,0,guatemala,serbia
0.21916219512195134,1.4024390243902438,2.621951219512198,0.6526170731707324,0.9878048780487805,1.0,2.0731707317073162,0.06169716029465466,0.015121714307107292,-0.07056594941677419,1,brazil,saudi_arabia
-0.0385792682926831,0.2804878048780495,2.7439024390243887,0.029292682926829183,0.4024390243902438,2.487804878048781,5.170731707317074,-0.005256883688930403,0.028515487086717473,0.3331941417964761,0,south_korea,panama
-0.16475487804878042,-1.1463414634146343,-0.4390243902439046,-0.5935353658536586,-0.9024390243902438,1.1829268292682915,2.4024390243902456,-0.08018712464582967,0.007214096088789923,0.20195159138256225,0,rwanda,brazil
0.00020000000000020002,-0.07317073170731714,0.02439024390244171,0.09043048780487783,-0.0731707317073167,1.6219512195121952,3.2804878048780477,0.034101849383327165,0.05573706371247267,-0.11496699198244054,1,pakistan,serbia
-0.05809268292682912,-0.5975609756097562,3.914634146341463,0.002789024390243977,-0.3902439024390243,0.024390243902439046,0.14634146341463428,0.019612951236967435,0.027002215184638412,-0.27309952420305816,0,india,germany
0.07347439024390257,0.17073170731707243,0.5243902439024417,0.21994268292682895,-0.14634146341463383,-1.7195121951219514,-3.390243902439023,0.03704862646747631,0.03278090548086521,-0.07158309893980397,1,panama,ethiopia
0.06429634146341479,1.0731707317073171,5.036585365853661,0.37242195121951216,0.6585365853658538,-0.012195121951219967,-0.10975609756097704,0.009435555899055426,0.006365798959492075,0.19437659938373197,1,morocco,saudi_arabia
-0.221468292682927,-0.29268292682926855,-0.21951219512195053,-0.354106097560976,-0.24390243902439002,-4.146341463414634,-8.585365853658537,0.0037034497792949317,0.01658809963968677,-0.13434574926781961,0,indonesia,oman
-0.13967682926829283,-1.0975609756097557,0.5853658536585371,-0.3112451219512198,-0.6707317073170733,-0.17073170731707243,-0.2317073170731696,-0.010621718189615825,0.0005048042632382899,-0.28507968077985846,1,philippines,germany
-0.11902804878048778,0.20731707317073234,1.8902439024390247,-0.13862317073170738,0.2073170731707319,0.5609756097560972,1.1463414634146343,0.0029232164868373545,0.04484082478620449,-0.020960576521998897,1,peru,china
0.14169390243902447,1.0487804878048776,1.6829268292682933,0.3986987804878046,0.6097560975609757,0.4512195121951219,0.9268292682926838,0.06759652943220396,0.009173577575004588,-0.1881326786907247,1,netherlands,kazakhstan
0.1503487804878052,0.3414634146341462,0.9146341463414629,0.3375548780487807,0.25609756097561,1.4024390243902438,2.865853658536585,0.02972614454297684,0.03209135773543281,0.1829932180305166,0,new_zealand,philippines
0.00860731707317064,0.036585365853658125,1.1829268292682933,0.2113463414634147,0.024390243902439046,0.5853658536585362,1.012195121951219,-0.009836581520512089,0.00019458723864090866,0.19350206268631742,0,usa,iceland
0.07133536585365863,0.6341463414634152,0.9024390243902438,0.2246878048780485,0.6097560975609757,2.024390243902438,4.170731707317074,0.03434012059086411,0.004487753461348887,0.2768410087714871,0,thailand,uk
-0.2738402439024392,-0.5121951219512195,-3.4634146341463428,-0.7154329268292678,-0.42682926829268286,0.07317073170731714,0.32926829268292757,-0.0777182200745849,-0.03870683588218865,-0.17252873071440988,1,switzerland,mexico
0.2593585365853659,0.5975609756097557,4.2926829268292686,0.8303536585365849,0.6341463414634143,0.15853658536585424,0.2804878048780477,0.11075243450699307,0.022840361512931395,0.11525271527547265,1,guatemala,mongolia
0.06930853658536584,0.21951219512195141,0.5121951219512191,0.31120121951219515,0.2317073170731705,-0.47560975609756095,-1.036585365853659,0.02399128836344122,0.014104438579803036,0.07226203775527962,1,france,canada
-0.10899268292682907,-1.2804878048780495,-4.7926829268292686,-0.41559512195121906,-0.7926829268292681,-1.1097560975609762,-2.158536585365855,-0.05755943096526983,-0.05008994421942686,-0.2579401521989193,1,vietnam,south_korea
0.19474512195121974,1.0609756097560976,4.121951219512194,0.5564060975609753,0.6463414634146343,1.2317073170731705,2.2682926829268304,-0.0037190433346028784,0.01905696449434474,-0.1846739542897491,0,singapore,uae
-0.04948780487804871,-0.6219512195121943,-1.9634146341463428,-0.33405853658536566,-0.2073170731707319,1.6219512195121952,3.426829268292682,-0.03363159012872824,-0.03166013752122715,-0.038959306223022794,0,iceland,panama
0.1494939024390245,0.9878048780487809,4.036585365853661,0.7426097560975604,0.7439024390243905,-0.17073170731707243,-0.41463414634146645,0.07824944622286445,0.05412057366454798,-0.1716376208372743,1,pakistan,rwanda
-0.13940487804878043,-0.24390243902439046,-1.1585365853658516,-0.33883902439024416,-0.24390243902439002,-0.4024390243902438,-0.8902439024390247,-0.016222076589306855,-0.01435352138848045,0.11966158627277768,0,morocco,serbia
-0.019084146341463715,-0.42682926829268286,-5.195121951219512,-0.24842926829268341,-0.3170731707317076,0.4024390243902447,0.8170731707317085,-0.016448286001019552,-0.04312346460632244,0.12418652390721507,1,saudi_arabia,india
0.27521585365853674,1.3170731707317072,1.7317073170731732,0.6361365853658532,0.6585365853658538,-1.8414634146341466,-3.6951219512195124,0.052131177322096434,0.020363331591994938,-0.10200799372952929,1,panama,switzerland
0.0027182926829267817,0.024390243902439046,-0.060975609756095395,0.029947560975609466,-0.012195121951219523,-1.487804878048781,-3.170731707317074,-0.00013403495062941362,-0.013987094659543842,-0.00711194348739097,0,usa,oman
-0.11689146341463408,0.23170731707317138,0.43902439024390105,-0.20118414634146342,0.3414634146341462,1.548780487804878,3.1097560975609753,-0.056327003983586366,-0.020629470009925932,0.08128613262401263,1,ethiopia,china
0.193269512195122,0.6219512195121952,-1.2926829268292686,0.2830097560975613,0.3902439024390243,0.5121951219512191,0.9146341463414629,0.0113997422509593,-0.0133190893256383,0.17962940641029757,0,germany,indonesia
0.06390243902439052,0.3780487804878043,-0.4024390243902438,0.14869878048780505,0.3048780487804881,1.48780487804878,3.3048780487804876,-0.023963651796227725,-0.007869816086953751,0.1533953132842517,0,vietnam,philippines
0.29507926829268305,0.8048780487804881,0.6829268292682933,0.5178463414634145,0.719512195121951,0.6097560975609762,1.426829268292682,0.06884980706771637,0.009620642921532918,-0.06980057172447518,1,iceland,mongolia
-0.18183780487804868,-0.07317073170731714,-1.8048780487804876,-0.4123646341463414,-0.012195121951219523,0.5731707317073162,1.1829268292682933,0.006118311178494151,-0.007428017941541909,-0.029603580496275872,1,netherlands,uk
-0.07710121951219517,0.2804878048780486,-1.5365853658536572,-0.2945585365853658,0.024390243902439046,0.12195121951219434,0.29268292682926855,0.010986692852384072,-0.0144448424768997,-0.30391288056824073,1,netherlands,france
0.17702560975609782,0.18292682926829285,2.7317073170731696,0.3642585365853659,0.2073170731707319,0.8536585365853657,1.487804878048781,0.038244636143107746,0.07108898741338865,-0.08465811207731488,1,new_zealand,uae
0.2432243902439024,1.2317073170731714,-0.29268292682926855,0.47620609756097565,0.7682926829268295,0.34146341463414576,0.7682926829268304,0.04731461306517393,0.03504524525040437,0.14834126209618037,1,thailand,guatemala
-0.21879512195121964,-0.7682926829268291,-3.2195121951219505,-0.6932573170731704,-0.5853658536585367,-0.32926829268292757,-0.6341463414634152,-0.05660983657981988,-0.023618420051904288,-0.11578020187751603,0,kazakhstan,france
-0.03720365853658558,1.085365853658537,1.012195121951219,-0.050003658536585505,0.6341463414634148,0.7195121951219514,1.8048780487804894,-0.030843926441418867,0.01017198279652376,0.058657417352536934,1,south_korea,mexico
0.04395853658536586,0.6463414634146343,0.9878048780487809,0.19374146341463394,0.4024390243902438,1.2560975609756095,2.548780487804878,-0.043476057540233426,-0.038674765044148296,-0.21480544428691606,0,singapore,canada
-0.14579878048780492,-0.29268292682926766,1.8170731707317067,-0.3406024390243907,-0.24390243902439002,-0.7560975609756104,-1.548780487804878,-0.014429286859298451,0.04789836973883588,-0.01812301758675383,1,peru,brazil
0.0623634146341463,0.17073170731707332,3.6951219512195124,0.3647512195121947,0.09756097560975574,-0.20731707317073145,-0.7317073170731714,0.07108735196474869,0.003134038202880718,0.07083999117936823,0,guatemala,vietnam
0.1419853658536585,0.37804878048780477,1.3414634146341484,0.40697682926829293,0.2804878048780486,1.4268292682926838,3.036585365853659,0.06486182553060255,-0.0009995351145767328,-0.21947894971261728,1,brazil,germany
-0.08199634146341461,0.6829268292682933,3.7073170731707314,0.04805121951219471,0.5975609756097562,2.3170731707317076,4.8902439024390265,-0.02453526120504046,0.04066692255765675,0.34289717548068477,1,south_korea,china
0.22418658536585379,0.3170731707317076,0.15853658536585513,0.38405365853658546,0.2317073170731705,2.6585365853658534,5.414634146341463,-0.0038374847299243453,-0.030575194299230612,0.12723380578042864,1,usa,indonesia
-0.0013000000000000789,0.1341463414634143,-0.426829268292682,0.019391463414633936,0.10975609756097571,0.8292682926829276,1.951219512195122,-0.007138465989251885,-0.048217748066391786,0.013386674125069442,1,uae,kazakhstan
-0.013410975609756015,-0.5487804878048781,3.8780487804878057,0.20220487804877996,-0.2682926829268295,1.1097560975609762,2.3414634146341466,0.03650198197890514,-0.004230973620834744,-0.06084437631623851,0,guatemala,germany
-0.2314902439024391,-0.5731707317073171,-1.8780487804878057,-0.6745975609756094,-0.3292682926829271,0.20731707317073234,0.34146341463414487,-0.09263427684319869,-0.0493857318014409,-0.22285214393330144,1,ethiopia,thailand
-0.08158414634146371,-0.49999999999999956,-3.329268292682926,-0.31403414634146376,-0.28048780487804903,-0.19512195121951148,-0.3780487804878039,-0.03023466942658326,-0.026497410921400122,-0.011980156576800294,1,philippines,india
0.009889024390243861,0.8170731707317076,2.8536585365853675,0.3133402439024384,0.5731707317073171,-2.1951219512195115,-4.585365853658539,0.02792552025023043,-0.01597001143640514,0.06299095741794392,1,morocco,rwanda
-0.2024987804878049,-0.9390243902439028,-4.756097560975611,-0.7185975609756095,-0.4878048780487805,-1.1219512195121952,-1.9512195121951201,-0.09750951709348088,-0.06770014646247663,0.05748061167172258,0,vietnam,pakistan
-0.10556829268292711,-1.1463414634146343,-4.170731707317074,-0.4640975609756097,-0.7317073170731709,-1.1829268292682924,-2.451219512195122,0.026023918360297493,0.00331461149868878,0.05318930466593297,1,saudi_arabia,singapore
-0.05155853658536591,0.30487804878048763,-0.6341463414634134,-0.029737804878049,0.024390243902439046,-3.634146341463415,-7.548780487804878,0.07069797766196334,0.022167510540727298,-0.17366404634534316,1,netherlands,oman
0.13616829268292663,0.39024390243902385,2.414634146341463,0.5640256097560976,0.07317073170731714,-2.1341463414634143,-4.548780487804878,0.054877119913586514,0.04377721038045396,0.056553540324641105,1,uk,iceland
-0.061473170731707105,-0.1829268292682924,1.1463414634146325,0.13091951219512188,0.024390243902439046,-0.2317073170731705,-0.5121951219512191,-0.002901229405141703,0.031285332865523874,0.30160656785779183,0,france,china
0.05472682926829253,0.012195121951219967,2.6829268292682897,0.24186463414634174,0.17073170731707288,0.8780487804878048,1.6829268292682915,0.0005913530559534808,-0.009611374382705429,0.13274036990827476,1,serbia,panama
-0.10416585365853659,-0.8414634146341466,-2.7073170731707314,-0.381003658536585,-0.3902439024390243,-0.29268292682926855,-0.34146341463414664,-0.01172611686149394,0.012070849096657343,0.07041793746616931,1,vietnam,singapore
0.2689560975609755,1.231707317073171,3.573170731707318,0.6945231707317072,0.9390243902439024,-0.2804878048780486,-0.573170731707318,0.12468299119939202,0.07397016975802528,-0.061504875707659945,1,peru,mongolia
0.1575524390243901,0.9024390243902438,-0.5609756097560954,0.3822609756097566,0.6585365853658534,1.0731707317073171,2.1707317073170724,0.04424502111471873,-0.020238439238352224,-0.23218208903775728,1,brazil,canada
-0.17572560975609774,-0.31707317073170715,-2.3048780487804876,-0.3836499999999998,-0.3170731707317076,-1.6829268292682933,-3.439024390243903,-0.03110617015385586,-0.022871239346996863,0.07127143795224544,1,kazakhstan,new_zealand
-0.2367756097560978,-0.41463414634146334,-5.195121951219512,-0.6410012195121948,-0.41463414634146334,-1.3292682926829267,-2.2804878048780495,-0.07295819721059188,-0.07104577501390519,-0.0850267180228026,1,uae,mexico
0.23663658536585364,1.5975609756097566,4.475609756097562,0.6654292682926823,1.0609756097560976,0.6463414634146343,1.4756097560975618,0.04687429363316603,0.04887881867871241,0.23118614806694682,1,south_korea,switzerland
-0.034730487804878196,0.39024390243902474,1.7073170731707314,-0.03466951219512193,0.19512195121951237,-1.475609756097561,-3.012195121951219,0.06566976565218774,0.06415493959785146,-0.1852063666695022,1,peru,usa
0.31863292682926825,0.9146341463414633,0.7682926829268304,0.6173780487804876,0.46341463414634143,-1.6707317073170733,-3.4146341463414647,0.07140955483820649,0.008211896121055662,-0.11171102741373795,1,china,switzerland
-0.20390121951219542,-1.2439024390243905,-6.219512195121954,-0.8016914634146342,-0.8292682926829271,-2.012195121951219,-4.060975609756095,-0.059759481871689446,-0.07645638406044519,0.04025197887148624,0,saudi_arabia,pakistan
-0.09319146341463425,-0.24390243902439046,-3.060975609756099,-0.4896109756097555,-0.41463414634146334,0.9024390243902429,2.012195121951221,-0.06914328653607227,-0.02633838862497445,-0.08512572568083066,0,rwanda,mexico
0.17188902439024378,0.5975609756097562,-1.1951219512195124,0.25151829268292714,0.1585365853658538,-1.6829268292682924,-3.402439024390244,0.012974492474309818,0.03055749178905548,-0.12849974667530673,1,uk,guatemala
0.011753658536585165,0.6097560975609762,1.2560975609756113,0.04165853658536589,0.41463414634146334,0.3170731707317067,0.6219512195121943,0.02981573425542028,0.027659930500483654,-0.2503051066245111,1,peru,canada
-0.10328902439024401,-0.39024390243902474,1.3292682926829258,-0.21279024390243872,-0.3048780487804881,-0.6341463414634143,-1.3658536585365866,-0.0549942973197689,-0.026216200703281123,-0.16169487296483065,1,serbia,thailand
0.08158414634146371,0.49999999999999956,3.329268292682926,0.31403414634146376,0.28048780487804903,0.19512195121951148,0.3780487804878039,0.03023466942658326,0.026497410921400122,0.011980156576800294,0,india,philippines
-0.19325243902439038,-0.74390243902439,-2.3170731707317067,-0.4284365853658536,-0.5853658536585367,-4.085365853658537,-8.475609756097562,0.003101448229759385,0.01299393296572271,0.014468632345381538,0,kazakhstan,oman
0.18038902439024396,0.6707317073170733,2.4634146341463428,0.409791463414634,0.3414634146341462,0.9268292682926829,1.7682926829268286,0.023999963385962608,-0.02307453978783025,0.22509300549818645,0,morocco,indonesia
0.03006829268292699,0.012195121951219079,1.1829268292682933,0.2146439024390241,-0.14634146341463383,-0.04878048780487809,-0.03658536585365724,-0.014041571325229985,-0.0008644007485015259,-0.06674704680841648,0,singapore,ethiopia
-0.022546341463414388,-1.3170731707317076,-3.475609756097562,-0.2267390243902434,-0.8414634146341462,-1.1951219512195124,-2.597560975609758,-0.003869634626065266,-0.010128770397040299,-0.2283422474526544,1,new_zealand,south_korea
0.12951585365853657,0.4146341463414638,2.2317073170731696,0.49846341463414623,0.21951219512195097,-1.439024390243902,-3.2439024390243905,0.07919346276516859,0.04070835452729399,0.21664954457602636,1,france,vietnam
0.10641585365853645,0.20731707317073145,-0.8170731707317067,0.2902,0.2804878048780486,-0.5731707317073162,-0.9146341463414647,0.0551102427383412,-0.011421490280951407,0.1586687409196842,0,uae,mongolia
-0.07179756097560985,-0.2804878048780486,-2.231707317073173,-0.22375609756097514,-0.024390243902439046,0.06097560975609717,-0.06097560975609895,-0.028230944668356683,-0.014209445308993929,0.20693835709316355,1,germany,panama
-0.007792682926829331,0.5,-1.0243902439024382,0.016642682926829355,0.25609756097560954,-0.3536585365853666,-0.7439024390243905,0.03497798121582529,-0.00034040389709666385,-0.2316508428129611,1,netherlands,canada
0.14358414634146355,0.17073170731707288,2.1341463414634134,0.15139024390243927,0.0,2.2317073170731696,4.29268292682927,0.0038149106745196115,0.04470738638893074,-9.900765802806077e-05,1,rwanda,uae
0.11967560975609737,0.7195121951219505,1.073170731707318,0.5172792682926834,0.46341463414634143,-0.1341463414634143,-0.4512195121951219,0.0702624709909741,0.016451157097656488,0.026418713603569066,1,brazil,iceland
0.2525829268292683,1.4512195121951228,2.6829268292682933,0.8649695121951213,1.1219512195121952,-1.1585365853658534,-2.3292682926829276,0.09914189415930619,0.024599710655356433,0.10502424410999689,1,thailand,rwanda
-0.0027182926829267817,-0.024390243902439046,0.060975609756095395,-0.029947560975609466,0.012195121951219523,1.487804878048781,3.170731707317074,0.00013403495062941362,0.013987094659543842,0.00711194348739097,1,oman,usa
-0.13309268292682908,-0.04878048780487809,-1.0,-0.3169036585365852,-0.2317073170731705,1.1219512195121943,2.2926829268292686,-0.0636287343384721,-0.02757613939700443,0.1089825891881473,0,mongolia,philippines
0.09833292682926831,0.09756097560975618,2.04878048780488,0.33759390243902443,0.09756097560975618,0.8292682926829267,1.6097560975609735,0.08578340023198694,0.07977099555913397,0.01293732579444673,1,pakistan,singapore
0.12862560975609738,0.42682926829268286,-2.6097560975609753,0.0027926829268296594,0.09756097560975618,-1.0,-2.0,0.0110073402055616,0.006288983458889397,-0.1557970144611337,1,china,guatemala
-0.26506707317073186,-0.9024390243902438,-0.9390243902439046,-0.5067658536585364,-0.41463414634146334,-0.4512195121951219,-0.9756097560975618,-0.03963068691931598,-0.0008903559833556285,0.027308950682865984,1,indonesia,panama
0.026123170731707557,-0.42682926829268286,-2.8902439024390247,-0.17667682926829276,-0.21951219512195141,0.8902439024390247,2.0,-0.05583318413167565,-0.06434952683649237,-0.008295696016815235,1,iceland,peru
-0.12652439024390238,-0.29268292682926855,-4.914634146341463,-0.4656207317073169,-0.19512195121951192,-0.8170731707317076,-1.7439024390243905,-0.028822297724310164,-0.0045980709262885,0.07419798718488879,0,germany,serbia
0.2738402439024392,0.5121951219512195,3.4634146341463428,0.7154329268292678,0.42682926829268286,-0.07317073170731714,-0.32926829268292757,0.0777182200745849,0.03870683588218865,0.17252873071440988,0,mexico,switzerland
-0.08701585365853637,-0.20731707317073145,0.24390243902438868,-0.1339012195121949,0.024390243902439046,3.524390243902439,7.329268292682928,-0.06261251421472097,-0.0053270201521031235,0.17135773363489426,1,oman,china
0.1494865853658538,0.5487804878048776,2.7073170731707314,0.38205609756097525,0.35365853658536617,0.8048780487804885,1.6707317073170742,0.03261854821637866,0.009513981472101252,0.043518164122236414,1,canada,kazakhstan
0.10473658536585351,0.3536585365853657,0.2682926829268304,0.1178060975609756,0.03658536585365857,-0.4512195121951219,-0.8902439024390247,0.004868381673889921,-0.007016824535357791,-0.27430930007196486,1,uk,france
0.1534731707317074,0.9878048780487805,4.987804878048781,0.4647304878048777,0.5731707317073171,0.036585365853658125,-0.29268292682926855,0.03174043092475004,0.028737374952525596,0.06289194975991586,0,morocco,uae
0.012348780487805078,-0.8658536585365857,-0.20731707317073145,0.022496341463414726,-0.5853658536585362,-0.42682926829268286,-0.8170731707317067,0.02792210815248064,0.05116762217054238,0.033268795404017726,1,new_zealand,ethiopia
-0.0014024390243905227,-0.30487804878048763,-1.4634146341463428,-0.0830939024390247,-0.34146341463414664,-0.8902439024390238,-2.1097560975609753,0.037750035221791434,-0.008756237597968564,-0.017228632800236343,1,saudi_arabia,vietnam
0.056578048780487666,0.5853658536585371,4.097560975609756,0.21169024390243862,0.5487804878048781,2.4268292682926838,5.109756097560977,-0.03262072465228283,0.023826432169032574,0.34520348819113367,0,south_korea,netherlands
-0.009358536585365895,-0.21951219512195141,-2.975609756097562,-0.38876341463414565,-0.3536585365853657,1.4999999999999991,3.097560975609758,-0.05182728109413226,0.010445534595047934,0.04331701798618348,0,rwanda,guatemala
-0.3992939024390243,-1.4390243902439024,-5.329268292682926,-1.0937695121951219,-1.0975609756097557,0.1341463414634143,0.3170731707317085,-0.1030727502523981,-0.03166940606005464,-0.10189910440682237,1,mongolia,serbia
0.0625,0.0731707317073167,-1.8658536585365866,0.06560487804878035,-0.03658536585365857,0.5975609756097562,1.1951219512195124,0.013786383425563709,-0.016626053684922315,0.13616668048401537,1,saudi_arabia,philippines
0.15801585365853654,0.4024390243902447,1.353658536585364,0.45465487804878046,0.47560975609756095,1.512195121951219,3.048780487804878,0.055585650375722384,0.016604826320575694,0.2944352428731054,1,thailand,panama
0.08682317073170709,-0.24390243902439046,-1.6219512195121943,-0.013459756097560671,-0.19512195121951237,-1.5,-3.073170731707318,0.07036857530881635,0.021493870758427458,-0.014539085815596153,0,china,singapore
-0.0625,-0.0731707317073167,1.8658536585365866,-0.06560487804878035,0.03658536585365857,-0.5975609756097562,-1.1951219512195124,-0.013786383425563709,0.016626053684922315,-0.13616668048401537,0,philippines,saudi_arabia
0.011203658536585337,0.06097560975609806,-2.04878048780488,-0.12296829268292653,0.21951219512195097,1.2439024390243905,2.597560975609756,-0.021417902934122934,-0.008816009709679329,-0.18081885724124847,1,ethiopia,morocco
0.30848414634146337,0.5,-0.024390243902438158,0.4880073170731709,0.21951219512195097,0.6219512195121952,1.2560975609756095,0.05890906443542604,-0.011261079487583647,-0.037011984367074646,1,china,indonesia
-0.06876463414634149,0.15853658536585336,2.414634146341463,-0.023520731707316944,0.024390243902439046,-1.2073170731707323,-2.487804878048781,0.0005085248836064205,-0.005593946814032691,-0.1710130614537163,1,india,new_zealand
-0.09350609756097583,0.34146341463414664,0.03658536585365724,-0.3030024390243904,0.30487804878048763,-0.012195121951219079,0.207317073170735,-0.03995008612821105,-0.017610202243049766,0.3154207638706419,1,south_korea,pakistan
-0.19960487804878047,-1.1219512195121957,-2.658536585365855,-0.47875487804878025,-0.6707317073170733,1.1097560975609762,2.2682926829268304,-0.07433277132504384,-0.053052720907260154,0.13267160393573685,0,switzerland,peru
0.13027926829268277,0.37804878048780477,1.1707317073170742,0.3826268292682924,0.03658536585365857,-4.2073170731707314,-8.731707317073171,0.06457966648346919,0.029595528482269207,-0.1440604658490673,0,uk,oman
0.05374146341463426,-0.30487804878048763,2.414634146341463,0.3359170731707315,-0.14634146341463428,-0.12195121951219434,-0.17073170731707243,0.04460809277932504,0.03334334270357853,0.08496517708041962,0,france,germany
0.19597073170731716,0.7682926829268291,2.2560975609756113,0.4583841463414631,0.5731707317073171,2.597560975609756,5.304878048780488,-0.0032354831803887985,-0.02698102762526655,-0.02158057583277251,1,usa,kazakhstan
-0.1575524390243901,-0.9024390243902438,0.5609756097560954,-0.3822609756097566,-0.6585365853658534,-1.0731707317073171,-2.1707317073170724,-0.04424502111471873,0.020238439238352224,0.23218208903775728,0,canada,brazil
0.09808414634146345,0.37804878048780566,0.0853658536585371,0.052243902439024215,0.1829268292682924,0.24390243902439046,0.4146341463414629,0.029184724525471994,-0.01008568038851776,-0.1142132958205796,0,iceland,vietnam
0.1282012195121951,0.1829268292682924,3.2073170731707314,0.4618073170731707,0.024390243902439046,-0.8414634146341466,-1.7073170731707314,0.03763997952342979,0.02316953109815978,0.06115727096847079,1,serbia,ethiopia
0.04203048780487806,-0.6463414634146343,1.073170731707318,0.08459512195121954,-0.23170731707317094,0.09756097560975618,0.012195121951219079,0.07667724054519476,0.05198881051956045,0.2697006723125517,0,mexico,singapore
0.14299390243902455,0.9146341463414633,2.1097560975609753,0.37930731707317067,0.5,-0.37804878048780566,-1.0243902439024382,0.07473499542145584,0.057391325641396373,-0.20151935281579414,1,netherlands,uae
0.20142195121951212,0.5609756097560981,0.6951219512195124,0.4599536585365853,0.47560975609756095,-0.15853658536585424,-0.30487804878048763,0.10667584816842868,0.05025013254994243,0.2895991907417179,0,thailand,singapore
-0.1282012195121951,-0.1829268292682924,-3.2073170731707314,-0.4618073170731707,-0.024390243902439046,0.8414634146341466,1.7073170731707314,-0.03763997952342979,-0.02316953109815978,-0.06115727096847079,0,ethiopia,serbia
0.0625,0.0731707317073167,-1.8658536585365866,0.06560487804878035,-0.03658536585365857,0.5975609756097562,1.1951219512195124,0.013786383425563709,-0.016626053684922315,0.13616668048401537,0,saudi_arabia,philippines
-0.02282439024390248,0.0,-0.9634146341463392,-0.23487317073170733,-0.012195121951219523,2.2682926829268286,4.670731707317072,-0.05984531976020868,-0.05059944767717084,-0.13736077771028854,0,usa,france
0.0542792682926827,0.6829268292682933,-0.7560975609756078,0.06358536585365826,0.42682926829268286,0.6463414634146343,1.3414634146341466,0.03081958743433666,0.019896619439620733,0.035497556903687055,0,peru,india
0.03321829268292675,0.5609756097560981,4.975609756097562,0.2530487804878043,0.42682926829268286,2.4268292682926838,5.231707317073173,0.02297406097942628,0.0427249323957114,0.12625578470331256,1,south_korea,germany
0.0013000000000000789,-0.1341463414634143,0.426829268292682,-0.019391463414633936,-0.10975609756097571,-0.8292682926829276,-1.951219512195122,0.007138465989251885,0.048217748066391786,-0.013386674125069442,1,kazakhstan,uae
-0.21557926829268315,-0.2804878048780495,1.0243902439024382,-0.17270731707317077,-0.20731707317073145,-2.073170731707317,-4.402439024390244,-0.0059990967905877435,0.03076978153787152,0.06626825690588878,0,indonesia,iceland
-0.12989024390243897,-0.8780487804878048,1.6829268292682897,-0.22096707317073117,-0.41463414634146334,0.08536585365853622,0.08536585365853533,-0.008617993431389248,0.012792769875644483,-0.06616116710989461,1,india,panama
-0.18064878048780497,-0.26829268292682906,-0.4024390243902438,-0.22582195121951232,-0.012195121951219523,-0.8292682926829258,-1.6829268292682933,-0.00857493353851263,-0.012368447257214199,-0.08740300503357923,1,switzerland,rwanda
-0.14229146341463417,-0.7439024390243905,-3.036585365853661,-0.5313353658536584,-0.5,-2.085365853658536,-4.158536585365852,-0.04230734269175351,-0.04109623051498568,0.20186811849246933,1,canada,pakistan
0.0432634146341464,0.17073170731707332,1.414634146341463,0.24872560975609748,0.060975609756097615,-0.6829268292682924,-1.4024390243902438,0.001967152268748218,0.024268508330166083,0.027297267785826973,1,uk,china
-0.06112560975609749,-1.0365853658536581,-0.7317073170731732,-0.19744634146341422,-0.4390243902439024,1.2926829268292686,2.5731707317073162,-0.009126518314995669,0.018386716689677174,0.1048518943438217,0,new_zealand,panama
-0.0623634146341463,-0.17073170731707332,-3.6951219512195124,-0.3647512195121947,-0.09756097560975574,0.20731707317073145,0.7317073170731714,-0.07108735196474869,-0.003134038202880718,-0.07083999117936823,0,vietnam,guatemala
0.010479268292682864,0.07317073170731714,2.8780487804878057,0.08542317073170702,0.07317073170731714,0.4146341463414638,0.7317073170731696,-0.0429945644967058,-0.028653950688870777,0.26441130257571,0,morocco,netherlands
-0.4147548780487804,-1.5243902439024386,-1.7560975609756113,-1.035125609756098,-1.1829268292682924,-0.47560975609756184,-0.9756097560975601,-0.13911227805869048,-0.026071800019189406,0.043381858120906114,1,mongolia,brazil
-0.19659512195121964,-0.12195121951219523,1.3902439024390247,-0.4253621951219513,-0.07317073170731714,0.9756097560975618,2.121951219512196,-0.06084253406465279,0.011910660766141778,0.0387588989233707,0,south_korea,thailand
0.17135853658536582,0.0,-1.073170731707318,0.32694146341463437,-0.060975609756097615,-0.98780487804878,-1.914634146341463,0.03687625331821165,0.036081968630412686,-0.23480772207943412,0,uk,morocco
0.13798414634146328,0.6463414634146343,0.3658536585365866,0.3915560975609753,0.4512195121951219,-2.499999999999999,-5.097560975609758,0.06283462129969386,-0.004156551136158537,-0.19911403244731718,0,china,rwanda
0.33014268292682947,1.25609756097561,4.439024390243905,0.9684317073170727,0.75609756097561,0.6585365853658534,1.2682926829268268,0.08682437976137708,0.06648902092176218,-0.08423461580369507,1,pakistan,switzerland
0.2834414634146343,0.3902439024390243,1.914634146341463,0.6544585365853659,0.4878048780487805,0.2804878048780495,0.5731707317073162,0.09335487888144894,0.05966749713243724,0.07401062884236931,1,new_zealand,mongolia
0.0958073170731708,0.524390243902439,3.487804878048781,0.45500731707317055,0.28048780487804903,0.29268292682926855,0.5243902439024382,0.07816137408852097,0.07759123961235348,-0.1367693785374604,1,pakistan,usa
0.0014024390243905227,0.30487804878048763,1.4634146341463428,0.0830939024390247,0.34146341463414664,0.8902439024390238,2.1097560975609753,-0.037750035221791434,0.008756237597968564,0.017228632800236343,0,vietnam,saudi_arabia
0.032012195121951414,-0.4146341463414638,-1.646341463414636,0.004721951219512466,-0.18292682926829285,2.963414634146342,6.182926829268293,-0.06553573070155833,-0.050167844938307615,0.19231831015689316,0,oman,peru
0.07209878048780505,-0.6341463414634152,2.2560975609756113,0.29923902439024364,-0.37804878048780477,0.04878048780487809,-0.024390243902438158,0.06263566921996477,0.05112440977105892,0.2029536255041352,1,mexico,ethiopia
-0.028215853658536627,0.45121951219512146,2.097560975609756,0.07433048780487761,0.34146341463414664,-0.06097560975609717,-0.10975609756097526,0.0006020015495355469,0.003594166673964061,-0.14881438161320115,1,indonesia,kazakhstan
0.04948780487804871,0.6219512195121943,1.9634146341463428,0.33405853658536566,0.2073170731707319,-1.6219512195121952,-3.426829268292682,0.03363159012872824,0.03166013752122715,0.038959306223022794,1,panama,iceland
-0.09813292682926811,-0.17073170731707332,-2.024390243902438,-0.2471634146341466,-0.17073170731707288,0.7926829268292686,1.6707317073170742,-0.051681550848659774,-0.024033931846661305,-0.12790431777688727,0,singapore,serbia
0.25715975609756114,0.7317073170731709,1.914634146341463,0.7482975609756095,0.4878048780487805,-1.9024390243902438,-3.9268292682926838,0.06850832543306479,0.039497228986579536,0.18989554044405388,0,france,switzerland
0.15294268292682944,0.3902439024390243,5.109756097560975,0.5401536585365849,0.3536585365853657,0.7317073170731705,1.1951219512195124,0.05564219176865187,0.0342618517938828,-0.04341602564421154,0,guatemala,uae
0.15217317073170733,1.1219512195121948,4.560975609756099,0.4841219512195116,0.6829268292682928,0.8658536585365857,1.6585365853658534,0.024601964935498155,-0.01948037311386619,0.0762786238849853,0,morocco,kazakhstan
0.04252560975609754,0.07317073170731714,-2.012195121951219,0.02192682926829237,0.012195121951219523,0.32926829268292757,0.7195121951219523,0.0010038531789163807,-0.007763311060862921,0.28580266352819816,0,canada,india
-0.28166219512195134,-1.4756097560975605,-0.7560975609756113,-0.7182219512195127,-0.9512195121951219,-1.5975609756097562,-3.2682926829268286,-0.07548354372021837,0.0015043393778150227,-0.06560073106724118,0,philippines,brazil
-0.023359756097560913,-0.024390243902439046,0.8780487804878057,0.0413585365853657,-0.12195121951219523,0.0,0.12195121951219612,0.05559478563170911,0.018898500226678827,-0.2189477034878211,1,netherlands,germany
-0.08429756097560959,-0.1829268292682924,0.1829268292682933,-0.10395365853658545,0.012195121951219523,2.036585365853658,4.158536585365853,-0.06274654916535038,-0.019314114811646965,0.1642457901475033,1,usa,china
-0.30699024390243923,-1.7073170731707323,-4.865853658536587,-0.924051219512195,-1.207317073170732,-1.0243902439024382,-2.1463414634146343,-0.08065192980813118,-0.04693552105125365,-0.23640988607578495,1,saudi_arabia,thailand
-0.29177804878048796,-1.292682926829268,-5.743902439024392,-0.9133914634146336,-0.8536585365853662,-2.8902439024390247,-5.829268292682926,-0.07492589090813218,-0.05061021198708693,0.15834995437023291,0,kazakhstan,pakistan
-0.032204878048780694,-0.036585365853658125,0.2682926829268304,-0.15208292682926805,0.012195121951219523,-0.9390243902439028,-1.9268292682926838,0.0732917917956537,0.06633469554463195,-0.03549966233759505,1,peru,singapore
-0.07179756097560985,-0.2804878048780486,-2.231707317073173,-0.22375609756097514,-0.024390243902439046,0.06097560975609717,-0.06097560975609895,-0.028230944668356683,-0.014209445308993929,0.20693835709316355,0,germany,panama
-0.18038902439024396,-0.6707317073170733,-2.4634146341463428,-0.409791463414634,-0.3414634146341462,-0.9268292682926829,-1.7682926829268286,-0.023999963385962608,0.02307453978783025,-0.22509300549818645,1,indonesia,morocco
-0.044681707317073105,-0.04878048780487809,0.03658536585365724,-0.19941585365853598,-0.12195121951219479,-1.085365853658537,-2.1951219512195124,-0.016889030741937705,0.031233188805473155,-0.21225514788681965,1,india,guatemala
-0.127560975609756,-0.3536585365853657,-1.2317073170731696,-0.3526792682926829,-0.04878048780487809,2.7195121951219505,5.560975609756097,-0.0647137014340986,-0.04358262314181305,0.13694852236167632,1,usa,uk
-0.25,-0.3780487804878043,-1.3170731707317067,-0.4415902439024393,-0.2804878048780486,-1.6585365853658534,-3.3780487804878057,-0.05892515341286081,-0.03328589610797933,-0.15856973326165613,0,mongolia,rwanda
-0.05974999999999997,-0.2317073170731705,-2.4634146341463428,-0.2767426829268289,-0.20731707317073145,-0.47560975609756095,-0.7926829268292686,-0.03471356106748413,4.3212399483461006e-05,-0.16968483010011748,1,new_zealand,mexico
0.05541829268292697,-0.4146341463414638,0.7073170731707314,0.3321036585365853,-0.31707317073170715,-1.7804878048780486,-3.6219512195121943,0.05342577457844466,0.051914802875449806,0.2203204352337792,1,france,ethiopia
0.10397317073170731,0.39024390243902474,1.3292682926829258,0.23364268292682944,0.21951219512195097,2.3170731707317076,4.597560975609756,0.01948217795558932,0.004096001509666991,0.0864007103531288,1,oman,vietnam
0.14209146341463397,0.8170731707317076,3.012195121951219,0.44090487804878054,0.5731707317073167,0.463414634146341,0.8780487804878039,0.008205493308426348,-0.014640833197486991,-0.08690112651002879,1,serbia,canada
0.16198658536585397,0.75609756097561,-0.3170731707317067,0.20094268292682926,0.4878048780487805,1.7317073170731705,3.7195121951219505,0.005221072729244269,-0.01795549647547151,0.039182017463672114,1,iceland,philippines
-0.037064634146341424,-0.09756097560975618,1.7317073170731696,-0.07443170731707305,-0.012195121951219523,1.4024390243902438,2.609756097560977,-0.004760022863993019,0.03233893913171654,-0.08750201269160729,1,switzerland,uae
0.10876707317073175,-0.1829268292682933,-3.6341463414634134,0.1539280487804886,-0.14634146341463428,-1.0,-2.195121951219514,0.041887764551176265,-0.043724467510288134,-0.34573473441592983,1,brazil,south_korea
-0.07717682926829283,-1.024390243902439,-1.2804878048780495,-0.24564024390243944,-0.7073170731707319,0.42682926829268375,0.9634146341463428,0.0031646652359478833,-0.016121249421684025,-0.1489130002958431,0,saudi_arabia,germany
0.1534731707317074,0.9878048780487805,4.987804878048781,0.4647304878048777,0.5731707317073171,0.036585365853658125,-0.29268292682926855,0.03174043092475004,0.028737374952525596,0.06289194975991586,0,morocco,uae
-0.21557926829268315,-0.2804878048780495,1.0243902439024382,-0.17270731707317077,-0.20731707317073145,-2.073170731707317,-4.402439024390244,-0.0059990967905877435,0.03076978153787152,0.06626825690588878,1,indonesia,iceland
0.03195365853658538,-0.24390243902439046,-2.2317073170731696,-0.011897560975609789,-0.30487804878048763,-1.3902439024390238,-2.8048780487804876,0.020654176728904794,0.021728447241932236,-0.11514613580665645,1,uk,serbia
0.2531731707317073,0.7073170731707323,2.7073170731707314,0.6370524390243899,0.6219512195121952,1.451219512195122,2.987804878048781,0.028221809412369958,0.011915771402890796,0.30644458926776297,1,thailand,netherlands
-0.033441463414634276,-0.012195121951219967,-0.5975609756097562,-0.21286829268292662,-0.2073170731707319,1.3780487804878039,2.8048780487804894,-0.034429725468588135,-0.026381601024457912,0.08455910441928682,1,rwanda,new_zealand
0.2664012195121954,1.3170731707317072,4.3536585365853675,0.8672963414634145,0.7926829268292686,2.6097560975609753,5.256097560975608,0.07354586529725315,0.05983033037552288,0.09591470161252913,1,pakistan,philippines
-0.025542682926829263,-0.024390243902439046,-0.9024390243902438,-0.2648207317073168,0.0,3.7560975609756095,7.841463414634147,-0.05971128480957927,-0.036612353017627,-0.13024883422289757,1,oman,france
-0.002525609756097502,0.42682926829268286,1.439024390243901,0.11741341463414612,0.18292682926829285,-0.5365853658536581,-1.0853658536585353,-0.007622026143465965,-0.0021797559467804928,-0.14970670433190714,0,singapore,usa
0.26506707317073186,0.9024390243902438,0.9390243902439046,0.5067658536585364,0.41463414634146334,0.4512195121951219,0.9756097560975618,0.03963068691931598,0.0008903559833556285,-0.027308950682865984,1,panama,indonesia
0.03720365853658558,-1.085365853658537,-1.012195121951219,0.050003658536585505,-0.6341463414634148,-0.7195121951219514,-1.8048780487804894,0.030843926441418867,-0.01017198279652376,-0.058657417352536934,0,mexico,south_korea
0.044681707317073105,0.04878048780487809,-0.03658536585365724,0.19941585365853598,0.12195121951219479,1.085365853658537,2.1951219512195124,0.016889030741937705,-0.031233188805473155,0.21225514788681965,1,guatemala,india
-0.09290487804878023,-0.21951219512195053,-1.0,-0.31530000000000014,-0.012195121951219523,1.451219512195122,3.1463414634146343,-0.052909967644838296,-0.019508702050287874,-0.029256272538814132,0,iceland,china
0.03321829268292675,0.5609756097560981,4.975609756097562,0.2530487804878043,0.42682926829268286,2.4268292682926838,5.231707317073173,0.02297406097942628,0.0427249323957114,0.12625578470331256,1,south_korea,germany
-0.3454036585365854,-1.4146341463414633,-0.8414634146341484,-0.8193573170731709,-0.9146341463414633,0.3536585365853657,0.7195121951219523,-0.0887620581843423,-0.005154351168424276,0.11454858634898302,0,switzerland,brazil
0.10771585365853653,0.07317073170731714,-0.39024390243902474,0.2708085365853661,0.17073170731707288,-1.4024390243902438,-2.8658536585365866,0.06224870872759308,0.03679625778544038,0.14528206679461475,0,kazakhstan,mongolia
0.0740975609756096,0.8292682926829276,1.5243902439024382,0.16635975609756093,0.5365853658536581,0.34146341463414664,0.3780487804878039,0.025767688186723925,-0.011206448348155817,-0.0036708906577528344,1,ethiopia,vietnam
-0.1848170731707317,-0.8170731707317076,-1.0243902439024417,-0.5532621951219507,-0.5121951219512195,-2.414634146341464,-4.878048780487804,-0.043311195870669894,-0.033332919454122756,-0.08393454503572884,1,india,pakistan
-0.1923914634146342,-0.9024390243902438,-2.54878048780488,-0.45063780487804905,-0.5365853658536586,0.3170731707317076,0.6219512195121961,-0.04434465694851886,-0.018179259259738678,0.06772839048152912,0,saudi_arabia,china
-0.16229146341463419,0.03658536585365901,0.47560975609756184,-0.38734878048780486,0.14634146341463428,1.2439024390243896,2.548780487804878,0.0009560642180891366,0.02057231645603841,-0.04825784430782587,1,peru,uk
0.03519024390243919,-0.39024390243902385,-3.487804878048781,-0.23708414634146324,-0.13414634146341475,1.1463414634146343,2.634146341463415,-0.018000866595374865,-0.007695241750041271,-0.2913612624040752,1,iceland,morocco
0.14209146341463397,0.8170731707317076,3.012195121951219,0.44090487804878054,0.5731707317073167,0.463414634146341,0.8780487804878039,0.008205493308426348,-0.014640833197486991,-0.08690112651002879,1,serbia,canada
-0.16505365853658538,-1.0731707317073167,-0.8048780487804876,-0.3573402439024389,-0.7317073170731709,-0.4512195121951219,-0.8048780487804876,-0.012001743800494846,0.00972492265167424,-0.030815024797096413,0,kazakhstan,germany
-0.05096829268292691,-0.43902439024390283,-0.6097560975609753,-0.2576548780487804,-0.47560975609756095,-1.02439024390244,-2.2317073170731696,-0.000222107084972889,0.00948357128826166,0.02775629881242292,1,rwanda,oman
0.34319146341463425,0.6219512195121948,4.378048780487806,0.9312012195121948,0.6951219512195119,0.7560975609756104,1.3658536585365848,0.12806843994893308,0.05962428473295378,0.2436954589424868,1,mexico,mongolia
0.002301219512194974,0.8658536585365857,3.524390243902438,0.15200487804878016,0.5853658536585367,0.2804878048780495,0.7317073170731732,0.038211287960309925,0.059981037369303714,0.17865138533318148,0,south_korea,usa
-0.02408292682926838,0.20731707317073145,2.3780487804878057,0.17589512195121904,0.14634146341463383,-0.12195121951219523,-0.29268292682926855,0.017397555625544125,-0.036827135619505846,0.04124208643310334,0,guatemala,new_zealand
0.0013756097560975178,0.8048780487804876,-1.7317073170731696,-0.07929634146341469,0.23170731707317094,-1.7682926829268295,-3.365853658536585,-0.025587042752488465,-0.018343504290193713,-0.2745367244439392,0,panama,mexico
0.28166219512195134,1.4756097560975605,0.7560975609756113,0.7182219512195127,0.9512195121951219,1.5975609756097562,3.2682926829268286,0.07548354372021837,-0.0015043393778150227,0.06560073106724118,1,brazil,philippines
-0.0740975609756096,-0.8292682926829276,-1.5243902439024382,-0.16635975609756093,-0.5365853658536581,-0.34146341463414664,-0.3780487804878039,-0.025767688186723925,0.011206448348155817,0.0036708906577528344,0,vietnam,ethiopia
0.037064634146341424,0.09756097560975618,-1.7317073170731696,0.07443170731707305,0.012195121951219523,-1.4024390243902438,-2.609756097560977,0.004760022863993019,-0.03233893913171654,0.08750201269160729,0,uae,switzerland
-0.1699097560975611,-0.5975609756097562,0.4146341463414629,-0.324368292682927,-0.26829268292682906,-0.5121951219512191,-1.036585365853659,-0.06699452788266841,-0.005579410901040527,0.039318297077523545,1,indonesia,netherlands
0.025349999999999984,-0.42682926829268286,-0.47560975609756184,0.11745975609756121,-0.17073170731707332,-1.7317073170731705,-3.585365853658537,0.06746734590367465,0.05277920362395133,0.2870674820421957,0,france,singapore
-0.5025829268292683,-1.8292682926829271,-4.0,-1.3065597560975606,-1.4024390243902438,-0.5,-1.048780487804878,-0.158067047572167,-0.05788560676333576,-0.263593977371653,0,mongolia,thailand
-0.054407317073170924,-0.25609756097560954,-2.1829268292682933,-0.05908170731707374,-0.08536585365853666,-2.1829268292682915,-4.475609756097562,0.018489964351175003,-0.022335810395897215,-0.13138564196578806,0,saudi_arabia,rwanda
-0.2432243902439024,-1.2317073170731714,0.29268292682926855,-0.47620609756097565,-0.7682926829268295,-0.34146341463414576,-0.7682926829268304,-0.04731461306517393,-0.03504524525040437,-0.14834126209618037,0,guatemala,thailand
0.39616707317073185,1.6219512195121957,4.817073170731707,1.0163597560975606,1.1219512195121952,1.0731707317073162,1.9634146341463428,0.1029568048338258,0.06930709704428717,0.10492523645196883,1,thailand,uae
-0.040880487804878074,-0.5853658536585362,-0.7804878048780495,-0.12271219512195097,-0.18292682926829285,2.2073170731707314,4.439024390243901,-0.04346817164924033,-0.03146555028258624,0.15454275646329463,1,usa,panama
0.017526829268292632,0.42682926829268286,0.012195121951219079,0.04478658536585378,0.26829268292682906,2.402439024390244,5.036585365853659,-0.034207618383615246,-0.03586517231271957,0.056802805606863904,0,oman,new_zealand
-0.12652439024390238,-0.29268292682926855,-4.914634146341463,-0.4656207317073169,-0.19512195121951192,-0.8170731707317076,-1.7439024390243905,-0.028822297724310164,-0.0045980709262885,0.07419798718488879,0,germany,serbia
-0.009067073170731632,-0.03658536585365901,0.5975609756097562,0.060407317073170486,-0.08536585365853666,-0.25609756097560954,-0.6341463414634152,-0.037832317536300786,-0.056654285086451095,0.28306556638726,0,morocco,peru
-0.09833292682926831,-0.09756097560975618,-2.04878048780488,-0.33759390243902443,-0.09756097560975618,-0.8292682926829267,-1.6097560975609735,-0.08578340023198694,-0.07977099555913397,-0.01293732579444673,0,singapore,pakistan
-0.1351768292682929,-0.024390243902439046,-2.6219512195121943,-0.28579878048780527,0.0,-0.5365853658536581,-1.0609756097560972,-0.031012693487926735,-0.013683125859000111,0.0934701177927606,1,indonesia,india
-0.15164268292682936,-0.5243902439024386,-4.682926829268293,-0.5595451219512189,-0.46341463414634143,-1.560975609756098,-3.1463414634146343,-0.048503725779399987,0.013955896272508983,0.0300293515191421,0,kazakhstan,guatemala
0.31863292682926825,0.9146341463414633,0.7682926829268304,0.6173780487804876,0.46341463414634143,-1.6707317073170733,-3.4146341463414647,0.07140955483820649,0.008211896121055662,-0.11171102741373795,1,china,switzerland
0.21009878048780517,0.5731707317073167,3.3780487804878057,0.6142975609756096,0.46341463414634143,1.8780487804878048,3.6585365853658534,0.06443970561046097,0.03204814533594935,0.3526780481306341,0,mexico,philippines
0.0216829268292682,0.1341463414634152,0.8292682926829258,-0.03754512195121951,0.2926829268292681,1.6585365853658542,3.329268292682926,-0.06441246743082873,-0.037469960398550106,0.08359244533446153,1,ethiopia,netherlands
0.06020731707317073,0.19512195121951237,1.7195121951219505,0.18726219512195108,-0.012195121951219523,-0.963414634146341,-2.2073170731707314,0.055202174401727366,0.026603915947490953,0.14438750682074675,1,canada,vietnam
-0.29507926829268305,-0.8048780487804881,-0.6829268292682933,-0.5178463414634145,-0.719512195121951,-0.6097560975609762,-1.426829268292682,-0.06884980706771637,-0.009620642921532918,0.06980057172447518,0,mongolia,iceland
-0.12951585365853657,-0.4146341463414638,-2.2317073170731696,-0.49846341463414623,-0.21951219512195097,1.439024390243902,3.2439024390243905,-0.07919346276516859,-0.04070835452729399,-0.21664954457602636,1,vietnam,france
-0.18183780487804868,-0.07317073170731714,-1.8048780487804876,-0.4123646341463414,-0.012195121951219523,0.5731707317073162,1.1829268292682933,0.006118311178494151,-0.007428017941541909,-0.029603580496275872,1,netherlands,uk
0.1575524390243901,0.9024390243902438,-0.5609756097560954,0.3822609756097566,0.6585365853658534,1.0731707317073171,2.1707317073170724,0.04424502111471873,-0.020238439238352224,-0.23218208903775728,1,brazil,canada
0.034895121951219465,0.4512195121951219,3.2682926829268304,0.24923536585365813,0.25609756097561,0.7682926829268295,1.7804878048780513,0.031791742778545906,0.06129639256758268,0.26161104285667214,1,south_korea,ethiopia
0.2165707317073169,0.6463414634146343,-1.2317073170731696,0.4509341463414631,0.2804878048780486,-0.5975609756097553,-1.2073170731707314,0.029863523216247523,-0.0006756970164176757,0.08375540121151293,1,uk,india
0.1489743902439027,1.3048780487804876,3.5121951219512226,0.4693963414634146,0.7317073170731709,-0.4878048780487809,-0.9024390243902438,0.0250662794324088,0.030330694730677954,-0.05802535679732046,0,panama,saudi_arabia
0.12809512195121942,-0.17073170731707332,-2.487804878048781,0.0782158536585369,-0.12195121951219523,-0.30487804878048763,-0.5121951219512191,0.03490910104946343,0.011813460300246603,-0.2621049898652611,1,china,morocco
0.015567073170731582,0.524390243902439,-1.9024390243902438,-0.024715853658536346,0.37804878048780477,-0.3536585365853666,-0.8658536585365866,-0.020616804415883816,-0.01923890412377549,-0.01270313932514,0,germany,canada
0.3197939024390244,0.9146341463414638,3.6219512195121943,0.7486304878048782,0.5853658536585362,1.3292682926829267,2.6585365853658534,0.040222039975269464,-0.0087210183993498,0.10543141922540877,0,serbia,indonesia
-0.11359390243902423,-0.25609756097560954,1.5487804878048763,-0.18851951219512264,-0.25609756097560954,0.1829268292682924,0.37804878048780566,-0.08772107865495216,-0.018436325805796072,0.01737664475084122,0,singapore,brazil
0.01771951219512191,0.8780487804878048,1.3902439024390247,0.19214756097560937,0.4390243902439024,0.37804878048780477,0.7804878048780495,-0.041963679477710625,-0.05203202291904391,-0.1000158422124342,1,singapore,new_zealand
-0.16124024390243896,-1.1585365853658538,-3.9634146341463428,-0.42371463414634114,-0.7682926829268295,-1.1219512195121952,-2.2926829268292686,-0.06243428247179894,-0.037173911972584905,0.2067869425022747,0,kazakhstan,peru
-0.1728951219512196,-1.6585365853658538,-4.390243902439025,-0.5642939024390241,-1.0975609756097562,-2.597560975609756,-5.463414634146343,-0.033595779169042106,-0.04222012813247311,-0.411335465483171,1,philippines,south_korea
0.04507926829268305,0.42682926829268375,-0.6341463414634134,0.07625609756097518,0.4390243902439024,-1.0487804878048772,-1.9512195121951237,0.009924653654855564,-0.02366525318644641,-0.2283703049861313,0,iceland,rwanda
-0.5025829268292683,-1.8292682926829271,-4.0,-1.3065597560975606,-1.4024390243902438,-0.5,-1.048780487804878,-0.158067047572167,-0.05788560676333576,-0.263593977371653,0,mongolia,thailand
0.20174146341463417,1.1463414634146347,1.2073170731707314,0.4161939024390242,0.8048780487804876,-0.12195121951219523,-0.3048780487804894,0.015082550854620125,-0.01241757388887027,-0.03042489478972532,1,ethiopia,switzerland
0.05155853658536591,-0.30487804878048763,0.6341463414634134,0.029737804878049,-0.024390243902439046,3.634146341463415,7.548780487804878,-0.07069797766196334,-0.022167510540727298,0.17366404634534316,1,oman,netherlands
-0.08383292682926835,-0.024390243902439046,-0.0853658536585371,-0.10084756097560987,-0.060975609756097615,-0.5975609756097562,-1.085365853658537,-0.017316005441940008,-0.036783923220022385,-0.12844274366701414,0,guatemala,mexico
0.2024987804878049,0.9390243902439028,4.756097560975611,0.7185975609756095,0.4878048780487805,1.1219512195121952,1.9512195121951201,0.09750951709348088,0.06770014646247663,-0.05748061167172258,1,pakistan,vietnam
-0.11106829268292673,-0.6829268292682924,0.10975609756097526,-0.30593292682926876,-0.4390243902439024,0.7195121951219505,1.463414634146341,-0.08009905251148619,-0.01625656985901558,0.16708334908274836,1,usa,brazil
0.03403170731707328,-0.7317073170731705,0.6219512195121943,-0.01504878048780478,-0.2926829268292681,1.2317073170731714,2.512195121951219,-0.036490359278348095,0.013697661771992276,0.11686124073847926,0,new_zealand,netherlands
-0.22009512195121972,-0.6341463414634148,-3.6463414634146325,-0.6738658536585365,-0.47560975609756095,0.5,1.3170731707317067,-0.06374830256907177,-0.07183616811829607,-0.10239352775244659,0,uae,france
-0.08429756097560959,-0.1829268292682924,0.1829268292682933,-0.10395365853658545,0.012195121951219523,2.036585365853658,4.158536585365853,-0.06274654916535038,-0.019314114811646965,0.1642457901475033,0,usa,china
0.1284012195121953,0.10975609756097526,3.231707317073173,0.5522378048780485,-0.04878048780487765,0.7804878048780486,1.5731707317073162,0.07174182890675695,0.07890659481063245,-0.05380972101396975,0,pakistan,ethiopia
-0.06376585365853682,-0.47560975609756095,-5.158536585365855,-0.4478451219512194,-0.4390243902439024,-0.6829268292682924,-1.3780487804878039,-0.03333731674295726,-0.011890275800849281,-0.08806862397960458,0,saudi_arabia,guatemala
0.03703170731707317,0.47560975609756095,1.8170731707317067,0.1866743902439021,0.3902439024390243,1.7560975609756104,3.7439024390243922,-0.027458477691877814,-0.004173902228547743,0.36385775200268367,1,south_korea,peru
0.14228414634146347,0.3048780487804872,1.7073170731707314,0.1707817073170732,0.10975609756097571,3.060975609756097,6.243902439024392,-0.003323555314732274,-0.003510361677461049,0.013287666467041381,1,rwanda,kazakhstan
-0.2146768292682928,-0.5487804878048776,-4.329268292682926,-0.630937804878049,-0.5121951219512195,0.9268292682926829,1.9146341463414647,-0.09386340376505536,-0.05407355031840455,0.097002432611347,1,mongolia,india
-0.026915853658536548,0.31707317073170715,2.524390243902438,0.054939024390243674,0.23170731707317094,-0.8902439024390247,-2.060975609756097,0.007740467538787432,0.05181191474035585,-0.1622010557382706,1,indonesia,uae
0.19053780487804883,1.0853658536585367,3.2560975609756113,0.5391621951219507,0.5853658536585367,-1.3658536585365857,-2.9024390243902456,0.03650045378874306,-0.0036015641791909414,0.15039396245152314,1,morocco,switzerland
0.15939146341463406,1.2073170731707323,-0.37804878048780566,0.3753585365853658,0.7073170731707319,-0.2560975609756104,-0.3170731707317067,0.02999860762323392,-0.0017386779696180188,0.019898518429166234,1,thailand,mexico
-0.05755487804878068,0.39024390243902474,0.7439024390243922,-0.26954268292682926,0.18292682926829285,0.7926829268292677,1.6585365853658534,0.005824445891979058,0.013555491920680618,-0.3225671443797907,1,peru,france
-0.13027926829268277,-0.37804878048780477,-1.1707317073170742,-0.3826268292682924,-0.03658536585365857,4.2073170731707314,8.731707317073171,-0.06457966648346919,-0.029595528482269207,0.1440604658490673,1,oman,uk
0.14757195121951217,1.0,2.04878048780488,0.3863024390243899,0.3902439024390243,-1.3780487804878048,-3.012195121951219,0.06281631465420023,0.02157445713270939,-0.0752539895975568,1,panama,vietnam
0.026239024390243948,-0.2317073170731705,-0.4024390243902438,0.0015939024390245748,-0.03658536585365857,0.8780487804878048,1.7682926829268286,-0.0015123780625228012,0.013357257874895612,-0.11478960207448186,1,new_zealand,canada
-0.2662012195121952,-1.3902439024390243,-4.329268292682926,-0.7768658536585367,-0.8658536585365852,-0.98780487804878,-1.97560975609756,-0.03944401591392599,-0.00409326666305021,-0.21088169359496967,0,philippines,serbia
-0.05374146341463426,0.30487804878048763,-2.414634146341463,-0.3359170731707315,0.14634146341463428,0.12195121951219434,0.17073170731707243,-0.04460809277932504,-0.03334334270357853,-0.08496517708041962,1,germany,france
-0.16534512195121942,-0.4024390243902438,-0.46341463414634276,-0.3656182926829272,-0.4024390243902438,-1.4268292682926838,-2.914634146341463,-0.009267039898893437,0.01989803534125556,0.0005312462247961669,1,netherlands,brazil
-0.006081707317073137,-0.463414634146341,-2.6219512195121943,-0.3287597560975608,-0.2073170731707319,-0.04878048780487809,0.07317073170731625,0.017458607663978054,0.001985168708139584,-0.043795358354410285,0,iceland,singapore
-0.20750365853658526,-1.024390243902439,-3.3170731707317067,-0.7887134146341461,-0.6829268292682928,0.10975609756097615,0.3780487804878039,-0.08921724050445062,-0.048264963841802844,-0.3333945490961282,1,iceland,thailand
0.0026865853658535332,0.5731707317073171,1.8536585365853675,0.10206585365853638,0.3292682926829267,0.06097560975609717,-0.012195121951220855,-0.008016583280880507,-0.02899435458596744,0.032760459762748884,1,morocco,canada
0.1705000000000001,-0.14634146341463428,-0.39024390243902474,0.0964512195121956,-0.23170731707317094,3.1219512195121943,6.3536585365853675,-0.003925556864267821,-0.00710452835142511,0.16210204808024253,1,rwanda,indonesia
0.2879060975609755,1.2804878048780495,-0.3292682926829258,0.6756219512195116,0.8902439024390243,1.4268292682926829,2.9634146341463428,0.06420364380711163,0.003812056444931211,0.360596409983,1,thailand,india
0.32651097560975617,0.8414634146341462,2.829268292682926,0.9640658536585365,0.7560975609756095,-1.0731707317073162,-2.2317073170731714,0.11885854530741297,0.060414677837344666,0.2610622686721308,1,france,mongolia
0.16254024390243904,1.0243902439024395,4.390243902439025,0.4043231707317072,0.6585365853658538,0.29268292682926766,0.34146341463414664,0.06957274846105083,0.08539166003897669,-0.22017361662734414,0,peru,uae
0.020245121951219414,0.4512195121951219,-0.048780487804876316,0.07473414634146325,0.25609756097560954,0.9146341463414629,1.8658536585365848,-0.03434165333424466,-0.049852266972263415,0.049690862119472934,1,usa,new_zealand
0.11039512195121959,1.585365853658537,6.256097560975611,0.49868902439024376,1.1341463414634148,2.0,4.26829268292683,0.019809395743478397,0.058846181817395427,0.27516878499915565,1,south_korea,saudi_arabia
0.13857439024390228,-0.09756097560975618,0.39024390243902474,0.16363902439024391,-0.04878048780487809,0.10975609756097615,0.21951219512195053,-0.00808546344724237,-0.016840490388624174,0.002306312710448899,0,china,netherlands
0.12672439024390258,0.21951219512195141,4.939024390243905,0.5560512195121947,0.12195121951219523,2.439024390243903,5.024390243902438,0.06292414710763733,0.06033513463876117,-0.18916497916732933,0,pakistan,germany
0.16787560975609783,0.7682926829268291,0.926829268292682,0.3823414634146345,0.524390243902439,3.8048780487804876,7.902439024390244,-0.004481473840638406,-0.0037738145772867604,0.2397960236373805,0,oman,philippines
-0.0864841463414634,-0.7195121951219514,1.0243902439024382,-0.2156682926829263,-0.41463414634146334,-1.585365853658537,-3.2682926829268304,0.042472204361317045,0.04643807610501122,-0.0709972192412821,1,india,singapore
-0.07347439024390257,-0.17073170731707243,-0.5243902439024417,-0.21994268292682895,0.14634146341463383,1.7195121951219514,3.390243902439023,-0.03704862646747631,-0.03278090548086521,0.07158309893980397,1,ethiopia,panama
-0.015460975609756122,-0.08536585365853622,3.5731707317073145,0.058643902439023954,-0.08536585365853666,-0.6097560975609762,-1.2926829268292686,-0.03603952780629238,0.005597606040865233,0.14528096252772849,1,serbia,brazil
-0.00019268292682927957,-0.4512195121951219,-1.3780487804878057,-0.14736097560975558,-0.17073170731707332,2.024390243902439,4.2560975609756095,0.007756061094095379,0.016166850606324334,0.1568186478192981,0,oman,singapore
-0.0623634146341463,-0.17073170731707332,-3.6951219512195124,-0.3647512195121947,-0.09756097560975574,0.20731707317073145,0.7317073170731714,-0.07108735196474869,-0.003134038202880718,-0.07083999117936823,1,vietnam,guatemala
0.23547560975609771,0.5487804878048776,4.76829268292683,0.6603926829268287,0.524390243902439,2.1585365853658542,4.231707317073171,0.06581973122134,0.022828026947513402,0.09841339214787204,1,mexico,kazakhstan
0.36189634146341465,1.0853658536585367,2.1829268292682933,0.8661036585365851,0.524390243902439,-2.3536585365853657,-4.8170731707317085,0.07337670710695471,0.032480404451221745,-0.08441375962791098,1,uk,switzerland
0.2336268292682928,0.5975609756097562,0.426829268292682,0.6120365853658534,0.46341463414634143,0.7804878048780486,1.6219512195121961,0.03338405637277497,-0.016084562994689522,0.32509885307931297,1,thailand,peru
-0.10809390243902461,-0.7195121951219514,-2.731707317073173,-0.3466841463414636,-0.5487804878048781,-1.7195121951219505,-3.5365853658536572,0.018401892216831528,0.001134855551908287,-0.09651739966597417,1,saudi_arabia,usa
0.25988902439024386,1.195121951219512,4.170731707317074,0.7549304878048777,0.8536585365853657,-0.5365853658536581,-1.2073170731707332,0.08685067366309124,0.01731588467157419,0.22156069067960005,1,morocco,mongolia
0.009358536585365895,0.21951219512195141,2.975609756097562,0.38876341463414565,0.3536585365853657,-1.4999999999999991,-3.097560975609758,0.05182728109413226,-0.010445534595047934,-0.04331701798618348,0,guatemala,rwanda
-0.10441463414634145,-0.5609756097560972,-4.670731707317074,-0.6663536585365852,-0.3048780487804881,-0.8780487804878048,-1.5365853658536572,-0.06832479256800889,-0.07778582685099439,-0.056732684148857015,1,iceland,pakistan
0.22166097560975628,0.7439024390243905,1.5975609756097562,0.5014670731707316,0.41463414634146334,2.1219512195121952,4.329268292682928,-0.01145951087339031,-0.032754950246011105,-0.022472898551478493,1,singapore,indonesia
0.03321829268292675,0.5609756097560981,4.975609756097562,0.2530487804878043,0.42682926829268286,2.4268292682926838,5.231707317073173,0.02297406097942628,0.0427249323957114,0.12625578470331256,1,south_korea,germany
0.17059390243902461,0.7926829268292681,0.8658536585365866,0.41228902439024395,0.5121951219512195,2.3170731707317067,4.73170731707317,-0.004615508791267819,-0.017760909236830602,0.23268408014998954,1,usa,philippines
0.28026829268292675,0.9512195121951215,2.073170731707318,0.5623378048780485,0.5609756097560976,0.5609756097560981,1.1463414634146343,0.059511065984961586,-0.007666912813619586,-0.1858263659802758,0,china,kazakhstan
-0.13800000000000012,-1.207317073170732,-1.1219512195121943,-0.315058536585366,-0.8414634146341462,-1.8292682926829267,-3.6829268292682915,-0.0018040363904961998,0.01907626443510957,-0.14972442262649888,0,philippines,ethiopia
0.29287804878048784,1.231707317073171,6.1463414634146325,0.8035695121951218,0.8170731707317072,0.43902439024390194,0.5975609756097562,0.047962507514056896,0.043090896341006046,-0.05676963651286182,0,serbia,uae
-0.08598902439024392,0.0,-2.060975609756099,-0.2783365853658535,-0.17073170731707288,-1.3536585365853657,-2.560975609756097,-0.03320118300496133,-0.01331404547541215,-0.05489522802563562,1,canada,mexico
0.18005853658536597,1.0121951219512195,0.37804878048780566,0.4537390243902437,0.5121951219512195,-1.7804878048780495,-3.634146341463415,0.07949501828544886,0.025052386509679836,-0.11401734012418685,1,netherlands,switzerland
-0.08644634146341468,0.036585365853658125,-1.3170731707317067,-0.18885609756097566,0.04878048780487809,0.08536585365853622,0.43902439024390283,-0.053689796339204565,-0.039961173822386564,-0.02959790474626489,0,vietnam,new_zealand
0.08629146341463412,0.2682926829268295,-2.402439024390244,0.06830731707317073,0.24390243902439002,3.609756097560976,7.52439024390244,-0.034716143267221666,-0.030271225498686882,0.2278158670605802,1,oman,india
-0.08824390243902425,-0.6829268292682924,1.0731707317073145,-0.07105975609756143,-0.42682926829268286,-1.548780487804878,-3.2073170731707314,-0.02025373275127751,0.03434287781815526,0.3044441267930369,0,france,brazil
0.08668048780487791,-0.2317073170731705,0.45121951219512013,0.22996707317073195,-0.13414634146341475,-0.5121951219512191,-1.1219512195121961,0.021245529784858275,0.012117072859226807,0.01759423410161831,1,uk,panama
0.033441463414634276,0.012195121951219967,0.5975609756097562,0.21286829268292662,0.2073170731707319,-1.3780487804878039,-2.8048780487804894,0.034429725468588135,0.026381601024457912,-0.08455910441928682,1,new_zealand,rwanda
0.2593585365853659,0.5975609756097557,4.2926829268292686,0.8303536585365849,0.6341463414634143,0.15853658536585424,0.2804878048780477,0.11075243450699307,0.022840361512931395,0.11525271527547265,1,guatemala,mongolia
0.08701585365853637,0.20731707317073145,-0.24390243902438868,0.1339012195121949,-0.024390243902439046,-3.524390243902439,-7.329268292682928,0.06261251421472097,0.0053270201521031235,-0.17135773363489426,0,china,oman
-0.0016768292682927122,0.10975609756097615,1.7073170731707314,0.003813414634146195,0.17073170731707288,1.6585365853658542,3.451219512195122,-0.008817681799119625,-0.01857146017187128,-0.13535525815335958,1,ethiopia,germany
-0.12679634146341479,-1.1463414634146338,-3.170731707317074,-0.4380268292682925,-0.6219512195121952,-0.5853658536585362,-1.0853658536585353,-0.023221939324619134,0.01026025472543024,-0.33054327986774734,1,philippines,morocco
-0.07278292682926812,-0.5975609756097562,-2.5,-0.1297036585365854,-0.3414634146341462,-0.9390243902439019,-1.914634146341463,0.015785795055014873,0.028745271777290027,0.1591631642653084,1,france,serbia
0.05492682926829273,-0.06097560975609717,2.7073170731707314,0.3322951219512196,0.09756097560975618,2.5,4.963414634146339,0.034693202439280646,0.04612568932976724,0.01777337792583422,0,pakistan,panama
0.05381707317073192,1.0,2.158536585365855,0.28699878048780514,0.5853658536585367,-0.42682926829268375,-0.8414634146341466,0.052430120395761226,0.03501974964836285,-0.07003470319197802,0,netherlands,saudi_arabia
0.179858536585366,0.07317073170731714,2.585365853658537,0.48521463414634125,0.12195121951219479,1.6219512195121952,3.2560975609756095,0.04790172422986444,-0.017550062946473044,0.11878503009405905,0,guatemala,indonesia
-0.20007804878048763,-0.975609756097561,2.5731707317073145,-0.40418780487804895,-0.6707317073170729,-1.4024390243902447,-2.8902439024390247,-0.04524887429363511,0.028001750299215145,-0.053620574490440887,1,india,brazil
0.00860731707317064,0.036585365853658125,1.1829268292682933,0.2113463414634147,0.024390243902439046,0.5853658536585362,1.012195121951219,-0.009836581520512089,0.00019458723864090866,0.19350206268631742,0,usa,iceland
0.12525975609756101,-0.51219512195122,-2.2926829268292686,0.20067439024390277,-0.5365853658536586,-3.0,-6.29268292682927,0.026502413473788677,-0.016398414227490665,-0.3155999076948578,1,uk,south_korea
0.12672439024390258,0.21951219512195141,4.939024390243905,0.5560512195121947,0.12195121951219523,2.439024390243903,5.024390243902438,0.06292414710763733,0.06033513463876117,-0.18916497916732933,1,pakistan,germany
-0.06020731707317073,-0.19512195121951237,-1.7195121951219505,-0.18726219512195108,0.012195121951219523,0.963414634146341,2.2073170731707314,-0.055202174401727366,-0.026603915947490953,-0.14438750682074675,1,vietnam,canada
-0.34319146341463425,-0.6219512195121948,-4.378048780487806,-0.9312012195121948,-0.6951219512195119,-0.7560975609756104,-1.3658536585365848,-0.12806843994893308,-0.05962428473295378,-0.2436954589424868,1,mongolia,mexico
-0.19960487804878047,-1.1219512195121957,-2.658536585365855,-0.47875487804878025,-0.6707317073170733,1.1097560975609762,2.2682926829268304,-0.07433277132504384,-0.053052720907260154,0.13267160393573685,0,switzerland,peru
0.19474512195121974,1.0609756097560976,4.121951219512194,0.5564060975609753,0.6463414634146343,1.2317073170731705,2.2682926829268304,-0.0037190433346028784,0.01905696449434474,-0.1846739542897491,1,singapore,uae
-0.3948670731707318,-1.75609756097561,-4.390243902439025,-1.0357512195121945,-1.231707317073171,-1.9024390243902438,-3.9146341463414647,-0.09581833884457391,-0.021089348977895384,-0.11831191057703827,0,kazakhstan,thailand
-0.08040243902439026,-0.2560975609756104,3.6463414634146325,0.1130914634146345,-0.20731707317073145,-1.536585365853659,-3.3414634146341466,0.02501359669733899,0.04445290739687163,-0.02720186088687182,0,india,iceland
-0.0846780487804879,-0.2317073170731705,1.5243902439024382,-0.09697439024390242,-0.07317073170731714,0.47560975609756095,0.7926829268292668,-0.015630723533353374,-0.02396489577118588,0.25240195618105243,1,morocco,panama
-0.20370121951219522,-1.3170731707317076,-6.195121951219512,-0.7112609756097563,-0.9024390243902438,-0.39024390243902385,-0.7804878048780477,-0.02565763248836228,-0.020719320347972525,-0.0747150131109543,1,saudi_arabia,serbia
-0.2689560975609755,-1.231707317073171,-3.573170731707318,-0.6945231707317072,-0.9390243902439024,0.2804878048780486,0.573170731707318,-0.12468299119939202,-0.07397016975802528,0.061504875707659945,0,mongolia,peru
0.0016768292682927122,-0.10975609756097615,-1.7073170731707314,-0.003813414634146195,-0.17073170731707288,-1.6585365853658542,-3.451219512195122,0.008817681799119625,0.01857146017187128,0.13535525815335958,0,germany,ethiopia
0.1894560975609756,0.7073170731707323,1.8658536585365866,0.34938414634146353,0.42682926829268286,1.1829268292682924,2.402439024390244,0.061832280922263394,0.033579745298620844,-0.05797256088907354,1,peru,indonesia
0.05368658536585369,0.4634146341463419,0.5487804878048799,0.28760243902438987,0.46341463414634143,-0.463414634146341,-0.9390243902439046,8.807213434347538e-05,-0.023470665947805502,-0.03486824229981389,1,usa,rwanda
-0.104542682926829,-0.6341463414634143,0.2317073170731696,-0.1786878048780487,-0.24390243902439002,1.1219512195121952,2.2926829268292686,-0.028404895831105725,0.03053815216061645,0.11455492802803036,0,new_zealand,china
-0.2664012195121954,-1.3170731707317072,-4.3536585365853675,-0.8672963414634145,-0.7926829268292686,-2.6097560975609753,-5.256097560975608,-0.07354586529725315,-0.05983033037552288,-0.09591470161252913,1,philippines,pakistan
0.1300865853658535,-0.07317073170731714,-0.20731707317073145,0.2352658536585368,-0.13414634146341475,-2.1829268292682924,-4.475609756097562,0.07233572757756457,0.04576237908859354,0.01275818197023082,0,uk,singapore
0.06715243902439028,0.24390243902439046,-1.4634146341463428,0.13371219512195154,0.12195121951219523,-1.2317073170731705,-2.512195121951219,0.008106110800419897,0.03757431632441327,0.14580955339665813,0,france,guatemala
-0.14619634146341465,-0.19512195121951237,-3.7804878048780495,-0.46559878048780456,-0.15853658536585336,-0.39024390243902474,-0.3536585365853657,-0.0884033574066887,-0.0399179614229031,-0.19928273484638237,1,vietnam,mexico
0.028215853658536627,-0.45121951219512146,-2.097560975609756,-0.07433048780487761,-0.34146341463414664,0.06097560975609717,0.10975609756097526,-0.0006020015495355469,-0.003594166673964061,0.14881438161320115,0,kazakhstan,indonesia
-0.048785365853658336,-1.085365853658537,-3.073170731707318,-0.22833292682926798,-0.8048780487804876,-2.073170731707317,-4.365853658536587,-0.0023572565635424647,-0.02348602827193591,-0.11355264537817256,0,canada,south_korea
-0.037064634146341424,-0.09756097560975618,1.7317073170731696,-0.07443170731707305,-0.012195121951219523,1.4024390243902438,2.609756097560977,-0.004760022863993019,0.03233893913171654,-0.08750201269160729,1,switzerland,uae
-0.2016146341463414,-1.01219512195122,-2.073170731707318,-0.6073146341463409,-0.6463414634146343,2.1829268292682933,4.560975609756097,-0.0989197870743333,-0.03408328194361809,-0.1327805429224198,0,oman,thailand
