game_id,home_team,away_team,toi,home_assists,home_shots,home_xg,home_max_xg,home_goals,away_assists,away_shots,away_xg,away_max_xg,away_goals,home_penalties_committed,home_penalty_minutes,away_penalties_committed,away_penalty_minutes,result,home_team_avg_assists,home_team_avg_shots,home_team_avg_xg,home_team_avg_max_xg,home_team_avg_goals,home_team_avg_penalties_committed,home_team_avg_penalty_minutes,away_team_avg_assists,away_team_avg_shots,away_team_avg_xg,away_team_avg_max_xg,away_team_avg_goals,away_team_avg_penalties_committed,away_team_avg_penalty_minutes
game_1,thailand,pakistan,3599.9900000000002,2,21,2.8230999999999997,1.3905,1,6,24,2.7516,1.2546,3,8,16,6,12,0,5.530864197530864,28.703703703703702,3.603874074074074,1.5049518518518519,3.617283950617284,7.0,14.308641975308642,5.012345679012346,30.037037037037038,3.4808864197530864,1.402267901234568,3.2098765432098766,8.024691358024691,16.296296296296298
game_10,switzerland,kazakhstan,3600.01,7,20,1.9254,1.2758,4,4,30,3.3189,1.2719,3,10,20,0,0,1,3.728395061728395,25.59259259259259,2.5106987654320987,1.0677876543209877,2.432098765432099,7.308641975308642,14.91358024691358,3.728395061728395,24.14814814814815,2.549214814814815,1.106674074074074,2.345679012345679,5.172839506172839,10.54320987654321
game_100,serbia,rwanda,3600.0,7,30,3.6712,1.7835999999999999,4,10,27,3.024,1.2909,5,8,16,10,20,0,5.074074074074074,29.938271604938272,3.3779864197530864,1.3955345679012345,3.271604938271605,6.3580246913580245,12.925925925925926,3.962962962962963,25.91358024691358,2.7257456790123458,1.2504802469135805,2.432098765432099,8.148148148148149,16.617283950617285
game_1000,brazil,netherlands,3600.03,6,32,3.5905,1.5239,5,0,27,2.5261,1.134,0,10,20,6,12,1,5.172839506172839,26.296296296296298,3.319614814814815,1.4143925925925926,3.345679012345679,6.950617283950617,14.185185185185185,4.839506172839506,25.88888888888889,2.9626234567901233,1.25181975308642,3.0,5.555555555555555,11.333333333333334
game_1001,india,morocco,3599.99,4,32,3.4592,1.8355000000000001,2,6,29,3.7658000000000005,1.2034,3,8,16,8,16,0,4.209876543209877,28.901234567901234,2.912058024691358,1.2079975308641977,2.7037037037037037,5.555555555555555,11.308641975308642,4.839506172839506,28.77777777777778,3.033796296296296,1.2615716049382715,3.037037037037037,5.950617283950617,12.024691358024691
game_1002,peru,saudi_arabia,5676.92,0,35,3.3131,1.5098,0,2,23,2.5685000000000002,1.3251,1,12,24,8,16,0,4.950617283950617,28.098765432098766,2.9782320987654325,1.2669679012345678,3.1604938271604937,6.160493827160494,12.567901234567902,3.802469135802469,23.753086419753085,2.671558024691358,1.194979012345679,2.3950617283950617,5.962962962962963,12.135802469135802
game_1003,china,pakistan,3600.01,6,20,2.1864,1.2303,4,6,34,3.3309,1.3943,3,6,12,7,14,1,4.666666666666667,26.37037037037037,3.1324765432098767,1.390916049382716,2.9012345679012346,5.666666666666667,11.555555555555555,5.012345679012346,29.91358024691358,3.473734567901235,1.4005432098765433,3.2098765432098766,8.012345679012345,16.271604938271604
game_1004,switzerland,uk,3600.0,2,18,1.5251,1.056,1,6,26,2.7155,1.2664,4,6,12,3,6,0,3.7901234567901234,25.617283950617285,2.5156407407407406,1.0705012345679012,2.4691358024691357,7.3580246913580245,15.012345679012345,4.839506172839506,27.728395061728396,3.3777407407407405,1.4342679012345678,2.962962962962963,5.012345679012346,10.209876543209877
game_1005,serbia,philippines,3599.99,2,24,2.4898,1.3179,2,1,27,2.4407,0.8613,1,6,12,4,8,1,5.135802469135802,30.012345679012345,3.3925716049382713,1.401283950617284,3.2962962962962963,6.382716049382716,12.975308641975309,3.740740740740741,25.59259259259259,2.606720987654321,1.1374333333333333,2.432098765432099,5.407407407407407,11.024691358024691
game_1006,germany,canada,3600.02,6,29,3.1746,1.268,5,2,19,2.1493,0.9044,1,5,10,4,8,1,4.790123456790123,24.97530864197531,2.912748148148148,1.2738135802469135,3.0617283950617282,5.567901234567901,11.234567901234568,4.308641975308642,27.02469135802469,2.950427160493827,1.2625432098765432,2.728395061728395,5.938271604938271,12.135802469135802
game_1007,guatemala,ethiopia,3600.01,5,31,3.1553,1.4298,4,4,21,1.7116,0.9479,2,7,14,7,14,1,4.246913580246914,28.876543209876544,3.1176876543209873,1.2582395061728395,2.802469135802469,6.666666666666667,13.555555555555555,4.925925925925926,26.80246913580247,2.9346703703703705,1.2760679012345677,3.271604938271605,7.222222222222222,14.679012345679013
game_1008,south_korea,oman,3599.98,6,30,3.2679,1.401,4,1,18,1.873,1.2364,2,9,20,14,28,1,5.3580246913580245,30.0,3.167769135802469,1.3058,3.506172839506173,7.9753086419753085,16.40740740740741,4.518518518518518,26.641975308641975,3.0007913580246917,1.3027506172839507,2.950617283950617,9.135802469135802,18.77777777777778
game_1009,mongolia,new_zealand,3599.98,3,26,2.4405,0.8875,2,13,30,3.4256,1.3525,7,8,16,4,8,0,3.6666666666666665,24.59259259259259,2.2859074074074073,1.002374074074074,2.185185185185185,6.493827160493828,13.246913580246913,3.9382716049382718,26.48148148148148,2.936283950617284,1.283574074074074,2.617283950617284,6.827160493827161,13.925925925925926
game_101,canada,panama,3600.0,2,24,2.8035,1.6403,2,6,22,2.3543,1.2327,4,4,8,5,10,0,4.308641975308642,26.962962962962962,2.9423506172839504,1.253458024691358,2.7160493827160495,5.938271604938271,12.135802469135802,5.074074074074074,27.320987654320987,3.1493938271604938,1.3469333333333333,3.0987654320987654,5.506172839506172,11.296296296296296
game_1010,netherlands,iceland,3599.99,0,19,2.2677,1.1462,0,8,20,2.0596,1.0071,4,9,18,6,15,0,4.839506172839506,25.987654320987655,2.965813580246914,1.2516691358024692,3.0,5.518518518518518,11.25925925925926,4.419753086419753,25.358024691358025,2.8148493827160497,1.29961975308642,2.888888888888889,7.135802469135802,14.703703703703704
game_1011,indonesia,uae,3599.99,0,27,2.3026999999999997,1.2329,2,2,15,1.7261,1.163,1,8,16,9,18,1,4.234567901234568,26.308641975308642,2.6370086419753087,1.0785913580246913,2.7037037037037037,5.012345679012346,10.234567901234568,3.888888888888889,23.901234567901234,2.5885098765432097,1.1067024691358025,2.4814814814814814,5.901234567901234,12.296296296296296
game_1012,mexico,usa,3599.98,3,32,3.8837,1.4684,4,6,18,2.001,1.1376,3,6,12,6,12,1,4.296296296296297,28.950617283950617,3.210787654320988,1.3426308641975309,2.8641975308641974,7.283950617283951,14.679012345679013,4.481481481481482,26.580246913580247,3.029528395061728,1.3067222222222221,2.925925925925926,7.728395061728395,15.765432098765432
game_1013,panama,rwanda,3600.0,9,25,3.5503,0.9323,5,2,24,2.2175,1.1389,1,5,10,13,26,1,5.037037037037037,27.28395061728395,3.1346283950617284,1.350641975308642,3.0864197530864197,5.506172839506172,11.296296296296296,4.061728395061729,25.950617283950617,2.7357024691358025,1.2523567901234567,2.4814814814814814,8.11111111111111,16.54320987654321
game_1014,kazakhstan,france,3599.99,2,15,1.4778,1.0258,1,11,29,3.4081,1.3169,6,5,12,4,8,0,3.753086419753086,24.333333333333332,2.5719444444444446,1.1097123456790123,2.3703703703703702,5.111111111111111,10.395061728395062,4.419753086419753,27.419753086419753,3.2499296296296296,1.3276148148148148,2.9012345679012346,5.45679012345679,11.08641975308642
game_1015,brazil,singapore,3875.59,6,39,5.3765,1.587,5,7,37,3.3193,1.2731000000000001,4,8,19,11,22,1,5.172839506172839,26.209876543209877,3.2975654320987653,1.4136135802469134,3.345679012345679,6.9753086419753085,14.197530864197532,4.901234567901234,27.80246913580247,3.1321160493827156,1.3024925925925928,3.0987654320987654,7.1234567901234565,14.54320987654321
game_1016,thailand,vietnam,3599.98,3,23,3.1693000000000002,1.9776,3,2,30,2.8072,1.5057,1,6,12,8,16,1,5.518518518518518,28.679012345679013,3.5995999999999997,1.4977037037037038,3.5925925925925926,7.0246913580246915,14.358024691358025,4.111111111111111,25.14814814814815,2.752730864197531,1.194169135802469,2.740740740740741,6.864197530864198,14.271604938271604
game_1017,thailand,switzerland,3599.9900000000002,7,35,4.5169999999999995,1.6381,5,0,12,0.8815,0.6585,0,5,10,8,16,1,5.469135802469136,28.530864197530864,3.5829617283950617,1.5018950617283953,3.567901234567901,7.037037037037037,14.382716049382717,3.814814814814815,25.691358024691358,2.5235864197530864,1.0754086419753086,2.4814814814814814,7.333333333333333,14.962962962962964
game_1018,ethiopia,france,3600.01,6,30,3.271,1.4428,3,9,28,3.024,1.4511,6,8,16,4,8,0,4.901234567901234,26.691358024691358,2.9154185185185186,1.269958024691358,3.259259259259259,7.209876543209877,14.654320987654321,4.444444444444445,27.432098765432098,3.2546716049382716,1.325958024691358,2.9012345679012346,5.45679012345679,11.08641975308642
game_1019,rwanda,germany,3599.9900000000002,3,23,2.6954,1.3818000000000001,2,2,20,2.5322999999999998,0.9428,1,7,14,8,16,1,4.049382716049383,25.962962962962962,2.7298024691358025,1.249358024691358,2.4691358024691357,8.185185185185185,16.691358024691358,4.839506172839506,25.08641975308642,2.920677777777778,1.2778283950617284,3.111111111111111,5.530864197530864,11.160493827160494
game_102,switzerland,ethiopia,4831.56,6,41,4.0929,1.3623,4,5,31,3.1363,1.1948,3,15,30,11,22,1,3.740740740740741,25.333333333333332,2.4839395061728395,1.0667197530864196,2.432098765432099,7.246913580246914,14.790123456790123,4.91358024691358,26.679012345679013,2.9170814814814814,1.2730197530864198,3.259259259259259,7.172839506172839,14.580246913580247
game_1020,canada,saudi_arabia,3600.0,7,19,1.8603,1.1826,5,2,23,2.2325,1.1076,3,6,12,5,10,1,4.246913580246914,27.02469135802469,2.953995061728395,1.2591086419753088,2.6790123456790123,5.91358024691358,12.08641975308642,3.802469135802469,23.753086419753085,2.675706172839506,1.1976641975308642,2.3703703703703702,6.0,12.209876543209877
game_1021,philippines,kazakhstan,4449.4,2,17,1.5471,1.0689,1,0,29,2.3172,1.0897999999999999,0,2,4,3,6,1,3.728395061728395,25.71604938271605,2.617753086419753,1.1348703703703702,2.432098765432099,5.432098765432099,11.074074074074074,3.7777777777777777,24.160493827160494,2.5615814814814817,1.1089222222222221,2.382716049382716,5.135802469135802,10.469135802469136
game_1022,netherlands,india,3600.01,3,34,4.0264,2.0096,2,5,28,2.2817,1.1242,3,4,8,7,14,0,4.802469135802469,25.80246913580247,2.9441012345679014,1.2410098765432098,2.9753086419753085,5.580246913580247,11.382716049382717,4.197530864197531,28.950617283950617,2.926595061728395,1.216779012345679,2.691358024691358,5.567901234567901,11.333333333333334
game_1023,iceland,uk,3600.01,2,25,2.8753,1.4644,1,5,30,3.1719,1.6018000000000001,4,4,11,6,12,0,4.493827160493828,25.296296296296298,2.804779012345679,1.2939740740740742,2.925925925925926,7.160493827160494,14.753086419753087,4.851851851851852,27.679012345679013,3.3721061728395063,1.430127160493827,2.962962962962963,4.9753086419753085,10.135802469135802
game_1024,uae,new_zealand,3600.0,2,21,2.3761,0.7909,2,7,38,4.9233,1.3716,5,8,16,3,6,0,3.888888888888889,23.82716049382716,2.580485185185185,1.1112962962962962,2.4691358024691357,5.91358024691358,12.320987654320987,4.012345679012346,26.382716049382715,2.9177938271604935,1.2833382716049382,2.6419753086419755,6.839506172839506,13.950617283950617
game_1025,vietnam,peru,4208.3,3,42,4.3044,1.9984,2,3,26,2.7586,1.3188,3,6,12,5,10,0,4.098765432098766,25.0,2.734246913580247,1.1880864197530865,2.728395061728395,6.888888888888889,14.320987654320987,4.91358024691358,28.209876543209877,2.9850777777777777,1.269325925925926,3.123456790123457,6.246913580246914,12.74074074074074
game_1026,serbia,china,3600.01,2,28,3.098,1.1601,1,13,30,3.3221999999999996,1.4329,7,5,10,6,12,0,5.135802469135802,29.962962962962962,3.3850629629629627,1.403232098765432,3.308641975308642,6.395061728395062,13.0,4.580246913580247,26.246913580246915,3.118454320987654,1.3884148148148148,2.8641975308641974,5.666666666666667,11.555555555555555
game_1027,mexico,guatemala,3600.0,4,24,2.5339,1.2801,2,8,25,2.3632,0.8162,6,5,10,6,12,0,4.283950617283951,29.049382716049383,3.2274518518518516,1.3449555555555557,2.888888888888889,7.296296296296297,14.703703703703704,4.209876543209877,28.950617283950617,3.1274666666666664,1.265814814814815,2.7777777777777777,6.679012345679013,13.580246913580247
game_1028,indonesia,mongolia,3600.01,8,29,3.4311000000000003,0.9457,5,1,12,0.9396,0.5887,1,0,0,8,16,1,4.135802469135802,26.28395061728395,2.6230777777777776,1.082137037037037,2.6666666666666665,5.111111111111111,10.432098765432098,3.691358024691358,24.765432098765434,2.3044370370370366,1.006062962962963,2.197530864197531,6.493827160493828,13.246913580246913
game_1029,morocco,singapore,3600.01,9,30,3.2949,1.6318,5,2,32,3.212,1.2002,2,6,12,7,14,1,4.802469135802469,28.765432098765434,3.0396098765432096,1.2562827160493826,3.0123456790123457,5.9753086419753085,12.074074074074074,4.962962962962963,27.864197530864196,3.1334407407407405,1.3033925925925927,3.123456790123457,7.172839506172839,14.641975308641975
game_103,uae,morocco,3599.98,0,26,2.2586,0.7775,0,13,41,4.6517,1.4965,7,10,23,6,12,0,3.9135802469135803,23.765432098765434,2.5819358024691357,1.1114617283950616,2.493827160493827,5.888888888888889,12.234567901234568,4.753086419753086,28.62962962962963,3.0228592592592594,1.257953086419753,2.9876543209876543,5.9753086419753085,12.074074074074074
game_1030,panama,pakistan,3600.02,4,26,3.1242,1.2632,2,6,26,2.8035,1.5334,3,3,6,6,12,0,5.098765432098766,27.271604938271604,3.1398888888888887,1.3465567901234567,3.123456790123457,5.530864197530864,11.345679012345679,5.012345679012346,30.012345679012345,3.4802456790123455,1.398825925925926,3.2098765432098766,8.024691358024691,16.296296296296298
game_1031,brazil,usa,3599.9700000000003,2,15,1.9207,0.9791,2,2,33,3.8882,1.421,1,12,24,10,20,1,5.222222222222222,26.506172839506174,3.3402296296296297,1.4211185185185184,3.382716049382716,6.925925925925926,14.135802469135802,4.530864197530864,26.395061728395063,3.0062296296296296,1.3032234567901233,2.950617283950617,7.679012345679013,15.666666666666666
game_1032,ethiopia,saudi_arabia,3599.9900000000002,3,27,2.8853,1.3813,2,4,35,3.6744,1.1073,3,7,14,5,10,0,4.938271604938271,26.728395061728396,2.9201802469135805,1.2707172839506173,3.271604938271605,7.222222222222222,14.679012345679013,3.7777777777777777,23.604938271604937,2.657904938271605,1.197667901234568,2.3703703703703702,6.0,12.209876543209877
game_1033,serbia,oman,3599.98,6,35,4.5167,1.6098,3,3,26,2.7824,1.1743999999999999,2,7,14,13,28,1,5.08641975308642,29.876543209876544,3.3675481481481477,1.39768024691358,3.2839506172839505,6.37037037037037,12.950617283950617,4.493827160493828,26.54320987654321,2.989564197530864,1.303516049382716,2.950617283950617,9.148148148148149,18.77777777777778
game_1034,uk,usa,3600.0099999999998,3,30,3.8018,1.5070999999999999,2,2,25,2.9006,1.6721,1,3,6,5,10,1,4.8765432098765435,27.679012345679013,3.3643296296296294,1.4312962962962963,2.9876543209876543,5.012345679012346,10.209876543209877,4.530864197530864,26.493827160493826,3.018422222222222,1.3001234567901234,2.950617283950617,7.7407407407407405,15.790123456790123
game_1035,south_korea,kazakhstan,3600.0,12,26,2.8254,1.6184,7,4,24,2.8966,1.1935,2,7,14,6,12,1,5.283950617283951,30.049382716049383,3.173232098765432,1.303116049382716,3.4691358024691357,8.0,16.48148148148148,3.728395061728395,24.22222222222222,2.5544283950617284,1.107641975308642,2.3580246913580245,5.098765432098766,10.395061728395062
game_1036,mongolia,morocco,3819.41,5,33,2.7336,0.8302,4,9,27,3.0033,1.2751000000000001,5,4,8,6,12,0,3.6419753086419755,24.506172839506174,2.282288888888889,1.0030814814814815,2.1604938271604937,6.54320987654321,13.345679012345679,4.802469135802469,28.80246913580247,3.04320987654321,1.2606864197530865,3.0123456790123457,5.9753086419753085,12.074074074074074
game_1037,iceland,netherlands,3599.9900000000002,0,14,1.1889,0.8996000000000001,0,3,26,2.4712,1.3113,3,6,12,3,6,0,4.518518518518518,25.432098765432098,2.825598765432099,1.300946913580247,2.9382716049382718,7.135802469135802,14.74074074074074,4.802469135802469,25.901234567901234,2.963301234567901,1.2496308641975309,2.962962962962963,5.592592592592593,11.407407407407407
game_1038,guatemala,canada,3600.02,7,25,2.9812,1.1885,4,0,27,2.3840000000000003,0.9994,0,8,16,10,20,1,4.222222222222222,28.950617283950617,3.119837037037037,1.2612185185185185,2.802469135802469,6.654320987654321,13.530864197530864,4.333333333333333,26.925925925925927,2.94752962962963,1.2613703703703705,2.740740740740741,5.864197530864198,11.987654320987655
game_1039,germany,vietnam,3600.01,12,27,3.8338,1.3591,6,0,13,1.5686,0.6208,1,6,12,7,17,1,4.716049382716049,25.0,2.90460987654321,1.272688888888889,3.049382716049383,5.555555555555555,11.209876543209877,4.135802469135802,25.358024691358025,2.768022222222222,1.2050938271604938,2.740740740740741,6.8765432098765435,14.25925925925926
game_104,france,saudi_arabia,3599.99,6,26,2.8418,1.1102,4,6,29,3.2648,1.7807,3,7,14,10,20,1,4.481481481481482,27.45679012345679,3.2569209876543215,1.3301666666666667,2.925925925925926,5.419753086419753,11.012345679012345,3.753086419753086,23.679012345679013,2.6629617283950617,1.1893543209876543,2.3703703703703702,5.938271604938271,12.08641975308642
game_1040,singapore,thailand,3600.0,6,33,3.4866,1.2898,5,9,34,3.9502,1.699,6,6,12,6,12,0,4.91358024691358,27.85185185185185,3.1300506172839504,1.3022864197530866,3.0864197530864197,7.185185185185185,14.666666666666666,5.444444444444445,28.54320987654321,3.5899592592592593,1.5011432098765434,3.5555555555555554,7.0246913580246915,14.358024691358025
game_1041,france,pakistan,3763.73,2,22,2.581,1.2383,3,8,36,4.1845,1.8988,4,3,6,9,18,0,4.530864197530864,27.506172839506174,3.2601407407407406,1.3285851851851853,2.9382716049382718,5.469135802469136,11.11111111111111,4.987654320987654,29.88888888888889,3.463196296296296,1.394314814814815,3.197530864197531,7.987654320987654,16.22222222222222
game_1042,china,peru,4026.06,8,21,2.1611,1.1824000000000001,4,9,39,3.614,1.5372999999999999,5,9,18,4,8,0,4.6419753086419755,26.358024691358025,3.132788888888889,1.3915074074074074,2.9012345679012346,5.62962962962963,11.481481481481481,4.839506172839506,28.049382716049383,2.9745172839506173,1.2666283950617283,3.0987654320987654,6.2592592592592595,12.765432098765432
game_1043,philippines,uae,4082.08,5,27,3.0446999999999997,1.0009000000000001,3,5,26,2.3407,1.294,4,5,10,10,20,0,3.691358024691358,25.59259259259259,2.5992641975308644,1.1357098765432099,2.4074074074074074,5.395061728395062,11.0,3.8518518518518516,23.765432098765434,2.580922222222222,1.105085185185185,2.4444444444444446,5.888888888888889,12.271604938271604
game_1044,brazil,mexico,3600.0,6,26,2.8258,1.4808,4,6,25,2.5998,0.8517,3,9,18,7,14,1,5.172839506172839,26.37037037037037,3.3290555555555557,1.4149246913580247,3.3580246913580245,6.962962962962963,14.209876543209877,4.2592592592592595,29.037037037037038,3.226638271604938,1.3502444444444446,2.876543209876543,7.271604938271605,14.654320987654321
game_1045,rwanda,panama,3616.8,4,20,1.97,1.4326,2,6,30,3.6779,1.4592,3,6,12,2,4,0,4.037037037037037,26.0,2.738758024691358,1.248730864197531,2.4691358024691357,8.197530864197532,16.71604938271605,5.074074074074074,27.22222222222222,3.133053086419753,1.3441370370370371,3.111111111111111,5.54320987654321,11.37037037037037
game_1046,switzerland,india,3600.0,2,28,2.6419,0.7666,1,2,14,1.2089,0.5509,2,6,12,6,14,0,3.7901234567901234,25.493827160493826,2.5018530864197532,1.0740740740740742,2.4691358024691357,7.3580246913580245,15.012345679012345,4.234567901234568,29.123456790123456,2.9398395061728397,1.223856790123457,2.7037037037037037,5.580246913580247,11.333333333333334
game_1047,thailand,brazil,3599.9900000000002,1,24,3.2779000000000003,1.8605,1,4,21,2.1804,1.1911,2,2,4,7,14,0,5.54320987654321,28.666666666666668,3.5982592592592595,1.4991493827160494,3.617283950617284,7.074074074074074,14.45679012345679,5.197530864197531,26.432098765432098,3.3370234567901234,1.4185012345679011,3.382716049382716,6.987654320987654,14.25925925925926
game_1048,mexico,france,3600.0,1,31,3.4847,1.4503,2,6,22,2.3984,0.8385,3,6,12,3,6,0,4.320987654320987,28.962962962962962,3.2157135802469137,1.3428543209876544,2.888888888888889,7.283950617283951,14.679012345679013,4.481481481481482,27.506172839506174,3.2623950617283954,1.333520987654321,2.9382716049382718,5.469135802469136,11.11111111111111
game_1049,uk,saudi_arabia,3600.01,4,24,2.8485,1.1938,3,0,19,2.0118,1.2202,0,4,8,5,10,1,4.864197530864198,27.753086419753085,3.376098765432099,1.4351641975308642,2.9753086419753085,5.0,10.185185185185185,3.8271604938271606,23.80246913580247,2.678430864197531,1.1962740740740738,2.4074074074074074,6.0,12.209876543209877
game_105,south_korea,mexico,3600.0099999999998,7,38,4.1558,1.0075,4,5,25,2.5492,1.3977,3,6,12,11,22,1,5.345679012345679,29.901234567901234,3.156807407407407,1.3106580246913582,3.506172839506173,8.012345679012345,16.506172839506174,4.271604938271605,29.037037037037038,3.2272629629629628,1.3435037037037039,2.876543209876543,7.222222222222222,14.555555555555555
game_1050,oman,indonesia,3599.9900000000002,4,24,3.3428,1.3557000000000001,3,1,22,2.135,1.0624,1,7,14,8,16,1,4.481481481481482,26.567901234567902,2.9826456790123457,1.301277777777778,2.9382716049382718,9.222222222222221,18.950617283950617,4.222222222222222,26.37037037037037,2.639079012345679,1.0806962962962963,2.7160493827160495,5.012345679012346,10.234567901234568
game_1051,peru,germany,3599.99,7,31,3.8488,2.1024,4,5,21,2.1281,1.2256,5,3,6,6,12,0,4.864197530864198,28.14814814814815,2.9716185185185187,1.2596518518518518,3.111111111111111,6.271604938271605,12.790123456790123,4.802469135802469,25.074074074074073,2.925667901234568,1.274337037037037,3.0617283950617282,5.555555555555555,11.209876543209877
game_1052,new_zealand,guatemala,3599.99,2,31,2.9713,1.1412,1,7,34,3.7987,1.4398,4,6,15,7,14,0,4.074074074074074,26.469135802469136,2.9418925925925925,1.2861827160493828,2.691358024691358,6.802469135802469,13.839506172839506,4.222222222222222,28.839506172839506,3.1097444444444444,1.258116049382716,2.802469135802469,6.666666666666667,13.555555555555555
game_1053,rwanda,mongolia,3599.9900000000002,2,19,2.0728,0.9615,1,8,20,1.8954,0.9856,4,3,6,8,18,0,4.061728395061729,26.012345679012345,2.737488888888889,1.254546913580247,2.4814814814814814,8.234567901234568,16.790123456790123,3.6049382716049383,24.666666666666668,2.292637037037037,1.001162962962963,2.1604938271604937,6.493827160493828,13.222222222222221
game_1054,serbia,ethiopia,3600.0,2,34,3.9392,1.8761999999999999,1,6,37,4.1826,1.2301,4,8,19,6,12,0,5.135802469135802,29.88888888888889,3.3746777777777774,1.3943913580246914,3.308641975308642,6.3580246913580245,12.88888888888889,4.901234567901234,26.604938271604937,2.9041641975308643,1.272583950617284,3.246913580246914,7.234567901234568,14.703703703703704
game_1055,uae,china,4544.66,6,35,4.2933,0.954,4,8,30,3.1698,1.6059,5,6,12,11,22,0,3.8395061728395063,23.65432098765432,2.556816049382716,1.1092827160493828,2.4444444444444446,5.938271604938271,12.37037037037037,4.6419753086419755,26.246913580246915,3.120335802469136,1.386279012345679,2.888888888888889,5.604938271604938,11.432098765432098
game_1056,usa,netherlands,4543.36,8,34,3.7184,1.4522,4,9,22,2.2978,1.1989999999999998,5,5,10,10,20,0,4.45679012345679,26.382716049382715,3.008325925925926,1.3028382716049383,2.9135802469135803,7.7407407407407405,15.790123456790123,4.728395061728395,25.950617283950617,2.965441975308642,1.2510172839506173,2.9382716049382718,5.506172839506172,11.234567901234568
game_1057,pakistan,kazakhstan,3600.0,4,25,3.1125,1.5941,3,0,16,1.8738,0.391,0,11,25,5,10,1,5.037037037037037,30.02469135802469,3.4764308641975306,1.3980765432098767,3.2098765432098766,7.962962962962963,16.135802469135804,3.7777777777777777,24.320987654320987,2.567055555555556,1.1175493827160492,2.382716049382716,5.111111111111111,10.419753086419753
game_1058,switzerland,canada,3600.0099999999998,9,25,2.6583,1.1513,5,2,24,2.5002,0.7893,1,7,14,8,16,1,3.7037037037037037,25.530864197530864,2.5016506172839508,1.0693246913580245,2.419753086419753,7.345679012345679,14.987654320987655,4.308641975308642,26.962962962962962,2.946095061728395,1.2639641975308642,2.728395061728395,5.888888888888889,12.037037037037036
game_1059,singapore,south_korea,4772.69,7,32,3.9369000000000005,1.3024,5,5,29,2.8919,1.4085,4,4,8,8,16,1,4.901234567901234,27.864197530864196,3.124491358024691,1.3021308641975309,3.0864197530864197,7.209876543209877,14.716049382716049,5.37037037037037,30.012345679012345,3.1724111111111104,1.3057074074074073,3.506172839506173,7.987654320987654,16.45679012345679
game_106,new_zealand,kazakhstan,3600.0,1,20,2.5737,1.3664,2,2,23,3.2426,1.5195,1,6,12,3,6,1,4.08641975308642,26.604938271604937,2.9468012345679013,1.2834024691358026,2.6790123456790123,6.802469135802469,13.876543209876543,3.753086419753086,24.234567901234566,2.5501567901234568,1.1036172839506173,2.3703703703703702,5.135802469135802,10.469135802469136
game_1060,vietnam,panama,3600.0099999999998,7,28,3.1986,1.2347,5,4,21,2.6370999999999998,1.1562000000000001,2,6,12,6,12,1,4.049382716049383,25.17283950617284,2.7478987654320988,1.1975148148148147,2.691358024691358,6.888888888888889,14.320987654320987,5.098765432098766,27.333333333333332,3.145902469135802,1.3478777777777777,3.123456790123457,5.493827160493828,11.271604938271604
game_1061,morocco,philippines,3599.99,6,34,3.7589,1.2175,4,4,26,2.4274,1.2263,2,5,10,5,10,1,4.839506172839506,28.71604938271605,3.0338814814814814,1.2613975308641974,3.0246913580246915,5.987654320987654,12.098765432098766,3.7037037037037037,25.604938271604937,2.606885185185185,1.1329271604938271,2.419753086419753,5.395061728395062,11.0
game_1062,rwanda,singapore,3599.99,0,28,2.8026999999999997,1.346,0,3,28,2.9652,1.0926,3,9,18,3,6,0,4.08641975308642,25.901234567901234,2.728477777777778,1.2498,2.493827160493827,8.160493827160494,16.641975308641975,4.950617283950617,27.91358024691358,3.1364876543209874,1.304720987654321,3.111111111111111,7.222222222222222,14.74074074074074
game_1063,serbia,saudi_arabia,3599.98,8,26,2.7532,1.4710999999999999,5,7,29,3.9424999999999994,1.2086000000000001,4,14,28,4,8,1,5.061728395061729,29.987654320987655,3.38931975308642,1.3993925925925925,3.259259259259259,6.283950617283951,12.777777777777779,3.740740740740741,23.679012345679013,2.654595061728395,1.196417283950617,2.3580246913580245,6.012345679012346,12.234567901234568
game_1064,morocco,china,3884.57,5,23,2.3294,0.9013,3,4,29,2.8881,1.2448,2,6,12,6,12,1,4.851851851851852,28.85185185185185,3.0515296296296297,1.2653012345679011,3.037037037037037,5.9753086419753085,12.074074074074074,4.691358024691358,26.25925925925926,3.1238135802469134,1.3907370370370369,2.925925925925926,5.666666666666667,11.555555555555555
game_1065,panama,brazil,3600.0099999999998,0,18,1.4819,1.066,0,9,31,3.6864999999999997,1.4847000000000001,6,6,12,7,16,0,5.148148148148148,27.37037037037037,3.160164197530864,1.3489913580246913,3.1481481481481484,5.493827160493828,11.271604938271604,5.135802469135802,26.308641975308642,3.31842962962963,1.4148765432098764,3.3333333333333335,6.987654320987654,14.234567901234568
game_1066,thailand,ethiopia,3600.02,1,25,3.2164,1.3817,1,7,27,2.3859,1.1974,5,6,12,11,22,0,5.54320987654321,28.65432098765432,3.599018518518518,1.5050604938271606,3.617283950617284,7.0246913580246915,14.358024691358025,4.888888888888889,26.728395061728396,2.926345679012346,1.2729876543209875,3.234567901234568,7.172839506172839,14.580246913580247
game_1067,south_korea,india,3600.0,6,24,2.6878,1.0556,3,12,27,3.3395,0.9905999999999999,7,8,16,6,12,0,5.3580246913580245,30.074074074074073,3.1749308641975307,1.3100641975308642,3.5185185185185186,7.987654320987654,16.45679012345679,4.111111111111111,28.962962962962962,2.913535802469136,1.2184283950617285,2.6419753086419755,5.580246913580247,11.358024691358025
game_1068,mongolia,pakistan,3600.0099999999998,4,30,3.4268,0.9450000000000001,2,2,30,3.424,1.6983,1,5,10,11,22,1,3.654320987654321,24.54320987654321,2.2737308641975305,1.0016641975308644,2.185185185185185,6.530864197530864,13.320987654320987,5.061728395061729,29.962962962962962,3.4725851851851854,1.39679012345679,3.234567901234568,7.962962962962963,16.17283950617284
game_1069,usa,canada,3834.44,9,25,2.7803,1.2197,6,10,31,3.405,1.4599,5,5,10,5,10,1,4.444444444444445,26.493827160493826,3.0199074074074073,1.3057086419753086,2.888888888888889,7.7407407407407405,15.790123456790123,4.209876543209877,26.876543209876544,2.9349246913580247,1.2556851851851851,2.6790123456790123,5.925925925925926,12.11111111111111
game_107,iceland,netherlands,3667.57,4,19,2.0438,1.4517,2,2,30,3.5524,1.3742,1,14,28,7,14,1,4.469135802469136,25.37037037037037,2.8150444444444442,1.2941308641975309,2.9135802469135803,7.037037037037037,14.54320987654321,4.814814814814815,25.85185185185185,2.949953086419753,1.2488543209876544,2.9876543209876543,5.54320987654321,11.308641975308642
game_1070,oman,uk,3764.65,7,25,2.8284,1.4875,4,9,30,3.6975000000000002,1.1275,5,7,14,3,6,0,4.444444444444445,26.555555555555557,2.9889962962962966,1.2996506172839508,2.925925925925926,9.222222222222221,18.950617283950617,4.802469135802469,27.679012345679013,3.3656172839506175,1.4359827160493828,2.950617283950617,5.012345679012346,10.209876543209877
game_1071,vietnam,mexico,3599.98,4,26,2.586,1.7012,3,5,24,2.659,1.3242,4,4,8,5,10,0,4.08641975308642,25.19753086419753,2.7554617283950615,1.1917555555555557,2.7160493827160495,6.91358024691358,14.37037037037037,4.271604938271605,29.049382716049383,3.2259074074074072,1.3444111111111112,2.8641975308641974,7.296296296296297,14.703703703703704
game_1072,switzerland,indonesia,3659.71,4,24,2.7903,1.2581,3,6,25,2.2699000000000003,1.0624,4,7,14,6,12,0,3.765432098765432,25.54320987654321,2.500020987654321,1.068006172839506,2.4444444444444446,7.345679012345679,14.987654320987655,4.160493827160494,26.333333333333332,2.637413580246913,1.0806962962962963,2.6790123456790123,5.037037037037037,10.283950617283951
game_1073,iceland,germany,3599.98,5,29,3.5351,1.5673,4,2,24,2.3199,1.1949,2,2,4,2,4,1,4.45679012345679,25.246913580246915,2.7966333333333333,1.2927037037037037,2.888888888888889,7.185185185185185,14.839506172839506,4.839506172839506,25.037037037037038,2.9233000000000002,1.274716049382716,3.0987654320987654,5.604938271604938,11.308641975308642
game_1074,netherlands,kazakhstan,3600.0,7,28,3.7105,1.2424,4,2,19,1.6947,0.7205,1,5,10,6,12,1,4.753086419753086,25.876543209876544,2.948001234567901,1.2504814814814815,2.950617283950617,5.567901234567901,11.358024691358025,3.753086419753086,24.28395061728395,2.5692666666666666,1.1134814814814813,2.3703703703703702,5.098765432098766,10.395061728395062
game_1075,peru,new_zealand,3599.99,10,21,2.8979,0.8341999999999999,6,2,13,1.1537,0.9375,1,2,4,9,18,1,4.827160493827161,28.271604938271604,2.9833580246913582,1.2753086419753086,3.0864197530864197,6.283950617283951,12.814814814814815,4.074074074074074,26.691358024691358,2.9643320987654325,1.2886975308641975,2.691358024691358,6.765432098765432,13.802469135802468
game_1076,uae,france,3600.02,8,21,2.5077,1.1008,4,4,19,2.0765000000000002,1.2348,2,7,14,8,16,1,3.814814814814815,23.82716049382716,2.5788604938271606,1.10747037037037,2.4444444444444446,5.925925925925926,12.345679012345679,4.506172839506172,27.54320987654321,3.266369135802469,1.3286283950617284,2.950617283950617,5.407407407407407,10.987654320987655
game_1077,philippines,guatemala,3599.98,2,29,2.8295,0.8102,1,3,25,2.183,0.781,2,3,6,5,10,0,3.728395061728395,25.567901234567902,2.6019209876543212,1.1380641975308643,2.432098765432099,5.419753086419753,11.049382716049383,4.271604938271605,28.950617283950617,3.1296913580246914,1.2662493827160493,2.8271604938271606,6.691358024691358,13.604938271604938
game_1078,kazakhstan,morocco,3599.98,4,31,2.9099000000000004,1.2228,3,1,15,1.6551,1.2699,1,6,12,7,14,1,3.728395061728395,24.135802469135804,2.5542641975308644,1.10728024691358,2.345679012345679,5.098765432098766,10.395061728395062,4.901234567901234,28.950617283950617,3.0598543209876543,1.2607506172839504,3.0617283950617282,5.962962962962963,12.049382716049383
game_1079,iceland,oman,3600.01,4,32,3.58,1.6366,2,3,40,4.5594,1.7576,3,6,15,6,12,0,4.469135802469136,25.209876543209877,2.796079012345679,1.2918481481481483,2.9135802469135803,7.135802469135802,14.703703703703704,4.493827160493828,26.37037037037037,2.967625925925926,1.2963160493827162,2.9382716049382718,9.234567901234568,18.97530864197531
game_108,uk,brazil,3599.98,2,22,2.5934,0.9939,1,3,24,2.9992,1.4985,2,6,12,9,18,0,4.888888888888889,27.77777777777778,3.3792481481481484,1.437632098765432,3.0,4.9753086419753085,10.135802469135802,5.209876543209877,26.395061728395063,3.3269148148148155,1.414706172839506,3.382716049382716,6.962962962962963,14.209876543209877
game_1080,netherlands,rwanda,3600.01,8,28,4.4027,1.1893,4,0,23,1.9603,1.1056,0,5,10,13,26,1,4.7407407407407405,25.876543209876544,2.9394555555555555,1.2511370370370372,2.950617283950617,5.567901234567901,11.358024691358025,4.08641975308642,25.962962962962962,2.738877777777778,1.252767901234568,2.493827160493827,8.11111111111111,16.54320987654321
game_1081,india,singapore,3600.02,0,33,3.5939,1.2066000000000001,0,4,24,2.4287,1.2104000000000001,3,6,12,5,10,0,4.2592592592592595,28.88888888888889,2.910395061728395,1.215761728395062,2.728395061728395,5.580246913580247,11.358024691358025,4.938271604938271,27.962962962962962,3.1431111111111107,1.3032666666666666,3.111111111111111,7.197530864197531,14.691358024691358
game_1082,china,ethiopia,3605.27,8,49,5.426,1.8883999999999999,6,6,29,2.8539,1.4616,5,8,16,8,16,1,4.6419753086419755,26.012345679012345,3.0924814814814816,1.3827913580246913,2.876543209876543,5.6419753086419755,11.506172839506172,4.901234567901234,26.703703703703702,2.920567901234568,1.269725925925926,3.234567901234568,7.209876543209877,14.654320987654321
game_1083,mexico,philippines,4314.44,2,36,4.785299999999999,1.4036,2,0,19,1.6051,0.9495,1,7,14,11,22,1,4.308641975308642,28.901234567901234,3.1996567901234565,1.343430864197531,2.888888888888889,7.271604938271605,14.654320987654321,3.753086419753086,25.691358024691358,2.6170370370370373,1.1363444444444444,2.432098765432099,5.320987654320987,10.851851851851851
game_1084,pakistan,peru,3600.03,3,24,2.9154,0.9430999999999999,2,0,20,2.1021,0.9907,0,5,10,6,12,1,5.049382716049383,30.037037037037038,3.4788641975308643,1.4061135802469136,3.2222222222222223,8.037037037037036,16.320987654320987,4.950617283950617,28.28395061728395,2.993182716049383,1.2733765432098765,3.1604938271604937,6.234567901234568,12.716049382716049
game_1085,south_korea,mongolia,3600.02,7,36,3.8981,1.4878,5,0,19,1.449,0.7677,1,3,6,3,6,1,5.345679012345679,29.925925925925927,3.1599888888888885,1.3047283950617283,3.493827160493827,8.049382716049383,16.580246913580247,3.7037037037037037,24.679012345679013,2.298148148148148,1.003853086419753,2.197530864197531,6.555555555555555,13.37037037037037
game_1086,serbia,saudi_arabia,3600.0099999999998,3,29,3.5433999999999997,1.3279999999999998,3,1,22,2.1169000000000002,1.3625,2,5,12,6,12,1,5.1234567901234565,29.950617283950617,3.379564197530864,1.4011592592592592,3.2839506172839505,6.395061728395062,12.975308641975309,3.814814814814815,23.765432098765434,2.6771333333333334,1.1945172839506173,2.382716049382716,5.987654320987654,12.185185185185185
game_1087,switzerland,guatemala,3599.99,10,26,1.9166,0.9417,6,2,25,2.4302,0.964,1,7,14,5,10,1,3.691358024691358,25.51851851851852,2.5108074074074076,1.0719123456790123,2.4074074074074074,7.345679012345679,14.987654320987655,4.283950617283951,28.950617283950617,3.126639506172839,1.26399012345679,2.8395061728395063,6.691358024691358,13.604938271604938
game_1088,panama,canada,3599.9900000000002,17,31,3.898,1.3544,11,4,27,2.7763,1.4122,3,5,10,8,16,1,4.938271604938271,27.209876543209877,3.1303358024691357,1.3454308641975308,3.0123456790123457,5.506172839506172,11.296296296296296,4.283950617283951,26.925925925925927,2.9426864197530866,1.256274074074074,2.7037037037037037,5.888888888888889,12.037037037037036
game_1089,new_zealand,usa,4413.6900000000005,7,43,5.7272,1.598,4,5,23,3.0822,1.3119,3,9,18,12,24,1,4.012345679012346,26.320987654320987,2.907869135802469,1.2805432098765432,2.654320987654321,6.765432098765432,13.802469135802468,4.493827160493828,26.51851851851852,3.01618024691358,1.3045703703703704,2.925925925925926,7.654320987654321,15.617283950617283
game_109,south_korea,rwanda,3600.0,8,38,4.6931,1.6675,4,8,31,3.3729999999999998,1.376,5,7,14,10,20,0,5.333333333333333,29.901234567901234,3.150174074074074,1.30250987654321,3.506172839506173,8.0,16.48148148148148,3.9876543209876543,25.864197530864196,2.7214370370370373,1.2494296296296297,2.432098765432099,8.148148148148149,16.617283950617285
game_1090,vietnam,uk,3600.0,1,20,2.3862,0.9169,1,0,23,3.0049,1.1004,0,6,12,6,12,1,4.1234567901234565,25.271604938271604,2.7579283950617284,1.2014382716049383,2.740740740740741,6.888888888888889,14.320987654320987,4.91358024691358,27.765432098765434,3.374167901234568,1.4363172839506173,3.0123456790123457,4.9753086419753085,10.135802469135802
game_1091,france,indonesia,3599.99,12,35,4.4845999999999995,1.4949000000000001,6,5,25,2.7976,1.375,3,6,12,9,18,1,4.407407407407407,27.34567901234568,3.2366395061728395,1.3254172839506173,2.9012345679012346,5.432098765432099,11.037037037037036,4.172839506172839,26.333333333333332,2.6308987654320988,1.076837037037037,2.691358024691358,5.0,10.209876543209877
game_1092,brazil,thailand,3600.01,8,27,3.4282,1.3721,4,2,22,2.2822,1.0784,1,7,14,8,16,1,5.148148148148148,26.358024691358025,3.3216185185185187,1.4162666666666666,3.3580246913580245,6.987654320987654,14.25925925925926,5.530864197530864,28.691358024691358,3.610551851851852,1.508804938271605,3.617283950617284,7.0,14.308641975308642
game_1093,uae,germany,3600.0,5,21,2.7509,0.9967999999999999,3,3,23,2.2137000000000002,0.9052,2,4,8,10,20,1,3.8518518518518516,23.82716049382716,2.575858024691358,1.1087543209876543,2.45679012345679,5.962962962962963,12.419753086419753,4.827160493827161,25.049382716049383,2.9246111111111115,1.2782925925925928,3.0987654320987654,5.506172839506172,11.11111111111111
game_1094,france,peru,4210.79,2,22,2.2032,1.1085,2,6,21,2.2652,1.0714,3,8,16,4,8,0,4.530864197530864,27.506172839506174,3.264804938271605,1.3301876543209876,2.950617283950617,5.407407407407407,10.987654320987655,4.8765432098765435,28.271604938271604,2.9911691358024695,1.27238024691358,3.123456790123457,6.2592592592592595,12.765432098765432
game_1095,iceland,brazil,3600.01,0,20,1.7643,1.2887,0,2,16,1.9794,1.1863,2,7,14,3,6,0,4.518518518518518,25.358024691358025,2.8184950617283953,1.2961432098765433,2.9382716049382718,7.1234567901234565,14.716049382716049,5.222222222222222,26.493827160493826,3.339504938271605,1.4185604938271603,3.382716049382716,7.037037037037037,14.358024691358025
game_1096,india,new_zealand,3599.9900000000002,3,20,2.1896,0.9685,2,0,25,2.6035,1.5941,0,5,10,4,8,1,4.222222222222222,29.049382716049383,2.927732098765432,1.2187012345679011,2.7037037037037037,5.592592592592593,11.382716049382717,4.098765432098766,26.54320987654321,2.9464333333333332,1.2805913580246915,2.7037037037037037,6.827160493827161,13.925925925925926
game_1097,singapore,netherlands,3600.0,9,33,4.1082,1.5054,5,2,22,2.3211,1.2244,1,4,8,6,12,1,4.8765432098765435,27.85185185185185,3.1223765432098762,1.2996246913580247,3.0864197530864197,7.209876543209877,14.716049382716049,4.814814814814815,25.950617283950617,2.9651543209876543,1.2507037037037037,2.9876543209876543,5.555555555555555,11.333333333333334
game_1098,china,oman,3600.02,9,35,5.2954,1.6317,7,4,28,3.0055,1.0861,3,9,20,15,30,1,4.62962962962963,26.185185185185187,3.094093827160494,1.3859604938271606,2.8641975308641974,5.62962962962963,11.45679012345679,4.481481481481482,26.51851851851852,2.98680987654321,1.3046061728395062,2.9382716049382718,9.123456790123457,18.753086419753085
game_1099,saudi_arabia,canada,3599.99,11,35,4.0597,1.2572,6,2,16,1.4864,0.9749,1,3,6,11,25,1,3.691358024691358,23.604938271604937,2.6531481481481483,1.1958172839506171,2.3333333333333335,6.0246913580246915,12.25925925925926,4.308641975308642,27.061728395061728,2.9586111111111113,1.2616728395061727,2.728395061728395,5.851851851851852,11.925925925925926
game_11,panama,canada,3600.0,9,23,2.5171,1.5252000000000001,5,2,22,2.2664,1.0638,1,2,4,6,12,1,5.037037037037037,27.308641975308642,3.147383950617284,1.3433222222222223,3.0864197530864197,5.54320987654321,11.37037037037037,4.308641975308642,26.987654320987655,2.9489814814814816,1.2605753086419753,2.728395061728395,5.91358024691358,12.08641975308642
game_110,switzerland,morocco,3600.0299999999997,7,32,3.4514,1.0635,4,6,29,3.0471,0.9662000000000001,5,8,16,9,18,0,3.728395061728395,25.444444444444443,2.491859259259259,1.0704086419753085,2.432098765432099,7.333333333333333,14.962962962962964,4.839506172839506,28.77777777777778,3.042669135802469,1.2645,3.0123456790123457,5.938271604938271,12.0
game_1100,mongolia,serbia,3600.01,4,30,2.3367,1.1259,2,8,38,4.8365,1.7588,5,8,18,3,6,0,3.654320987654321,24.54320987654321,2.2871888888888887,0.9994308641975309,2.185185185185185,6.493827160493828,13.222222222222221,5.061728395061729,29.839506172839506,3.3636,1.3958407407407407,3.259259259259259,6.419753086419753,13.049382716049383
game_1101,indonesia,uk,3600.0,3,31,3.0058,1.3676,3,4,20,3.0455,1.4901,2,5,10,4,8,1,4.197530864197531,26.25925925925926,2.6283283950617284,1.0769283950617283,2.691358024691358,5.049382716049383,10.308641975308642,4.864197530864198,27.80246913580247,3.373666666666667,1.4315061728395062,2.9876543209876543,5.0,10.185185185185185
game_1102,philippines,guatemala,3600.0,4,38,3.9114,1.1242,2,2,27,2.6304,0.9619,1,4,8,8,16,1,3.7037037037037037,25.45679012345679,2.5885641975308644,1.1341876543209874,2.419753086419753,5.407407407407407,11.024691358024691,4.283950617283951,28.925925925925927,3.124167901234568,1.2640160493827162,2.8395061728395063,6.654320987654321,13.530864197530864
game_1103,kazakhstan,ethiopia,3614.21,5,24,2.3397,1.2043,3,5,24,3.4691,1.2768,4,6,14,6,12,0,3.7160493827160495,24.22222222222222,2.561303703703704,1.1075086419753086,2.345679012345679,5.098765432098766,10.37037037037037,4.91358024691358,26.765432098765434,2.912972839506173,1.2720074074074075,3.246913580246914,7.234567901234568,14.703703703703704
game_1104,mexico,pakistan,3841.46,9,40,4.2736,1.5463,5,7,27,3.2857,1.5979,4,10,20,8,16,1,4.222222222222222,28.85185185185185,3.205974074074074,1.3416691358024693,2.8518518518518516,7.234567901234568,14.580246913580247,5.0,30.0,3.474292592592592,1.3980296296296297,3.197530864197531,8.0,16.246913580246915
game_1105,usa,uae,3600.0,10,36,3.4735,1.4878,6,0,21,1.8276000000000001,0.9809,0,2,4,3,6,1,4.432098765432099,26.358024691358025,3.011349382716049,1.302398765432099,2.888888888888889,7.777777777777778,15.864197530864198,3.9135802469135803,23.82716049382716,2.587256790123457,1.1089506172839505,2.493827160493827,5.9753086419753085,12.444444444444445
game_1106,panama,south_korea,3751.88,4,15,1.627,0.9036,2,6,36,3.9055999999999997,1.7281,3,6,12,4,10,0,5.098765432098766,27.40740740740741,3.1583728395061725,1.3509962962962963,3.123456790123457,5.493827160493828,11.271604938271604,5.3580246913580245,29.925925925925927,3.159896296296296,1.3017617283950618,3.5185185185185186,8.037037037037036,16.530864197530864
game_1107,morocco,thailand,3600.01,7,25,2.146,1.1881,4,3,33,3.6079,1.6504,3,3,6,4,8,1,4.827160493827161,28.82716049382716,3.053793827160494,1.2617604938271603,3.0246913580246915,6.012345679012346,12.148148148148149,5.518518518518518,28.555555555555557,3.5941851851851854,1.501743209876543,3.5925925925925926,7.049382716049383,14.407407407407407
game_1108,vietnam,germany,3913.09,8,29,3.8718,1.4866,5,6,38,4.5083,1.8920000000000001,4,6,14,11,22,1,4.037037037037037,25.160493827160494,2.739587654320988,1.194404938271605,2.691358024691358,6.888888888888889,14.296296296296296,4.790123456790123,24.864197530864196,2.8962827160493827,1.26610987654321,3.074074074074074,5.493827160493828,11.08641975308642
game_1109,rwanda,switzerland,3600.0299999999997,6,25,3.4766,1.6186,3,5,23,2.5827,1.2372,4,9,18,10,20,0,4.012345679012346,25.938271604938272,2.7201580246913584,1.2464345679012345,2.45679012345679,8.160493827160494,16.641975308641975,3.753086419753086,25.555555555555557,2.502583950617284,1.0682641975308642,2.432098765432099,7.308641975308642,14.91358024691358
game_111,oman,china,3600.0099999999998,3,31,3.1386,1.3485,2,10,31,3.9592,1.6668,6,11,22,5,13,0,4.493827160493828,26.48148148148148,2.9851666666666667,1.3013666666666668,2.950617283950617,9.17283950617284,18.85185185185185,4.617283950617284,26.234567901234566,3.11059012345679,1.385527160493827,2.876543209876543,5.679012345679013,11.54320987654321
game_1110,thailand,saudi_arabia,3599.9900000000002,6,32,4.4671,1.5885,4,6,26,2.7911,1.3402,3,7,14,11,22,1,5.481481481481482,28.567901234567902,3.5835777777777773,1.5025074074074074,3.580246913580247,7.012345679012346,14.333333333333334,3.753086419753086,23.71604938271605,2.66880987654321,1.1947925925925926,2.3703703703703702,5.925925925925926,12.061728395061728
game_1111,china,germany,3600.0,8,30,4.3488,1.3744,5,2,24,2.1197,1.094,2,2,4,9,18,1,4.6419753086419755,26.246913580246915,3.10578024691358,1.389137037037037,2.888888888888889,5.716049382716049,11.654320987654321,4.839506172839506,25.037037037037038,2.9257716049382716,1.2759617283950617,3.0987654320987654,5.518518518518518,11.135802469135802
game_1112,morocco,kazakhstan,3599.9900000000002,5,19,1.8859000000000001,1.2061000000000002,3,2,27,2.7004,0.9821,1,6,12,4,8,1,4.851851851851852,28.901234567901234,3.057004938271605,1.2615382716049381,3.037037037037037,5.9753086419753085,12.074074074074074,3.753086419753086,24.185185185185187,2.556850617283951,1.1102518518518518,2.3703703703703702,5.1234567901234565,10.444444444444445
game_1113,pakistan,south_korea,3599.98,10,25,2.7595,1.266,7,8,35,3.7171,1.3899,5,5,10,8,16,1,4.962962962962963,30.02469135802469,3.4807888888888887,1.4021271604938272,3.1604938271604937,8.037037037037036,16.320987654320987,5.333333333333333,29.938271604938272,3.162223456790123,1.3059370370370371,3.493827160493827,7.987654320987654,16.45679012345679
game_1114,rwanda,mongolia,4067.99,4,30,3.5153,1.5859,2,6,20,1.6195,1.0992,3,5,10,15,30,0,4.037037037037037,25.876543209876544,2.7196802469135806,1.2468382716049384,2.4691358024691357,8.209876543209877,16.74074074074074,3.6296296296296298,24.666666666666668,2.2960432098765433,0.9997604938271606,2.1728395061728394,6.407407407407407,13.074074074074074
game_1115,vietnam,serbia,3600.03,1,20,2.3965,1.3319,2,3,31,3.7512,1.4793,3,11,22,10,20,0,4.1234567901234565,25.271604938271604,2.7578012345679013,1.1963148148148148,2.728395061728395,6.827160493827161,14.197530864197532,5.1234567901234565,29.925925925925927,3.376998765432099,1.3992913580246915,3.2839506172839505,6.333333333333333,12.876543209876543
game_1116,philippines,ethiopia,3599.9900000000002,1,37,4.2117,1.2737,1,6,18,1.8972,1.3293,3,7,14,9,18,0,3.740740740740741,25.469135802469136,2.5848567901234567,1.132341975308642,2.432098765432099,5.37037037037037,10.950617283950617,4.901234567901234,26.839506172839506,2.932379012345679,1.271359259259259,3.259259259259259,7.197530864197531,14.62962962962963
game_1117,new_zealand,brazil,3599.98,6,33,2.8779000000000003,1.3246,4,5,31,4.2258,1.4511,3,7,16,6,12,1,4.0246913580246915,26.444444444444443,2.9430456790123456,1.2839185185185185,2.654320987654321,6.790123456790123,13.82716049382716,5.185185185185185,26.308641975308642,3.311771604938272,1.4152913580246913,3.3703703703703702,7.0,14.283950617283951
game_1118,oman,switzerland,3600.01,2,15,1.4752,0.9856,1,3,26,2.7172,0.8617,2,6,12,5,12,0,4.506172839506172,26.679012345679013,3.0057024691358025,1.3058469135802468,2.962962962962963,9.234567901234568,18.97530864197531,3.7777777777777777,25.51851851851852,2.5009234567901237,1.0729,2.45679012345679,7.37037037037037,15.012345679012345
game_1119,india,france,3599.99,6,33,3.374,1.2928,4,0,19,1.8119,1.0601,0,6,12,3,6,1,4.185185185185185,28.88888888888889,2.91310987654321,1.2146975308641976,2.6790123456790123,5.580246913580247,11.358024691358025,4.555555555555555,27.54320987654321,3.269635802469136,1.330785185185185,2.9753086419753085,5.469135802469136,11.11111111111111
game_112,ethiopia,serbia,3600.0,1,28,2.4629000000000003,1.001,1,4,36,3.5258000000000003,1.5331,4,4,8,0,0,0,4.962962962962963,26.71604938271605,2.9253950617283953,1.2754123456790123,3.2839506172839505,7.2592592592592595,14.753086419753087,5.111111111111111,29.864197530864196,3.3797814814814813,1.3986271604938272,3.271604938271605,6.45679012345679,13.123456790123457
game_1120,usa,peru,3600.0,5,27,2.6696,1.4003999999999999,4,2,26,2.7429,1.5776999999999999,1,6,12,3,9,1,4.493827160493828,26.469135802469136,3.021274074074074,1.3034777777777777,2.9135802469135803,7.728395061728395,15.765432098765432,4.925925925925926,28.209876543209877,2.985271604938272,1.2661296296296296,3.1481481481481484,6.271604938271605,12.753086419753087
game_1121,panama,mexico,3599.99,2,22,2.0311,0.8916999999999999,1,7,29,4.3542000000000005,0.9811000000000001,5,13,26,4,8,0,5.1234567901234565,27.320987654320987,3.153383950617284,1.3511432098765432,3.1358024691358026,5.407407407407407,11.098765432098766,4.246913580246914,28.987654320987655,3.204979012345679,1.348646913580247,2.8518518518518516,7.308641975308642,14.728395061728396
game_1122,indonesia,singapore,3600.0,4,38,4.1575999999999995,1.2437,3,4,27,2.9683,1.4622,2,4,8,6,12,1,4.185185185185185,26.17283950617284,2.6141086419753083,1.078458024691358,2.691358024691358,5.061728395061729,10.333333333333334,4.938271604938271,27.925925925925927,3.136449382716049,1.3001580246913582,3.123456790123457,7.185185185185185,14.666666666666666
game_1123,uae,iceland,3739.0299999999997,4,27,2.6949,0.8957999999999999,2,1,26,2.438,1.3344,3,6,12,7,14,0,3.8641975308641974,23.753086419753085,2.5765493827160495,1.1100012345679013,2.4691358024691357,5.938271604938271,12.37037037037037,4.506172839506172,25.28395061728395,2.8101777777777777,1.295579012345679,2.9012345679012346,7.1234567901234565,14.716049382716049
game_1124,netherlands,guatemala,3599.99,13,38,4.015499999999999,1.3823,8,2,24,2.7983000000000002,0.7771,1,6,12,8,16,1,4.679012345679013,25.753086419753085,2.944235802469136,1.2487543209876544,2.9012345679012346,5.555555555555555,11.333333333333334,4.283950617283951,28.962962962962962,3.1220950617283947,1.2662975308641975,2.8395061728395063,6.654320987654321,13.530864197530864
game_1125,canada,uk,3599.98,4,25,2.6644,1.3067,3,3,24,2.819,1.4348999999999998,2,5,10,3,6,1,4.283950617283951,26.950617283950617,2.944067901234568,1.2575765432098764,2.7037037037037037,5.925925925925926,12.11111111111111,4.8765432098765435,27.753086419753085,3.3764629629629628,1.4321876543209877,2.9876543209876543,5.012345679012346,10.209876543209877
game_1126,india,thailand,3600.02,4,27,2.5825,1.0896,3,1,25,2.7753,1.7805,1,4,8,10,20,1,4.209876543209877,28.962962962962962,2.9228814814814816,1.217206172839506,2.691358024691358,5.604938271604938,11.407407407407407,5.54320987654321,28.65432098765432,3.604464197530864,1.500137037037037,3.617283950617284,6.9753086419753085,14.25925925925926
game_1127,germany,morocco,3600.0,5,30,3.6186000000000003,1.141,3,5,27,2.9495999999999998,1.6231,4,3,6,9,18,0,4.802469135802469,24.962962962962962,2.907266666666667,1.2753814814814814,3.0864197530864197,5.592592592592593,11.283950617283951,4.851851851851852,28.80246913580247,3.043872839506173,1.2563901234567902,3.0246913580246915,5.938271604938271,12.0
game_1128,saudi_arabia,philippines,3727.68,2,25,2.4697,1.2161,2,5,26,2.5324,1.266,3,4,8,2,4,0,3.802469135802469,23.728395061728396,2.6727777777777777,1.1963246913580246,2.382716049382716,6.012345679012346,12.234567901234568,3.691358024691358,25.604938271604937,2.605588888888889,1.132437037037037,2.4074074074074074,5.432098765432099,11.074074074074074
game_1129,ethiopia,brazil,3600.02,5,26,2.4153,1.0027,3,3,19,2.2243,1.1666,2,4,8,6,12,1,4.91358024691358,26.74074074074074,2.9259827160493828,1.2753913580246912,3.259259259259259,7.2592592592592595,14.753086419753087,5.209876543209877,26.45679012345679,3.3364814814814814,1.4188037037037036,3.382716049382716,7.0,14.283950617283951
game_113,saudi_arabia,iceland,3600.01,2,22,2.751,1.5309,1,4,22,2.0599,0.9709,2,3,6,5,10,0,3.802469135802469,23.765432098765434,2.6693049382716048,1.1924382716049382,2.3950617283950617,6.0246913580246915,12.25925925925926,4.469135802469136,25.333333333333332,2.8148456790123455,1.3000666666666667,2.9135802469135803,7.148148148148148,14.765432098765432
game_1130,france,uae,4196.82,4,39,5.1282000000000005,1.2465,2,4,19,1.9399,1.0944,3,3,6,11,22,0,4.506172839506172,27.296296296296298,3.228693827160494,1.328483950617284,2.950617283950617,5.469135802469136,11.11111111111111,3.8641975308641974,23.85185185185185,2.5858703703703703,1.1075493827160494,2.45679012345679,5.8765432098765435,12.246913580246913
game_1131,indonesia,guatemala,3600.02,4,21,1.9552,1.0441,3,8,28,2.9086000000000003,1.3947,4,5,10,5,10,0,4.185185185185185,26.382716049382715,2.641298765432099,1.0809222222222221,2.691358024691358,5.049382716049383,10.308641975308642,4.209876543209877,28.91358024691358,3.120733333333333,1.2586728395061728,2.802469135802469,6.691358024691358,13.604938271604938
game_1132,oman,rwanda,3600.0099999999998,4,22,2.8761,1.026,2,2,24,2.5289,1.5017,1,7,14,11,22,1,4.481481481481482,26.59259259259259,2.9884074074074074,1.3053481481481484,2.950617283950617,9.222222222222221,18.950617283950617,4.061728395061729,25.950617283950617,2.731858024691358,1.2478777777777779,2.4814814814814814,8.135802469135802,16.59259259259259
game_1133,kazakhstan,uk,3600.0,4,18,1.9913,1.0484,3,4,27,3.6706,1.4516,2,4,8,4,8,1,3.728395061728395,24.296296296296298,2.5656049382716053,1.1094333333333333,2.345679012345679,5.1234567901234565,10.444444444444445,4.864197530864198,27.71604938271605,3.3659493827160496,1.4319814814814815,2.9876543209876543,5.0,10.185185185185185
game_1134,usa,netherlands,3906.8599999999997,3,30,2.9846,1.4335,2,6,22,2.6827,1.1453,3,7,14,7,14,0,4.518518518518518,26.432098765432098,3.017385185185185,1.3030691358024693,2.9382716049382718,7.716049382716049,15.74074074074074,4.765432098765432,25.950617283950617,2.96069012345679,1.2516802469135802,2.962962962962963,5.54320987654321,11.308641975308642
game_1135,pakistan,serbia,3599.99,7,36,3.8878,1.3367,5,1,19,2.2580999999999998,1.2557,1,9,18,6,12,1,5.0,29.88888888888889,3.466859259259259,1.4012543209876545,3.185185185185185,7.987654320987654,16.22222222222222,5.148148148148148,30.074074074074073,3.395432098765432,1.4020518518518519,3.308641975308642,6.382716049382716,12.975308641975309
game_1136,vietnam,panama,3600.01,3,30,3.5886,1.8388,2,2,25,3.1555,1.6973,1,5,10,7,17,1,4.098765432098766,25.14814814814815,2.743083950617284,1.1900567901234567,2.728395061728395,6.901234567901234,14.345679012345679,5.1234567901234565,27.28395061728395,3.1395024691358024,1.3411975308641975,3.1358024691358026,5.481481481481482,11.209876543209877
game_1137,peru,south_korea,3599.99,2,21,2.5262000000000002,1.394,1,4,29,2.5174,1.191,2,3,6,5,10,0,4.925925925925926,28.271604938271604,2.987946913580247,1.2683975308641973,3.1481481481481484,6.271604938271605,12.790123456790123,5.382716049382716,30.012345679012345,3.1770345679012344,1.3083925925925926,3.5308641975308643,8.024691358024691,16.530864197530864
game_1138,mongolia,mexico,3600.0,8,26,3.6221,0.9175,4,0,25,2.4494,1.1888,0,1,2,13,26,1,3.6049382716049383,24.59259259259259,2.27131975308642,1.0020037037037037,2.1604938271604937,6.580246913580247,13.419753086419753,4.333333333333333,29.037037037037038,3.2284950617283945,1.3460827160493827,2.9135802469135803,7.197530864197531,14.506172839506172
game_1139,china,iceland,3600.0099999999998,1,26,2.8613,1.2857,2,8,28,2.991,1.2192,4,6,12,7,14,0,4.728395061728395,26.296296296296298,3.1241444444444446,1.390232098765432,2.925925925925926,5.666666666666667,11.555555555555555,4.419753086419753,25.25925925925926,2.80335061728395,1.2970012345679014,2.888888888888889,7.1234567901234565,14.716049382716049
game_114,india,peru,3600.0,4,21,2.17,1.1331,2,0,15,1.3413,0.7515000000000001,0,1,2,6,12,1,4.209876543209877,29.037037037037038,2.9279740740740743,1.2166691358024693,2.7037037037037037,5.6419753086419755,11.481481481481481,4.950617283950617,28.34567901234568,3.0025753086419757,1.2763296296296296,3.1604938271604937,6.234567901234568,12.716049382716049
game_1140,canada,new_zealand,4291.91,5,36,4.7623999999999995,1.8929,3,2,32,3.0146,1.1236,2,4,8,13,26,1,4.271604938271605,26.814814814814813,2.918166666666667,1.2503395061728395,2.7037037037037037,5.938271604938271,12.135802469135802,4.074074074074074,26.45679012345679,2.941358024691358,1.2864,2.6790123456790123,6.716049382716049,13.703703703703704
game_1141,mexico,thailand,3600.0,3,30,3.1353999999999997,1.59,3,6,22,2.4192,1.009,4,10,20,6,12,0,4.296296296296297,28.97530864197531,3.220025925925926,1.3411296296296296,2.876543209876543,7.234567901234568,14.580246913580247,5.481481481481482,28.691358024691358,3.6088604938271605,1.5096617283950617,3.580246913580247,7.0246913580246915,14.358024691358025
game_1142,netherlands,pakistan,3600.0099999999998,4,23,2.9462,1.0845,2,1,20,1.9079,1.0942,1,1,2,10,20,1,4.790123456790123,25.938271604938272,2.957437037037037,1.2524308641975308,2.9753086419753085,5.617283950617284,11.45679012345679,5.074074074074074,30.08641975308642,3.4913024691358023,1.4042481481481481,3.234567901234568,7.9753086419753085,16.19753086419753
game_1143,rwanda,iceland,3600.01,7,24,2.4326,1.2430999999999999,4,3,18,2.1768,1.1283,3,7,14,4,10,1,4.0,25.950617283950617,2.733046913580247,1.2510703703703705,2.4444444444444446,8.185185185185185,16.691358024691358,4.481481481481482,25.382716049382715,2.8134024691358026,1.2981234567901236,2.9012345679012346,7.160493827160494,14.765432098765432
game_1144,ethiopia,panama,3600.01,2,29,2.9519,1.4137,1,6,34,3.4752,1.1278,4,8,16,6,12,0,4.950617283950617,26.703703703703702,2.919358024691358,1.2703172839506172,3.2839506172839505,7.209876543209877,14.654320987654321,5.074074074074074,27.17283950617284,3.1355555555555554,1.3482283950617284,3.0987654320987654,5.493827160493828,11.271604938271604
game_1145,serbia,switzerland,3600.0,0,17,2.213,0.6895,1,9,41,3.5692,1.2577,5,6,12,8,16,0,5.160493827160494,30.098765432098766,3.3959888888888883,1.409041975308642,3.308641975308642,6.382716049382716,12.975308641975309,3.7037037037037037,25.333333333333332,2.490404938271605,1.068011111111111,2.419753086419753,7.333333333333333,14.962962962962964
game_1146,saudi_arabia,vietnam,3642.75,4,28,3.9318000000000004,1.2486,4,3,15,1.2534,0.6874,3,2,4,11,24,1,3.7777777777777777,23.691358024691358,2.654727160493827,1.1959234567901234,2.3580246913580245,6.037037037037037,12.283950617283951,4.098765432098766,25.333333333333332,2.7719135802469137,1.2042716049382718,2.7160493827160495,6.827160493827161,14.17283950617284
game_1147,mongolia,oman,3599.99,10,32,3.6458,1.2155,7,8,30,3.1969000000000003,1.1023,5,2,4,11,22,1,3.580246913580247,24.51851851851852,2.271027160493827,0.9983246913580247,2.123456790123457,6.567901234567901,13.395061728395062,4.432098765432099,26.493827160493826,2.984446913580247,1.3044061728395062,2.9135802469135803,9.17283950617284,18.85185185185185
game_1148,canada,uae,4838.11,5,36,3.3057,1.435,4,8,31,3.9328,1.6505,5,14,28,7,14,0,4.271604938271605,26.814814814814813,2.9361506172839507,1.2559925925925925,2.691358024691358,5.814814814814815,11.88888888888889,3.814814814814815,23.703703703703702,2.5612666666666666,1.1006839506172839,2.432098765432099,5.925925925925926,12.345679012345679
game_1149,france,peru,3599.99,1,27,3.3144,1.3623,2,11,32,3.3445,1.5441,8,4,11,6,12,0,4.54320987654321,27.444444444444443,3.251086419753087,1.3270543209876544,2.950617283950617,5.45679012345679,11.049382716049383,4.814814814814815,28.135802469135804,2.9778444444444445,1.2665444444444443,3.0617283950617282,6.234567901234568,12.716049382716049
game_115,pakistan,mexico,3600.02,1,30,3.4947,1.0635,1,0,28,3.4216,1.5875,0,10,20,10,20,1,5.074074074074074,29.962962962962962,3.4717123456790118,1.4046271604938272,3.234567901234568,7.9753086419753085,16.19753086419753,4.333333333333333,29.0,3.216492592592592,1.3411604938271604,2.9135802469135803,7.234567901234568,14.580246913580247
game_1150,uk,india,3600.0099999999998,2,25,2.9208,1.3042,1,5,20,2.1167000000000002,0.7647,4,5,10,5,10,0,4.888888888888889,27.74074074074074,3.375206172839506,1.4338012345679012,3.0,4.987654320987654,10.160493827160494,4.197530864197531,29.049382716049383,2.928632098765432,1.2212172839506172,2.6790123456790123,5.592592592592593,11.382716049382717
game_1151,kazakhstan,singapore,4437.29,5,34,3.7367000000000004,0.9408000000000001,3,2,22,2.4182,1.2599,2,4,8,8,16,1,3.7160493827160495,24.098765432098766,2.5440567901234568,1.1107617283950617,2.345679012345679,5.1234567901234565,10.444444444444445,4.962962962962963,27.987654320987655,3.1432407407407403,1.3026555555555557,3.123456790123457,7.160493827160494,14.617283950617283
game_1152,morocco,germany,3600.01,6,30,3.5156,1.7309999999999999,4,2,25,2.6856,1.353,2,5,10,6,12,1,4.839506172839506,28.765432098765434,3.0368851851851852,1.255058024691358,3.0246913580246915,5.987654320987654,12.098765432098766,4.839506172839506,25.02469135802469,2.918785185185185,1.2727641975308643,3.0987654320987654,5.555555555555555,11.209876543209877
game_1153,china,philippines,3600.01,5,25,2.9532,1.0149,3,2,26,2.3764,1.0269,1,3,6,5,12,1,4.679012345679013,26.308641975308642,3.1230098765432097,1.3935753086419753,2.9135802469135803,5.703703703703703,11.62962962962963,3.728395061728395,25.604938271604937,2.6075148148148153,1.1353888888888888,2.432098765432099,5.395061728395062,10.975308641975309
game_1154,new_zealand,indonesia,3600.0,4,34,3.7248,1.703,2,4,24,2.5194,0.9573999999999999,3,5,10,6,12,0,4.049382716049383,26.432098765432098,2.9325901234567904,1.279246913580247,2.6790123456790123,6.814814814814815,13.901234567901234,4.185185185185185,26.34567901234568,2.634333333333333,1.0819925925925924,2.691358024691358,5.037037037037037,10.283950617283951
game_1155,brazil,south_korea,4592.66,9,41,4.7269000000000005,2.0275,5,5,31,2.829,1.6617,4,5,10,8,16,1,5.135802469135802,26.185185185185187,3.3055851851851856,1.4081753086419753,3.345679012345679,7.012345679012346,14.308641975308642,5.37037037037037,29.987654320987655,3.173187654320987,1.3025814814814816,3.506172839506173,7.987654320987654,16.45679012345679
game_1156,uae,new_zealand,3599.9900000000002,2,8,0.888,0.6444,1,7,19,1.7174,0.9358,5,7,14,3,6,0,3.888888888888889,23.987654320987655,2.5988567901234565,1.1131049382716047,2.4814814814814814,5.925925925925926,12.345679012345679,4.012345679012346,26.617283950617285,2.957372839506173,1.2887185185185186,2.6419753086419755,6.839506172839506,13.950617283950617
game_1157,oman,saudi_arabia,3599.9900000000002,7,29,3.3019,1.0341,4,6,25,3.4792,1.4976,3,13,26,8,16,1,4.444444444444445,26.506172839506174,2.983150617283951,1.3052481481481484,2.925925925925926,9.148148148148149,18.80246913580247,3.753086419753086,23.728395061728396,2.660314814814815,1.1928493827160493,2.3703703703703702,5.962962962962963,12.135802469135802
game_1158,rwanda,uk,3661.9,5,23,2.8126,1.2891,3,4,28,3.1551,1.4474,2,10,20,5,10,1,4.0246913580246915,25.962962962962962,2.728355555555556,1.2505024691358024,2.45679012345679,8.148148148148149,16.617283950617285,4.864197530864198,27.703703703703702,3.3723135802469137,1.4320333333333333,2.9876543209876543,4.987654320987654,10.160493827160494
game_1159,thailand,indonesia,4315.36,5,29,3.9622,1.9563,3,4,21,2.1705,1.0165,2,10,20,3,6,1,5.493827160493828,28.604938271604937,3.589811111111111,1.4979666666666667,3.5925925925925926,6.9753086419753085,14.25925925925926,4.185185185185185,26.382716049382715,2.6386407407407404,1.081262962962963,2.7037037037037037,5.074074074074074,10.358024691358025
game_116,guatemala,philippines,3600.01,8,31,3.6717999999999997,1.4064,4,3,25,2.4827000000000004,1.0651,2,8,19,9,18,1,4.209876543209877,28.876543209876544,3.111311111111111,1.2585283950617283,2.802469135802469,6.654320987654321,13.493827160493828,3.7160493827160495,25.617283950617285,2.606202469135803,1.1349172839506172,2.419753086419753,5.345679012345679,10.901234567901234
game_1160,pakistan,south_korea,3604.03,6,26,3.451,1.1153,3,3,23,2.3808,1.2486,2,4,8,11,25,1,5.012345679012346,30.012345679012345,3.4722518518518513,1.4039876543209877,3.2098765432098766,8.049382716049383,16.34567901234568,5.395061728395062,30.08641975308642,3.1787209876543203,1.3076814814814814,3.5308641975308643,7.950617283950617,16.34567901234568
game_1161,mongolia,germany,5080.84,5,43,4.759,1.2462,3,3,26,3.2118,1.3065,2,4,8,7,14,1,3.6419753086419755,24.382716049382715,2.2572839506172837,0.9979456790123458,2.1728395061728394,6.54320987654321,13.345679012345679,4.827160493827161,25.012345679012345,2.912288888888889,1.2733382716049382,3.0987654320987654,5.54320987654321,11.185185185185185
game_1162,serbia,singapore,3600.0,14,37,4.7858,1.4726,8,4,20,1.69,0.8452,2,3,6,9,18,1,4.987654320987654,29.85185185185185,3.364225925925926,1.399374074074074,3.2222222222222223,6.419753086419753,13.049382716049383,4.938271604938271,28.012345679012345,3.1522308641975307,1.3077753086419752,3.123456790123457,7.148148148148148,14.592592592592593
game_1163,mexico,morocco,3600.02,7,27,2.2455,1.1181,4,4,23,2.1913,0.9267000000000001,2,7,14,5,10,1,4.246913580246914,29.012345679012345,3.2310123456790123,1.3469555555555557,2.8641975308641974,7.271604938271605,14.654320987654321,4.864197530864198,28.85185185185185,3.0532345679012343,1.2649876543209877,3.049382716049383,5.987654320987654,12.098765432098766
game_1164,india,switzerland,3600.02,6,31,2.716,1.0783,5,0,18,1.5854,0.8585,0,4,8,5,10,1,4.185185185185185,28.91358024691358,2.9212333333333333,1.2173456790123458,2.6666666666666665,5.604938271604938,11.407407407407407,3.814814814814815,25.617283950617285,2.514896296296296,1.0729395061728393,2.4814814814814814,7.37037037037037,15.037037037037036
game_1165,ethiopia,guatemala,3600.0,3,37,3.4528,1.3558,4,9,33,3.6351999999999998,1.1998,6,5,10,8,16,0,4.938271604938271,26.604938271604937,2.913174074074074,1.271032098765432,3.246913580246914,7.246913580246914,14.728395061728396,4.197530864197531,28.85185185185185,3.111762962962963,1.261079012345679,2.7777777777777777,6.654320987654321,13.530864197530864
game_1166,netherlands,kazakhstan,4387.64,7,32,3.7712000000000003,1.6922,4,5,25,2.7457,1.1846999999999999,3,7,14,6,12,1,4.753086419753086,25.82716049382716,2.9472518518518522,1.2449283950617285,2.950617283950617,5.54320987654321,11.308641975308642,3.7160493827160495,24.209876543209877,2.5562913580246915,1.1077506172839504,2.345679012345679,5.098765432098766,10.395061728395062
game_1167,china,panama,3600.0099999999998,4,29,3.3895,1.7218,2,2,22,2.8231,1.4084,1,3,6,6,12,1,4.691358024691358,26.25925925925926,3.1176234567901235,1.384848148148148,2.925925925925926,5.703703703703703,11.62962962962963,5.1234567901234565,27.320987654320987,3.143606172839506,1.3447641975308642,3.1358024691358026,5.493827160493828,11.271604938271604
game_1168,iceland,france,3600.0,7,28,3.4578,1.6697,4,0,26,3.1283,0.7506999999999999,0,9,20,4,8,1,4.432098765432099,25.25925925925926,2.7975876543209877,1.2914395061728394,2.888888888888889,7.098765432098766,14.641975308641975,4.555555555555555,27.45679012345679,3.2533839506172835,1.334604938271605,2.9753086419753085,5.45679012345679,11.08641975308642
game_1169,philippines,usa,3599.99,0,28,2.7680000000000002,1.2689,0,9,23,2.3726,1.2531,6,4,8,3,6,0,3.753086419753086,25.580246913580247,2.6026802469135806,1.132401234567901,2.4444444444444446,5.407407407407407,11.024691358024691,4.444444444444445,26.51851851851852,3.0249407407407407,1.3052962962962962,2.888888888888889,7.765432098765432,15.839506172839506
game_117,panama,mongolia,3600.01,5,25,3.0484,1.561,4,4,25,2.3748,0.9851,2,5,10,6,12,1,5.08641975308642,27.28395061728395,3.140824691358025,1.3428802469135803,3.0987654320987654,5.506172839506172,11.296296296296296,3.654320987654321,24.604938271604937,2.2867185185185184,1.0011691358024692,2.185185185185185,6.518518518518518,13.296296296296296
game_1170,brazil,vietnam,3599.98,13,26,3.6633,1.4107,7,0,17,1.2838,0.5755,0,4,8,5,12,1,5.08641975308642,26.37037037037037,3.3187160493827164,1.41579012345679,3.3209876543209877,7.0246913580246915,14.333333333333334,4.135802469135802,25.308641975308642,2.771538271604938,1.205653086419753,2.753086419753086,6.901234567901234,14.320987654320987
game_1171,canada,peru,3600.0099999999998,6,27,3.2756,1.1972,5,5,31,3.2581,1.8913,3,5,10,9,18,1,4.2592592592592595,26.925925925925927,2.9365222222222225,1.2589283950617285,2.6790123456790123,5.925925925925926,12.11111111111111,4.888888888888889,28.14814814814815,2.978911111111111,1.262258024691358,3.123456790123457,6.197530864197531,12.641975308641975
game_1172,panama,guatemala,3650.4,6,39,3.8168,1.8642,3,3,24,2.2099,1.3331,2,2,4,6,12,1,5.074074074074074,27.11111111111111,3.131338271604938,1.339137037037037,3.111111111111111,5.54320987654321,11.37037037037037,4.271604938271605,28.962962962962962,3.129359259259259,1.2594333333333334,2.8271604938271606,6.679012345679013,13.580246913580247
game_1173,uae,south_korea,4642.82,4,28,3.2647000000000004,1.1597,3,5,38,3.1823,1.1483,4,3,6,8,16,0,3.8641975308641974,23.74074074074074,2.5695148148148146,1.106743209876543,2.45679012345679,5.9753086419753085,12.444444444444445,5.37037037037037,29.901234567901234,3.1688259259259257,1.3089197530864196,3.506172839506173,7.987654320987654,16.45679012345679
game_1174,peru,morocco,3955.0099999999998,6,28,2.3283,1.2912000000000001,3,8,31,2.8256,0.9994,4,6,12,4,8,0,4.8765432098765435,28.185185185185187,2.9903901234567902,1.2696666666666665,3.123456790123457,6.234567901234568,12.716049382716049,4.814814814814815,28.753086419753085,3.0454037037037036,1.26409012345679,3.0246913580246915,6.0,12.123456790123457
game_1175,switzerland,thailand,3599.99,2,18,1.3855,0.8994,1,6,38,4.3579,1.3801,4,5,10,3,6,0,3.7901234567901234,25.617283950617285,2.5173641975308643,1.0724345679012346,2.4691358024691357,7.37037037037037,15.037037037037036,5.481481481481482,28.493827160493826,3.5849259259259263,1.5050802469135802,3.580246913580247,7.061728395061729,14.432098765432098
game_1176,mongolia,saudi_arabia,3600.0,2,21,1.8262,0.8201,2,2,28,3.2551,1.3604,1,3,6,7,14,1,3.6790123456790123,24.65432098765432,2.293491358024691,1.0032061728395063,2.185185185185185,6.555555555555555,13.37037037037037,3.802469135802469,23.691358024691358,2.6630814814814814,1.1945432098765432,2.3950617283950617,5.9753086419753085,12.160493827160494
game_1177,ethiopia,usa,3599.9900000000002,7,20,2.1894,1.1565,5,6,22,2.3498,1.333,3,4,8,3,6,1,4.888888888888889,26.814814814814813,2.9287716049382717,1.2734925925925926,3.234567901234568,7.2592592592592595,14.753086419753087,4.481481481481482,26.530864197530864,3.0252222222222223,1.30430987654321,2.925925925925926,7.765432098765432,15.839506172839506
game_1178,pakistan,rwanda,3599.97,1,24,3.2155,1.4473,2,6,18,2.4511000000000003,0.9823,3,8,18,8,16,0,5.074074074074074,30.037037037037038,3.475159259259259,1.399888888888889,3.2222222222222223,8.0,16.22222222222222,4.012345679012346,26.02469135802469,2.7328185185185188,1.2542901234567903,2.45679012345679,8.17283950617284,16.666666666666668
game_1179,china,iceland,3599.98,0,27,3.2892,1.7259,0,1,17,1.4912999999999998,0.9478,1,3,6,7,14,0,4.7407407407407405,26.28395061728395,3.118861728395062,1.3847975308641975,2.950617283950617,5.703703703703703,11.62962962962963,4.506172839506172,25.395061728395063,2.8218654320987655,1.300351851851852,2.925925925925926,7.1234567901234565,14.716049382716049
game_118,uk,canada,4058.98,5,23,2.6863,1.2515,3,7,32,3.8437,0.9472,4,6,12,1,2,0,4.851851851851852,27.765432098765434,3.378101234567901,1.4344518518518516,2.9753086419753085,4.9753086419753085,10.135802469135802,4.246913580246914,26.864197530864196,2.9295086419753087,1.262014814814815,2.691358024691358,5.9753086419753085,12.209876543209877
game_1180,indonesia,serbia,3600.03,6,24,2.6808,1.0735999999999999,3,3,31,3.6146,1.406,2,6,12,8,16,1,4.160493827160494,26.34567901234568,2.6323407407407404,1.080558024691358,2.691358024691358,5.037037037037037,10.283950617283951,5.1234567901234565,29.925925925925927,3.378685185185185,1.4001962962962962,3.2962962962962963,6.3580246913580245,12.925925925925926
game_1181,south_korea,canada,3600.02,10,26,2.6339,0.8842,6,3,26,2.8686000000000003,0.7837,3,7,14,4,8,1,5.308641975308642,30.049382716049383,3.175596296296296,1.3121802469135802,3.4814814814814814,8.0,16.48148148148148,4.296296296296297,26.938271604938272,2.9415469135802472,1.2640333333333333,2.7037037037037037,5.938271604938271,12.135802469135802
game_1182,germany,mexico,3600.0,4,20,2.5494,1.4215,2,2,21,2.6141,1.2761,4,5,10,9,18,0,4.814814814814815,25.08641975308642,2.920466666666667,1.2719185185185187,3.0987654320987654,5.567901234567901,11.234567901234568,4.308641975308642,29.08641975308642,3.2264617283950616,1.345004938271605,2.8641975308641974,7.246913580246914,14.604938271604938
game_1183,kazakhstan,oman,3600.0,6,30,3.5334,1.3255,3,4,27,3.2925,1.418,4,4,8,8,16,0,3.7037037037037037,24.14814814814815,2.546566666666667,1.1060123456790123,2.345679012345679,5.1234567901234565,10.444444444444445,4.481481481481482,26.530864197530864,2.983266666666667,1.3005086419753087,2.925925925925926,9.209876543209877,18.925925925925927
game_1184,panama,uae,3599.97,6,26,3.0124,1.2129,4,6,17,1.7227999999999999,1.261,3,3,6,5,10,1,5.074074074074074,27.271604938271604,3.1412691358024687,1.3471777777777778,3.0987654320987654,5.530864197530864,11.345679012345679,3.8395061728395063,23.876543209876544,2.5885506172839503,1.1054925925925925,2.45679012345679,5.950617283950617,12.395061728395062
game_1185,france,netherlands,3600.02,2,24,2.907,1.4218,1,4,27,2.8339,1.5583,2,3,6,10,20,0,4.530864197530864,27.48148148148148,3.256116049382716,1.3263197530864197,2.962962962962963,5.469135802469136,11.11111111111111,4.790123456790123,25.88888888888889,2.9588234567901237,1.2465814814814815,2.9753086419753085,5.506172839506172,11.234567901234568
game_1186,singapore,guatemala,3902.75,3,26,2.5205,1.0541,2,3,25,2.9383,1.1707,3,9,18,5,10,0,4.950617283950617,27.938271604938272,3.1419777777777775,1.3051962962962964,3.123456790123457,7.148148148148148,14.592592592592593,4.271604938271605,28.950617283950617,3.1203666666666665,1.2614382716049384,2.814814814814815,6.691358024691358,13.604938271604938
game_1187,uk,new_zealand,3600.02,2,22,3.3335,1.0788,2,6,28,3.5099,1.6442,4,5,10,8,16,0,4.888888888888889,27.77777777777778,3.370111111111111,1.436583950617284,2.9876543209876543,4.987654320987654,10.160493827160494,4.0246913580246915,26.506172839506174,2.9352432098765435,1.279972839506173,2.654320987654321,6.777777777777778,13.82716049382716
game_1188,brazil,india,3600.0,12,33,4.4638,1.2343,7,2,29,2.1889,1.1146,2,6,12,7,14,1,5.098765432098766,26.28395061728395,3.3088333333333337,1.4179679012345678,3.3209876543209877,7.0,14.283950617283951,4.234567901234568,28.938271604938272,2.927740740740741,1.2168975308641976,2.7037037037037037,5.567901234567901,11.333333333333334
game_1189,vietnam,philippines,3599.99,3,27,3.5345,1.2495,3,3,16,1.8243,1.5833,2,7,14,10,20,1,4.098765432098766,25.185185185185187,2.7437518518518518,1.1973320987654321,2.7160493827160495,6.8765432098765435,14.296296296296296,3.7160493827160495,25.728395061728396,2.614330864197531,1.1285197530864197,2.419753086419753,5.333333333333333,10.876543209876543
game_119,kazakhstan,new_zealand,3600.0,12,26,2.8767,1.4106,6,11,30,3.0986000000000002,1.4077,9,4,8,7,14,0,3.6296296296296298,24.19753086419753,2.5546740740740743,1.1049617283950617,2.308641975308642,5.1234567901234565,10.444444444444445,3.962962962962963,26.48148148148148,2.940320987654321,1.2828925925925925,2.5925925925925926,6.790123456790123,13.851851851851851
game_1190,vietnam,india,3600.0,3,34,3.9976000000000003,1.6197,2,6,24,2.7079,1.399,3,5,10,7,14,0,4.098765432098766,25.098765432098766,2.7380345679012343,1.1927617283950618,2.728395061728395,6.901234567901234,14.345679012345679,4.185185185185185,29.0,2.9213333333333336,1.2133864197530864,2.691358024691358,5.567901234567901,11.333333333333334
game_1191,brazil,morocco,3600.02,9,24,2.6833,1.6191,5,3,23,1.8627,0.8803,2,3,6,5,12,1,5.135802469135802,26.395061728395063,3.3308148148148153,1.4132172839506172,3.345679012345679,7.037037037037037,14.358024691358025,4.8765432098765435,28.85185185185185,3.0572913580246914,1.2655604938271603,3.049382716049383,5.987654320987654,12.074074074074074
game_1192,china,usa,3600.03,7,31,3.9074,1.5329,5,1,24,2.7102,1.04,1,6,12,4,8,1,4.654320987654321,26.234567901234566,3.1112296296296296,1.38718024691358,2.888888888888889,5.666666666666667,11.555555555555555,4.54320987654321,26.506172839506174,3.020772839506173,1.3079271604938272,2.950617283950617,7.753086419753086,15.814814814814815
game_1193,iceland,guatemala,3600.0,10,36,3.1444,1.2435,7,6,28,2.9771,0.888,4,8,16,6,12,1,4.395061728395062,25.160493827160494,2.801456790123457,1.2967012345679014,2.8518518518518516,7.111111111111111,14.691358024691358,4.234567901234568,28.91358024691358,3.1198876543209875,1.2649283950617283,2.802469135802469,6.679012345679013,13.580246913580247
game_1194,serbia,new_zealand,3599.99,1,19,2.1085,1.259,1,7,31,3.1565,1.2692,4,8,16,5,10,0,5.148148148148148,30.074074074074073,3.397279012345679,1.402011111111111,3.308641975308642,6.3580246913580245,12.925925925925926,4.012345679012346,26.469135802469136,2.939606172839506,1.2846024691358024,2.654320987654321,6.814814814814815,13.901234567901234
game_1195,south_korea,pakistan,3600.02,8,29,3.7972,1.3645,5,7,29,3.5792,1.5183,4,12,26,14,28,1,5.333333333333333,30.012345679012345,3.161234567901235,1.3062506172839505,3.493827160493827,7.938271604938271,16.333333333333332,5.0,29.97530864197531,3.470669135802469,1.3990123456790124,3.197530864197531,7.925925925925926,16.098765432098766
game_1196,saudi_arabia,mongolia,3599.9900000000002,2,29,3.6502,1.3820000000000001,2,0,20,1.5601,1.2237,0,1,2,7,14,1,3.802469135802469,23.679012345679013,2.6582037037037036,1.1942765432098763,2.382716049382716,6.049382716049383,12.308641975308642,3.7037037037037037,24.666666666666668,2.2967765432098766,0.9982234567901236,2.2098765432098766,6.506172839506172,13.271604938271604
game_1197,mexico,germany,3790.94,3,19,2.5044,1.3397,2,5,31,3.4337999999999997,1.3335000000000001,3,7,14,8,18,0,4.296296296296297,29.11111111111111,3.227816049382716,1.34421975308642,2.888888888888889,7.271604938271605,14.654320987654321,4.802469135802469,24.950617283950617,2.9095481481481484,1.2730049382716049,3.0864197530864197,5.530864197530864,11.135802469135802
game_1198,rwanda,netherlands,3600.02,6,28,2.9448,0.9107000000000001,5,0,19,2.3952999999999998,1.1716,1,8,16,6,14,1,4.012345679012346,25.901234567901234,2.7267234567901237,1.255174074074074,2.432098765432099,8.17283950617284,16.666666666666668,4.839506172839506,25.987654320987655,2.9642382716049385,1.2513555555555556,2.9876543209876543,5.555555555555555,11.308641975308642
game_1199,uk,singapore,3714.37,8,33,3.9566,2.043,5,10,42,5.7766,1.8075,6,9,18,3,6,0,4.814814814814815,27.641975308641975,3.3624185185185187,1.4246802469135802,2.950617283950617,4.938271604938271,10.061728395061728,4.864197530864198,27.74074074074074,3.1017790123456788,1.295895061728395,3.074074074074074,7.222222222222222,14.74074074074074
game_12,philippines,south_korea,3600.01,2,19,2.1502,0.7502,2,1,34,3.8327999999999998,1.3951,1,10,20,8,16,1,3.728395061728395,25.691358024691358,2.6103074074074075,1.1388049382716048,2.419753086419753,5.333333333333333,10.876543209876543,5.419753086419753,29.950617283950617,3.1607950617283946,1.305872839506173,3.54320987654321,7.987654320987654,16.45679012345679
game_120,indonesia,netherlands,3600.01,6,21,2.0773,0.9134,3,4,20,2.092,1.4158,2,3,6,6,12,1,4.160493827160494,26.382716049382715,2.639791358024691,1.0825358024691358,2.691358024691358,5.074074074074074,10.358024691358025,4.790123456790123,25.97530864197531,2.9679827160493826,1.2483407407407408,2.9753086419753085,5.555555555555555,11.333333333333334
game_1200,panama,thailand,4024.07,3,27,3.2182,1.2275,2,2,21,2.8923,1.0698,1,7,14,8,16,1,5.111111111111111,27.25925925925926,3.138728395061728,1.3469975308641975,3.123456790123457,5.481481481481482,11.246913580246913,5.530864197530864,28.703703703703702,3.60301975308642,1.508911111111111,3.617283950617284,7.0,14.308641975308642
game_1201,indonesia,switzerland,3600.0,2,29,3.1342999999999996,1.321,2,5,25,2.2889999999999997,1.0877,4,5,10,12,24,0,4.209876543209877,26.28395061728395,2.626741975308642,1.0775037037037036,2.7037037037037037,5.049382716049383,10.308641975308642,3.753086419753086,25.530864197530864,2.50620987654321,1.0701098765432098,2.432098765432099,7.283950617283951,14.864197530864198
game_1202,canada,france,3599.99,4,26,2.9177999999999997,1.4267,2,2,19,2.0549999999999997,1.2244,1,3,6,4,8,1,4.283950617283951,26.938271604938272,2.94093950617284,1.256095061728395,2.7160493827160495,5.950617283950617,12.160493827160494,4.530864197530864,27.54320987654321,3.2666345679012343,1.3287567901234567,2.962962962962963,5.45679012345679,11.08641975308642
game_1203,philippines,oman,3600.02,4,28,3.113,1.6542000000000001,2,5,19,1.8054000000000001,0.9698,4,3,6,8,19,0,3.7037037037037037,25.580246913580247,2.598420987654321,1.1276444444444442,2.419753086419753,5.419753086419753,11.049382716049383,4.469135802469136,26.62962962962963,3.0016259259259264,1.306041975308642,2.925925925925926,9.209876543209877,18.88888888888889
game_1204,peru,kazakhstan,3599.9900000000002,1,18,2.0454,1.2032,1,4,24,2.8929,0.9748,2,8,16,5,10,0,4.938271604938271,28.308641975308642,2.9938827160493826,1.2707530864197532,3.1481481481481484,6.209876543209877,12.666666666666666,3.728395061728395,24.22222222222222,2.5544740740740743,1.1103419753086419,2.3580246913580245,5.111111111111111,10.419753086419753
game_1205,uae,ethiopia,4053.1600000000003,9,36,4.3243,1.2605,5,6,20,1.8041,0.9105,4,3,6,10,20,1,3.802469135802469,23.641975308641975,2.5564333333333336,1.1054987654320987,2.432098765432099,5.9753086419753085,12.444444444444445,4.901234567901234,26.814814814814813,2.9335283950617286,1.2765296296296296,3.246913580246914,7.185185185185185,14.604938271604938
game_1206,canada,thailand,3600.0,5,23,2.6348000000000003,0.9699,3,2,28,3.2997,1.1623,1,7,17,9,18,1,4.271604938271605,26.97530864197531,2.9444333333333335,1.2617345679012346,2.7037037037037037,5.901234567901234,12.024691358024691,5.530864197530864,28.617283950617285,3.5979901234567904,1.5077691358024692,3.617283950617284,6.987654320987654,14.283950617283951
game_1207,germany,pakistan,3600.0,8,26,3.8824000000000005,1.4629,5,8,33,3.7237999999999998,1.626,6,3,6,10,20,0,4.765432098765432,25.012345679012345,2.90400987654321,1.2714074074074073,3.0617283950617282,5.592592592592593,11.283950617283951,4.987654320987654,29.925925925925927,3.468883950617284,1.3976827160493828,3.1728395061728394,7.9753086419753085,16.19753086419753
game_1208,china,saudi_arabia,5996.81,0,32,3.5344,1.6191,0,2,38,3.6847,1.4019,1,8,16,9,18,0,4.7407407407407405,26.22222222222222,3.1158345679012345,1.386116049382716,2.950617283950617,5.6419753086419755,11.506172839506172,3.802469135802469,23.567901234567902,2.6577777777777776,1.1940308641975308,2.3950617283950617,5.950617283950617,12.11111111111111
game_1209,morocco,switzerland,3599.98,14,33,3.3883,1.449,7,1,29,2.0261,0.7352,1,7,14,17,36,1,4.7407407407407405,28.728395061728396,3.038456790123457,1.2585395061728395,2.9876543209876543,5.962962962962963,12.049382716049383,3.802469135802469,25.48148148148148,2.5094555555555553,1.0744617283950617,2.4691358024691357,7.222222222222222,14.716049382716049
game_121,vietnam,germany,3599.98,0,19,2.0944000000000003,1.0364,0,10,28,3.7018999999999997,1.207,5,7,14,2,4,0,4.135802469135802,25.28395061728395,2.761530864197531,1.199962962962963,2.753086419753086,6.8765432098765435,14.296296296296296,4.7407407407407405,24.987654320987655,2.906238271604938,1.2745666666666668,3.0617283950617282,5.604938271604938,11.308641975308642
game_1210,south_korea,new_zealand,3600.0,1,30,3.2166,1.1886,1,3,20,2.6258,0.8455,2,12,24,6,12,0,5.419753086419753,30.0,3.1684024691358017,1.3084222222222224,3.54320987654321,7.938271604938271,16.358024691358025,4.061728395061729,26.604938271604937,2.946158024691358,1.2898333333333334,2.6790123456790123,6.802469135802469,13.876543209876543
game_1211,peru,rwanda,3600.01,8,27,3.3933999999999997,0.7826,4,0,17,1.6512,0.8941,0,5,10,9,18,1,4.851851851851852,28.19753086419753,2.977240740740741,1.2759456790123456,3.111111111111111,6.246913580246914,12.74074074074074,4.08641975308642,26.037037037037038,2.742693827160494,1.2553790123456792,2.493827160493827,8.160493827160494,16.641975308641975
game_1212,singapore,philippines,3939.39,5,38,4.0756000000000006,1.4253,5,10,26,3.1505,1.1655,6,11,22,8,16,0,4.925925925925926,27.790123456790123,3.1227790123456787,1.3006135802469136,3.0864197530864197,7.1234567901234565,14.54320987654321,3.6296296296296298,25.604938271604937,2.597958024691358,1.1336777777777778,2.3703703703703702,5.3580246913580245,10.925925925925926
game_1213,france,kazakhstan,3599.98,2,21,2.6664000000000003,1.1007,1,5,18,2.0064,0.8847,4,6,12,7,14,0,4.530864197530864,27.51851851851852,3.2590864197530864,1.3302839506172839,2.962962962962963,5.432098765432099,11.037037037037036,3.7160493827160495,24.296296296296298,2.5654185185185185,1.1114543209876544,2.3333333333333335,5.08641975308642,10.37037037037037
game_1214,ethiopia,india,3600.02,6,22,2.567,1.0599,3,4,37,3.4947,1.5521,2,7,14,6,14,1,4.901234567901234,26.790123456790123,2.92410987654321,1.2746851851851853,3.259259259259259,7.222222222222222,14.679012345679013,4.209876543209877,28.839506172839506,2.91161975308642,1.2114962962962963,2.7037037037037037,5.580246913580247,11.333333333333334
game_1215,guatemala,iceland,6206.57,0,52,5.6666,1.6416,0,2,40,3.5724,1.2928,1,14,28,16,34,0,4.308641975308642,28.617283950617285,3.086683950617284,1.2556246913580247,2.8518518518518516,6.580246913580247,13.382716049382717,4.493827160493828,25.11111111111111,2.796172839506173,1.2960925925925926,2.925925925925926,7.012345679012346,14.469135802469136
game_1216,oman,serbia,3600.0,4,18,2.2016,1.3784,2,7,25,2.7748,1.4994,4,8,16,6,12,0,4.481481481481482,26.641975308641975,2.9967345679012345,1.3009975308641977,2.950617283950617,9.209876543209877,18.925925925925927,5.074074074074074,30.0,3.389053086419753,1.3990432098765433,3.271604938271605,6.382716049382716,12.975308641975309
game_1217,uk,usa,4290.21,3,35,4.4415000000000004,1.7127000000000001,2,4,28,3.7206,2.0582000000000003,3,8,16,9,18,0,4.8765432098765435,27.617283950617285,3.3564320987654317,1.428758024691358,2.9876543209876543,4.950617283950617,10.08641975308642,4.506172839506172,26.45679012345679,3.008298765432099,1.2953567901234568,2.925925925925926,7.691358024691358,15.691358024691358
game_1218,brazil,indonesia,3599.99,7,32,4.2709,1.678,4,7,28,2.603,1.0862,5,9,18,5,10,0,5.160493827160494,26.296296296296298,3.3112148148148153,1.4124901234567901,3.3580246913580245,6.962962962962963,14.209876543209877,4.148148148148148,26.296296296296298,2.633301234567901,1.0804024691358023,2.6666666666666665,5.049382716049383,10.308641975308642
game_1219,mongolia,netherlands,3599.99,7,18,1.4301,0.6762,4,0,19,1.9236,0.9904,0,2,4,3,6,1,3.617283950617284,24.691358024691358,2.2983814814814814,1.004982716049383,2.1604938271604937,6.567901234567901,13.395061728395062,4.839506172839506,25.987654320987655,2.970061728395062,1.2535925925925928,3.0,5.592592592592593,11.407407407407407
game_122,thailand,usa,3599.9900000000002,7,36,5.5778,1.7048,5,7,26,2.3909,1.0769,4,5,10,12,24,1,5.469135802469136,28.51851851851852,3.569865432098765,1.5010716049382715,3.567901234567901,7.037037037037037,14.382716049382717,4.469135802469136,26.48148148148148,3.024714814814815,1.3074716049382717,2.9135802469135803,7.654320987654321,15.617283950617283
game_1220,vietnam,uae,4196.0,6,24,2.6991,1.2472,3,4,17,2.0167,0.9415,2,7,14,8,16,1,4.061728395061729,25.22222222222222,2.754065432098766,1.1973604938271605,2.7160493827160495,6.8765432098765435,14.296296296296296,3.8641975308641974,23.876543209876544,2.584922222222222,1.109437037037037,2.4691358024691357,5.91358024691358,12.320987654320987
game_1221,mexico,panama,3600.0,7,24,3.268,1.1477,4,2,31,2.6377,1.1403,1,4,8,6,12,1,4.246913580246914,29.049382716049383,3.218388888888889,1.3465901234567903,2.8641975308641974,7.308641975308642,14.728395061728396,5.1234567901234565,27.209876543209877,3.145895061728395,1.3480740740740742,3.1358024691358026,5.493827160493828,11.271604938271604
game_1222,morocco,usa,3599.98,7,34,3.7708,1.4151,6,4,24,2.2971,0.8371,2,7,14,10,20,1,4.827160493827161,28.71604938271605,3.0337345679012344,1.258958024691358,3.0,5.962962962962963,12.049382716049383,4.506172839506172,26.506172839506174,3.0258728395061727,1.310432098765432,2.9382716049382718,7.679012345679013,15.666666666666666
game_1223,rwanda,china,3600.01,4,25,2.3672,1.1653,2,12,24,2.9383,1.0514999999999999,7,8,16,2,4,0,4.037037037037037,25.938271604938272,2.7338543209876547,1.2520308641975308,2.4691358024691357,8.17283950617284,16.666666666666668,4.592592592592593,26.320987654320987,3.123193827160494,1.3931234567901234,2.8641975308641974,5.716049382716049,11.654320987654321
game_1224,thailand,ethiopia,3600.0,4,32,4.2104,1.5999,3,2,24,2.3224,1.1371,1,6,12,10,22,1,5.506172839506172,28.567901234567902,3.5867469135802468,1.5023666666666666,3.5925925925925926,7.0246913580246915,14.358024691358025,4.950617283950617,26.765432098765434,2.92712962962963,1.273732098765432,3.2839506172839505,7.185185185185185,14.580246913580247
game_1225,peru,oman,3761.45,7,28,3.129,1.2715,6,10,28,3.4051,1.6315,5,9,18,10,22,1,4.864197530864198,28.185185185185187,2.980504938271605,1.2699098765432097,3.0864197530864197,6.197530864197531,12.641975308641975,4.407407407407407,26.51851851851852,2.981876543209877,1.297872839506173,2.9135802469135803,9.185185185185185,18.85185185185185
game_1226,pakistan,mongolia,3599.99,6,36,4.644,0.8956,3,0,22,1.8997,0.7811,0,6,12,6,12,1,5.012345679012346,29.88888888888889,3.457523456790123,1.4067,3.2098765432098766,8.024691358024691,16.296296296296298,3.7037037037037037,24.641975308641975,2.292583950617284,1.0036876543209878,2.2098765432098766,6.518518518518518,13.296296296296296
game_1227,new_zealand,indonesia,3599.98,7,25,2.9973,1.3761,4,2,17,1.7406,0.8133,1,5,10,7,14,1,4.012345679012346,26.54320987654321,2.9415716049382716,1.283282716049383,2.654320987654321,6.814814814814815,13.901234567901234,4.209876543209877,26.432098765432098,2.643948148148148,1.0837716049382715,2.7160493827160495,5.0246913580246915,10.25925925925926
game_1228,switzerland,singapore,3600.0,0,23,2.0915,1.3192,0,1,28,2.7674,1.2673,1,7,16,4,10,0,3.814814814814815,25.555555555555557,2.5086481481481484,1.067251851851852,2.4814814814814814,7.345679012345679,14.962962962962964,4.9753086419753085,27.91358024691358,3.1389296296296294,1.3025641975308642,3.1358024691358026,7.209876543209877,14.691358024691358
game_1229,guatemala,serbia,4051.88,2,24,3.0536,1.2857,2,5,41,3.8689999999999998,1.2993,3,10,20,8,16,0,4.283950617283951,28.962962962962962,3.118943209876543,1.2600185185185184,2.8271604938271606,6.62962962962963,13.481481481481481,5.098765432098766,29.80246913580247,3.375544444444444,1.4015135802469136,3.2839506172839505,6.3580246913580245,12.925925925925926
game_123,uae,brazil,4564.740000000001,5,34,3.6557999999999997,1.0474,3,3,25,2.5517,1.1398,2,3,6,14,28,1,3.8518518518518516,23.666666666666668,2.5646864197530865,1.1081296296296297,2.45679012345679,5.9753086419753085,12.444444444444445,5.209876543209877,26.382716049382715,3.33243950617284,1.4191345679012346,3.382716049382716,6.901234567901234,14.08641975308642
game_1230,mexico,canada,3599.9900000000002,8,24,2.6092,1.4854,4,1,22,2.004,0.9037999999999999,1,7,14,9,18,1,4.234567901234568,29.049382716049383,3.226522222222222,1.3424209876543212,2.8641975308641974,7.271604938271605,14.654320987654321,4.320987654320987,26.987654320987655,2.952220987654321,1.2625506172839507,2.728395061728395,5.8765432098765435,12.012345679012345
game_1231,india,kazakhstan,3799.3199999999997,1,23,2.4871,1.587,2,5,26,2.4838,1.324,3,4,11,4,8,0,4.246913580246914,29.012345679012345,2.9240592592592596,1.2110654320987655,2.7037037037037037,5.604938271604938,11.37037037037037,3.7160493827160495,24.19753086419753,2.5595246913580247,1.1060308641975307,2.345679012345679,5.1234567901234565,10.444444444444445
game_1232,vietnam,iceland,4588.43,7,30,3.2425,1.2755999999999998,5,8,28,3.5093,1.5623,6,6,12,9,18,0,4.049382716049383,25.14814814814815,2.747356790123457,1.19700987654321,2.691358024691358,6.888888888888889,14.320987654320987,4.419753086419753,25.25925925925926,2.7969518518518517,1.2927654320987656,2.8641975308641974,7.098765432098766,14.666666666666666
game_1233,panama,germany,3600.02,13,30,3.4805,1.1708,7,1,19,2.0993,1.0765,1,5,10,6,12,1,4.987654320987654,27.22222222222222,3.13549012345679,1.3476975308641974,3.0617283950617282,5.506172839506172,11.296296296296296,4.851851851851852,25.098765432098766,2.9260234567901233,1.2761777777777779,3.111111111111111,5.555555555555555,11.209876543209877
game_1234,uk,france,3599.98,7,26,3.3625,1.7569,4,3,28,3.0771,1.6278000000000001,2,2,4,4,8,1,4.827160493827161,27.728395061728396,3.369753086419753,1.4282123456790123,2.962962962962963,5.0246913580246915,10.234567901234568,4.518518518518518,27.432098765432098,3.2540160493827166,1.3237765432098767,2.950617283950617,5.45679012345679,11.08641975308642
game_1235,netherlands,philippines,3600.01,7,24,3.0529,1.6499,6,2,15,1.1131,0.7169,1,1,2,10,20,1,4.753086419753086,25.925925925925927,2.95611975308642,1.2454506172839506,2.925925925925926,5.617283950617284,11.45679012345679,3.728395061728395,25.74074074074074,2.623111111111111,1.139216049382716,2.432098765432099,5.333333333333333,10.876543209876543
game_1236,south_korea,brazil,3599.98,2,33,3.2769999999999997,1.1855,2,4,32,4.8575,1.4214,4,10,20,7,17,0,5.407407407407407,29.962962962962962,3.1676567901234565,1.3084604938271605,3.5308641975308643,7.962962962962963,16.40740740740741,5.197530864197531,26.296296296296298,3.303972839506173,1.415658024691358,3.3580246913580245,6.987654320987654,14.222222222222221
game_1237,serbia,netherlands,3600.0,8,33,4.0352,1.2067,5,4,28,2.3436,1.1481,2,1,2,6,12,1,5.061728395061729,29.901234567901234,3.373492592592593,1.4026567901234568,3.259259259259259,6.444444444444445,13.098765432098766,4.790123456790123,25.876543209876544,2.9648765432098765,1.2516456790123458,2.9753086419753085,5.555555555555555,11.333333333333334
game_1238,indonesia,thailand,3600.01,1,19,2.0231,0.825,1,3,41,5.8315,2.0264,2,4,11,7,14,0,4.222222222222222,26.40740740740741,2.6404604938271605,1.083627160493827,2.7160493827160495,5.061728395061729,10.296296296296296,5.518518518518518,28.45679012345679,3.566733333333333,1.4971012345679013,3.6049382716049383,7.012345679012346,14.333333333333334
game_1239,canada,ethiopia,5031.1,6,39,3.8553,1.5288,4,6,29,2.7435,1.4723,3,7,14,9,18,1,4.2592592592592595,26.77777777777778,2.9293654320987654,1.2548345679012345,2.691358024691358,5.901234567901234,12.061728395061728,4.901234567901234,26.703703703703702,2.921930864197531,1.2695938271604936,3.259259259259259,7.197530864197531,14.62962962962963
game_124,singapore,france,3599.99,6,29,3.045,1.3749,4,5,39,4.8053,1.7423,3,10,20,5,10,1,4.91358024691358,27.901234567901234,3.1355024691358024,1.301235802469136,3.0987654320987654,7.135802469135802,14.567901234567902,4.493827160493828,27.296296296296298,3.2326802469135805,1.322362962962963,2.9382716049382718,5.444444444444445,11.061728395061728
game_1240,saudi_arabia,mexico,3600.0099999999998,7,19,2.3461,0.7438,4,3,26,2.8565,1.4039,3,4,11,7,14,1,3.740740740740741,23.80246913580247,2.6743037037037034,1.2021555555555556,2.3580246913580245,6.012345679012346,12.197530864197532,4.296296296296297,29.02469135802469,3.223469135802469,1.3434271604938273,2.876543209876543,7.271604938271605,14.654320987654321
game_1241,oman,germany,3599.99,0,26,3.4396,2.0684,0,2,22,2.9611,1.5759,2,8,18,4,8,0,4.530864197530864,26.54320987654321,2.9814506172839508,1.292479012345679,2.9753086419753085,9.209876543209877,18.901234567901234,4.839506172839506,25.061728395061728,2.9153839506172843,1.2700123456790122,3.0987654320987654,5.580246913580247,11.25925925925926
game_1242,mongolia,uae,4817.55,2,31,2.3952,1.0265,1,4,27,2.5221,1.2618,2,4,8,3,6,0,3.6790123456790123,24.530864197530864,2.2864666666666666,1.0006580246913581,2.197530864197531,6.54320987654321,13.345679012345679,3.8641975308641974,23.753086419753085,2.5786827160493826,1.1054827160493828,2.4691358024691357,5.9753086419753085,12.444444444444445
game_1243,brazil,peru,3686.34,3,28,3.2284,1.4837,2,3,35,2.9332,1.2241,3,6,14,6,12,0,5.209876543209877,26.34567901234568,3.324085185185185,1.4148888888888889,3.382716049382716,7.0,14.25925925925926,4.91358024691358,28.098765432098766,2.9829222222222223,1.270495061728395,3.123456790123457,6.234567901234568,12.716049382716049
game_1244,vietnam,rwanda,3599.99,8,27,4.0587,1.128,5,5,29,4.1704,1.5359,4,6,15,11,22,1,4.037037037037037,25.185185185185187,2.7372802469135804,1.1988320987654322,2.691358024691358,6.888888888888889,14.283950617283951,4.0246913580246915,25.88888888888889,2.7115925925925928,1.2474555555555558,2.4444444444444446,8.135802469135802,16.59259259259259
game_1245,panama,philippines,4135.94,2,25,2.4354999999999998,1.4623,1,3,33,3.5211,1.2245,2,10,20,4,8,0,5.1234567901234565,27.28395061728395,3.1483913580246914,1.3440987654320988,3.1358024691358026,5.444444444444445,11.17283950617284,3.7160493827160495,25.51851851851852,2.593382716049383,1.1329493827160493,2.419753086419753,5.407407407407407,11.024691358024691
game_1246,singapore,uk,3600.0,2,22,2.5768,1.3025,1,5,32,4.1309000000000005,1.4807000000000001,3,8,19,4,8,0,4.962962962962963,27.987654320987655,3.1412827160493824,1.3021296296296299,3.1358024691358026,7.160493827160494,14.580246913580247,4.851851851851852,27.65432098765432,3.3602666666666665,1.4316222222222221,2.9753086419753085,5.0,10.185185185185185
game_1247,pakistan,china,3600.0,1,23,2.4661,1.2246000000000001,1,7,28,3.8770000000000002,1.0451,4,8,16,7,14,0,5.074074074074074,30.049382716049383,3.484411111111111,1.4026382716049384,3.234567901234568,8.0,16.246913580246915,4.654320987654321,26.271604938271604,3.1116049382716047,1.3932024691358023,2.9012345679012346,5.654320987654321,11.530864197530864
game_1248,switzerland,usa,3600.01,6,27,3.6532999999999998,0.8324,5,1,24,2.6449000000000003,0.8818,1,8,16,9,18,1,3.740740740740741,25.506172839506174,2.4893666666666667,1.0732617283950616,2.419753086419753,7.333333333333333,14.962962962962964,4.54320987654321,26.506172839506174,3.0215790123456787,1.3098802469135804,2.950617283950617,7.691358024691358,15.691358024691358
game_1249,kazakhstan,iceland,3909.0,3,37,3.8845,1.2587,2,2,26,2.868,1.2914999999999999,1,3,6,6,12,1,3.740740740740741,24.061728395061728,2.542232098765432,1.1068370370370368,2.3580246913580245,5.135802469135802,10.469135802469136,4.493827160493828,25.28395061728395,2.8048691358024693,1.2961086419753087,2.925925925925926,7.135802469135802,14.74074074074074
game_125,usa,thailand,3600.0,1,28,3.1711,0.959,3,9,26,3.2011000000000003,1.7888,6,4,11,8,16,0,4.54320987654321,26.45679012345679,3.0150827160493825,1.308927160493827,2.925925925925926,7.753086419753086,15.777777777777779,5.444444444444445,28.641975308641975,3.599207407407407,1.5000345679012346,3.5555555555555554,7.0,14.308641975308642
game_1250,morocco,south_korea,3600.02,14,27,2.9001,1.0211,8,8,28,2.4183,0.992,4,9,18,10,24,1,4.7407407407407405,28.80246913580247,3.0444839506172836,1.2638222222222222,2.9753086419753085,5.938271604938271,12.0,5.333333333333333,30.02469135802469,3.178258024691358,1.3108493827160492,3.506172839506173,7.962962962962963,16.358024691358025
game_1251,france,india,3599.98,10,28,3.263,0.9864,5,5,33,3.5993,1.6787,3,5,10,7,14,1,4.432098765432099,27.432098765432098,3.251720987654321,1.3316950617283951,2.9135802469135803,5.444444444444445,11.061728395061728,4.197530864197531,28.88888888888889,2.9103283950617285,1.2099333333333333,2.691358024691358,5.567901234567901,11.333333333333334
game_1252,pakistan,morocco,3600.01,7,37,4.1216,1.578,7,7,22,2.6421,0.9962,4,8,16,8,18,1,5.0,29.876543209876544,3.4639728395061726,1.3982753086419752,3.1604938271604937,8.0,16.246913580246915,4.827160493827161,28.864197530864196,3.0476691358024692,1.2641296296296296,3.0246913580246915,5.950617283950617,12.0
game_1253,thailand,vietnam,3600.01,15,33,4.5753,1.8344,9,4,22,1.8459,0.9196000000000001,3,4,8,8,16,1,5.37037037037037,28.555555555555557,3.5822419753086416,1.4994716049382717,3.5185185185185186,7.049382716049383,14.407407407407407,4.08641975308642,25.246913580246915,2.764598765432099,1.201404938271605,2.7160493827160495,6.864197530864198,14.271604938271604
game_1254,philippines,iceland,3599.99,5,23,3.141,1.5566,3,4,24,2.9376,1.206,2,6,12,11,25,1,3.691358024691358,25.641975308641975,2.5980753086419757,1.1288493827160493,2.4074074074074074,5.382716049382716,10.975308641975309,4.469135802469136,25.308641975308642,2.8040098765432098,1.2971641975308643,2.9135802469135803,7.074074074074074,14.580246913580247
game_1255,south_korea,mongolia,3600.0,7,32,3.7367,1.7265,4,3,17,1.8866,0.7381,2,8,16,8,18,1,5.345679012345679,29.97530864197531,3.1619814814814813,1.3017814814814814,3.506172839506173,7.987654320987654,16.45679012345679,3.6666666666666665,24.703703703703702,2.2927456790123455,1.0042185185185186,2.185185185185185,6.493827160493828,13.222222222222221
game_1256,saudi_arabia,brazil,3599.98,4,21,1.9728999999999999,1.0519,2,4,28,3.234,1.796,3,3,6,3,6,0,3.7777777777777777,23.77777777777778,2.678911111111111,1.1983518518518517,2.382716049382716,6.0246913580246915,12.25925925925926,5.197530864197531,26.34567901234568,3.3240160493827164,1.4110333333333331,3.3703703703703702,7.037037037037037,14.358024691358025
game_1257,usa,france,3600.0,5,25,3.4183,1.5607,3,8,37,5.0353,1.463,5,15,32,6,12,0,4.493827160493828,26.493827160493826,3.012030864197531,1.3014987654320989,2.925925925925926,7.617283950617284,15.518518518518519,4.45679012345679,27.320987654320987,3.2298407407407406,1.3258111111111113,2.9135802469135803,5.432098765432099,11.037037037037036
game_1258,rwanda,ethiopia,3599.99,4,20,1.9482,0.673,2,8,27,2.5958,1.3337,5,6,12,5,10,0,4.037037037037037,26.0,2.739027160493827,1.2581086419753087,2.4691358024691357,8.197530864197532,16.71604938271605,4.8765432098765435,26.728395061728396,2.9237543209876544,1.271304938271605,3.234567901234568,7.246913580246914,14.728395061728396
game_1259,indonesia,china,3600.0,6,25,1.8408,1.2299,4,3,17,2.0412999999999997,1.1731,2,3,8,1,2,1,4.160493827160494,26.333333333333332,2.642711111111111,1.0786283950617284,2.6790123456790123,5.074074074074074,10.333333333333334,4.703703703703703,26.40740740740741,3.1342679012345678,1.391622222222222,2.925925925925926,5.728395061728395,11.679012345679013
game_126,germany,south_korea,3600.0,2,17,1.8212000000000002,1.0643,3,6,37,4.7506,1.4705,7,12,24,5,10,0,4.839506172839506,25.123456790123456,2.929456790123457,1.2763283950617283,3.0864197530864197,5.481481481481482,11.061728395061728,5.3580246913580245,29.91358024691358,3.149464197530864,1.304941975308642,3.4691358024691357,8.024691358024691,16.530864197530864
game_1260,kazakhstan,canada,3600.01,9,22,2.6624000000000003,0.7807,6,8,32,4.1304,1.8607,5,3,6,5,10,1,3.6666666666666665,24.246913580246915,2.55731975308642,1.1127382716049383,2.308641975308642,5.135802469135802,10.469135802469136,4.234567901234568,26.864197530864196,2.925969135802469,1.2507370370370372,2.6790123456790123,5.925925925925926,12.11111111111111
game_1261,germany,oman,3600.0,5,16,1.9621,0.9317,3,2,28,4.1615,1.8566,2,9,18,8,16,1,4.802469135802469,25.135802469135804,2.9277172839506176,1.2779654320987655,3.0864197530864197,5.518518518518518,11.135802469135802,4.506172839506172,26.51851851851852,2.9725382716049387,1.295093827160494,2.950617283950617,9.209876543209877,18.925925925925927
game_1262,mexico,new_zealand,3600.02,4,23,3.0643000000000002,1.4183999999999999,2,4,23,2.2591,1.1111,3,5,10,7,14,0,4.283950617283951,29.061728395061728,3.2209037037037036,1.3432481481481482,2.888888888888889,7.296296296296297,14.703703703703704,4.049382716049383,26.567901234567902,2.9506851851851854,1.2865543209876544,2.6666666666666665,6.790123456790123,13.851851851851851
game_1263,panama,guatemala,4213.31,4,24,2.2765999999999997,0.9784999999999999,2,5,43,4.1083,1.2974999999999999,3,7,14,9,18,0,5.098765432098766,27.296296296296298,3.150353086419753,1.3500716049382717,3.123456790123457,5.481481481481482,11.246913580246913,4.246913580246914,28.728395061728396,3.1059222222222225,1.259872839506173,2.814814814814815,6.6419753086419755,13.506172839506172
game_1264,singapore,netherlands,3600.01,2,20,2.3545,1.0342,1,16,42,4.7571,1.4905,10,8,16,10,20,0,4.962962962962963,28.012345679012345,3.144027160493827,1.3054419753086421,3.1358024691358026,7.160493827160494,14.617283950617283,4.6419753086419755,25.703703703703702,2.9350802469135804,1.2474185185185187,2.876543209876543,5.506172839506172,11.234567901234568
game_1265,serbia,uk,3599.9900000000002,3,28,3.4119,1.5201,2,11,31,3.2589,1.3661,7,6,12,9,18,0,5.1234567901234565,29.962962962962962,3.3811876543209873,1.3987876543209876,3.2962962962962963,6.382716049382716,12.975308641975309,4.777777777777778,27.666666666666668,3.3710320987654323,1.4330370370370369,2.925925925925926,4.938271604938271,10.061728395061728
game_1266,uae,india,3600.0099999999998,8,26,3.0344,1.0101,4,3,36,3.3943000000000003,1.5167,2,7,14,6,12,1,3.814814814814815,23.765432098765434,2.5723580246913578,1.10859012345679,2.4444444444444446,5.925925925925926,12.345679012345679,4.222222222222222,28.85185185185185,2.9128592592592595,1.2119333333333333,2.7037037037037037,5.580246913580247,11.358024691358025
game_1267,switzerland,peru,5307.02,4,43,4.2363,1.2664,3,3,31,3.0236,1.0974,2,6,12,14,31,1,3.765432098765432,25.308641975308642,2.482169135802469,1.0679037037037036,2.4444444444444446,7.3580246913580245,15.012345679012345,4.91358024691358,28.14814814814815,2.9818061728395064,1.2720592592592592,3.1358024691358026,6.135802469135802,12.481481481481481
game_1268,singapore,usa,3599.99,4,27,3.3373000000000004,1.3081,2,0,28,3.3486000000000002,1.4536,0,5,10,7,14,1,4.938271604938271,27.925925925925927,3.1318938271604937,1.3020604938271607,3.123456790123457,7.197530864197531,14.691358024691358,4.555555555555555,26.45679012345679,3.0128913580246914,1.302820987654321,2.962962962962963,7.716049382716049,15.74074074074074
game_1269,canada,thailand,3600.0,5,31,3.1710000000000003,0.9583,3,3,22,3.2418,0.9959,2,7,14,7,14,1,4.271604938271605,26.876543209876544,2.937813580246914,1.2618777777777779,2.7037037037037037,5.901234567901234,12.061728395061728,5.518518518518518,28.691358024691358,3.5987049382716045,1.5098234567901234,3.6049382716049383,7.012345679012346,14.333333333333334
game_127,morocco,indonesia,3600.0,2,27,2.8938,1.4171,1,8,25,2.0594,0.98,4,3,8,6,12,0,4.888888888888889,28.80246913580247,3.044561728395062,1.2589333333333332,3.0617283950617282,6.012345679012346,12.123456790123457,4.135802469135802,26.333333333333332,2.640012345679012,1.0817135802469136,2.6790123456790123,5.037037037037037,10.283950617283951
game_1270,morocco,peru,3599.99,8,26,2.8173,0.9027,4,3,30,3.6766,1.3377000000000001,2,7,14,7,14,1,4.814814814814815,28.814814814814813,3.0455061728395063,1.265283950617284,3.0246913580246915,5.962962962962963,12.049382716049383,4.91358024691358,28.160493827160494,2.9737444444444443,1.2690925925925924,3.1358024691358026,6.222222222222222,12.691358024691358
game_1271,uae,rwanda,4552.58,5,35,5.2479,1.0443,4,6,27,2.5331,1.1392,3,5,15,12,24,1,3.8518518518518516,23.65432098765432,2.545030864197531,1.1081679012345678,2.4444444444444446,5.950617283950617,12.333333333333334,4.012345679012346,25.91358024691358,2.7318061728395064,1.2523530864197532,2.45679012345679,8.123456790123457,16.567901234567902
game_1272,mexico,india,3599.99,2,25,2.6555,1.1553,1,3,28,2.3623000000000003,1.058,2,9,18,3,6,0,4.308641975308642,29.037037037037038,3.2259506172839503,1.3464962962962963,2.9012345679012346,7.246913580246914,14.604938271604938,4.222222222222222,28.950617283950617,2.9256,1.2175962962962963,2.7037037037037037,5.617283950617284,11.432098765432098
game_1273,indonesia,ethiopia,3599.99,6,38,4.0235,1.1749,3,9,21,2.3354,1.2977,6,7,14,13,26,0,4.160493827160494,26.17283950617284,2.615764197530864,1.0793074074074074,2.691358024691358,5.0246913580246915,10.25925925925926,4.864197530864198,26.80246913580247,2.9269691358024694,1.2717493827160493,3.2222222222222223,7.148148148148148,14.530864197530864
game_1274,south_korea,guatemala,3600.01,4,36,3.8036000000000003,1.3325,3,11,29,3.3714,1.4729,7,10,20,9,21,0,5.382716049382716,29.925925925925927,3.1611555555555553,1.3066456790123457,3.5185185185185186,7.962962962962963,16.40740740740741,4.172839506172839,28.901234567901234,3.1150197530864197,1.2577074074074075,2.765432098765432,6.6419753086419755,13.469135802469136
game_1275,germany,mongolia,3599.99,13,31,4.2274,1.6226,7,8,24,2.2963,1.5023,5,5,10,8,16,1,4.703703703703703,24.950617283950617,2.8997506172839507,1.2694358024691357,3.037037037037037,5.567901234567901,11.234567901234568,3.6049382716049383,24.617283950617285,2.2876876543209876,0.994783950617284,2.1481481481481484,6.493827160493828,13.246913580246913
game_1276,china,france,4515.47,11,33,4.4421,1.4903,7,6,30,3.4589,1.2517,6,11,24,8,16,1,4.604938271604938,26.209876543209877,3.104628395061728,1.387706172839506,2.8641975308641974,5.604938271604938,11.407407407407407,4.481481481481482,27.40740740740741,3.2493024691358023,1.32841975308642,2.9012345679012346,5.407407407407407,10.987654320987655
game_1277,uk,iceland,3600.01,2,25,2.9646,1.5655999999999999,1,2,24,2.7041,1.2379,2,6,12,8,16,0,4.888888888888889,27.74074074074074,3.374665432098765,1.430574074074074,3.0,4.9753086419753085,10.135802469135802,4.493827160493828,25.308641975308642,2.8068925925925923,1.2967703703703706,2.9135802469135803,7.111111111111111,14.691358024691358
game_1278,oman,panama,3600.01,8,28,3.2437,1.4189,7,1,26,2.8394,1.3165,2,5,10,7,14,1,4.432098765432099,26.51851851851852,2.9838691358024696,1.3004975308641977,2.888888888888889,9.246913580246913,19.0,5.135802469135802,27.271604938271604,3.1434049382716047,1.3458987654320986,3.123456790123457,5.481481481481482,11.246913580246913
game_1279,pakistan,saudi_arabia,3599.9900000000002,6,25,2.7713,1.2894,3,2,15,1.6945000000000001,1.1289,1,10,20,9,18,1,5.012345679012346,30.02469135802469,3.480643209876543,1.4018382716049382,3.2098765432098766,7.9753086419753085,16.19753086419753,3.802469135802469,23.85185185185185,2.682348148148148,1.197401234567901,2.3950617283950617,5.950617283950617,12.11111111111111
game_128,peru,serbia,3840.52,7,42,4.0969999999999995,1.3313,5,9,40,4.3952,1.212,6,7,14,6,12,0,4.864197530864198,28.012345679012345,2.9685543209876544,1.2691716049382715,3.0987654320987654,6.222222222222222,12.691358024691358,5.049382716049383,29.814814814814813,3.3690481481481482,1.4025913580246914,3.246913580246914,6.382716049382716,12.975308641975309
game_1280,new_zealand,netherlands,3600.02,3,15,1.5705,0.8383,2,0,28,3.7451,1.5581,0,13,26,4,8,1,4.061728395061729,26.666666666666668,2.9591864197530864,1.2899222222222222,2.6790123456790123,6.716049382716049,13.703703703703704,4.839506172839506,25.876543209876544,2.947574074074074,1.246583950617284,3.0,5.580246913580247,11.382716049382717
game_1281,brazil,philippines,3600.02,1,25,3.1281,1.4219,1,5,23,1.9272,0.9343,4,7,14,6,15,0,5.234567901234568,26.382716049382715,3.3253234567901235,1.415651851851852,3.3950617283950617,6.987654320987654,14.25925925925926,3.691358024691358,25.641975308641975,2.6130604938271604,1.1365320987654322,2.3950617283950617,5.382716049382716,10.938271604938272
game_1282,serbia,kazakhstan,3600.01,9,27,3.1025,1.4549,5,2,25,2.9013,0.9395,1,8,16,2,4,1,5.049382716049383,29.97530864197531,3.385007407407407,1.3995925925925927,3.259259259259259,6.3580246913580245,12.925925925925926,3.753086419753086,24.209876543209877,2.554370370370371,1.1107777777777779,2.3703703703703702,5.148148148148148,10.493827160493828
game_1283,vietnam,switzerland,3600.02,3,23,2.5345,1.0458,2,2,19,2.0353,1.0423,1,3,6,3,6,1,4.098765432098766,25.234567901234566,2.7560975308641975,1.199846913580247,2.728395061728395,6.925925925925926,14.395061728395062,3.7901234567901234,25.604938271604937,2.509341975308642,1.0706703703703704,2.4691358024691357,7.395061728395062,15.08641975308642
game_1284,india,saudi_arabia,3599.99,6,27,2.7513,1.1594,4,3,19,1.82,1.2927,2,4,8,6,12,1,4.185185185185185,28.962962962962962,2.920797530864198,1.2163444444444445,2.6790123456790123,5.604938271604938,11.407407407407407,3.7901234567901234,23.80246913580247,2.680798765432099,1.195379012345679,2.382716049382716,5.987654320987654,12.185185185185185
game_1285,oman,uae,3599.99,8,33,3.8776,1.5176,5,7,23,2.8369999999999997,1.5106,4,10,22,13,29,1,4.432098765432099,26.45679012345679,2.9760432098765435,1.299279012345679,2.9135802469135803,9.185185185185185,18.85185185185185,3.8271604938271606,23.80246913580247,2.5747950617283952,1.102411111111111,2.4444444444444446,5.851851851851852,12.160493827160494
game_1286,panama,kazakhstan,3930.0299999999997,4,29,3.6179,1.4968,2,6,17,2.165,0.8527,3,8,16,4,8,0,5.098765432098766,27.234567901234566,3.1337938271604937,1.343672839506173,3.123456790123457,5.469135802469136,11.222222222222221,3.7037037037037037,24.308641975308642,2.563460493827161,1.1118493827160494,2.345679012345679,5.1234567901234565,10.444444444444445
game_1287,pakistan,guatemala,3599.98,8,36,3.563,1.4094,4,2,23,2.208,1.1001,2,3,6,6,12,1,4.987654320987654,29.88888888888889,3.4708691358024693,1.4003567901234568,3.197530864197531,8.061728395061728,16.37037037037037,4.283950617283951,28.97530864197531,3.1293827160493826,1.26230987654321,2.8271604938271606,6.679012345679013,13.580246913580247
game_1288,philippines,serbia,3600.0,3,21,1.9162000000000001,1.0358,3,4,31,3.7500999999999998,1.2368999999999999,2,4,8,3,6,1,3.7160493827160495,25.666666666666668,2.6131962962962962,1.135279012345679,2.4074074074074074,5.407407407407407,11.024691358024691,5.111111111111111,29.925925925925927,3.3770123456790127,1.402283950617284,3.2962962962962963,6.419753086419753,13.049382716049383
game_1289,france,usa,3600.0,3,24,3.596,0.7955,3,0,16,1.7559,0.6942,0,5,10,11,22,1,4.518518518518518,27.48148148148148,3.2476098765432098,1.3340518518518518,2.9382716049382718,5.444444444444445,11.061728395061728,4.555555555555555,26.604938271604937,3.0325543209876544,1.3121962962962963,2.962962962962963,7.666666666666667,15.641975308641975
game_129,mexico,pakistan,3600.01,2,25,2.7092,1.5754,1,2,27,2.9556,1.1528,2,13,26,7,14,0,4.308641975308642,29.037037037037038,3.2252876543209874,1.3413098765432099,2.9012345679012346,7.197530864197531,14.506172839506172,5.061728395061729,30.0,3.478367901234568,1.4035246913580248,3.2222222222222223,8.012345679012345,16.271604938271604
game_1290,brazil,canada,3599.99,13,35,4.6565,1.7245,7,6,19,1.5866,0.8637,4,6,12,7,17,1,5.08641975308642,26.25925925925926,3.3064543209876547,1.4119160493827159,3.3209876543209877,7.0,14.283950617283951,4.2592592592592595,27.02469135802469,2.957374074074074,1.2630456790123457,2.691358024691358,5.901234567901234,12.024691358024691
game_1291,iceland,switzerland,3600.01,12,32,3.7774,1.1057000000000001,7,2,12,0.9444,0.7197,1,3,6,9,18,1,4.37037037037037,25.209876543209877,2.793641975308642,1.2984024691358025,2.8518518518518516,7.172839506172839,14.814814814814815,3.7901234567901234,25.691358024691358,2.52280987654321,1.074653086419753,2.4691358024691357,7.320987654320987,14.938271604938272
game_1292,uk,rwanda,4535.71,7,38,4.7965,1.4589,4,6,28,2.9492000000000003,1.5090000000000001,3,8,16,15,30,1,4.827160493827161,27.580246913580247,3.3520493827160496,1.4318913580246913,2.962962962962963,4.950617283950617,10.08641975308642,4.012345679012346,25.901234567901234,2.7266691358024695,1.2477876543209878,2.45679012345679,8.08641975308642,16.493827160493826
game_1293,netherlands,indonesia,3600.0,3,26,2.6133,1.3098,2,2,23,2.0378,1.1924,1,6,14,3,6,1,4.802469135802469,25.901234567901234,2.961546913580247,1.2496493827160495,2.9753086419753085,5.555555555555555,11.308641975308642,4.209876543209877,26.358024691358025,2.6402790123456787,1.0790913580246912,2.7160493827160495,5.074074074074074,10.358024691358025
game_1294,mexico,south_korea,3599.99,5,21,2.3731,1.2102,4,0,18,1.7237,1.1373,0,7,14,5,10,1,4.271604938271605,29.08641975308642,3.2294370370370364,1.3458185185185185,2.8641975308641974,7.271604938271605,14.654320987654321,5.432098765432099,30.14814814814815,3.186833333333333,1.3090555555555556,3.5555555555555554,8.024691358024691,16.530864197530864
game_1295,new_zealand,morocco,3599.99,8,34,3.7612,1.2974999999999999,5,4,14,1.3256999999999999,1.1733,2,4,8,7,14,1,4.0,26.432098765432098,2.9321407407407407,1.2842530864197532,2.6419753086419755,6.827160493827161,13.925925925925926,4.864197530864198,28.962962962962962,3.063920987654321,1.2619432098765433,3.049382716049383,5.962962962962963,12.049382716049383
game_1296,peru,singapore,3599.9900000000002,12,38,4.3651,1.3578000000000001,7,4,30,3.2345,1.2074,3,3,6,7,14,1,4.802469135802469,28.061728395061728,2.9652444444444446,1.2688444444444444,3.074074074074074,6.271604938271605,12.790123456790123,4.938271604938271,27.88888888888889,3.1331629629629627,1.3033037037037036,3.111111111111111,7.172839506172839,14.641975308641975
game_1297,philippines,thailand,3599.98,8,27,2.5275,1.3254,4,6,22,2.6694,1.2365,5,4,8,7,14,0,3.654320987654321,25.59259259259259,2.6056493827160496,1.1317037037037037,2.3950617283950617,5.407407407407407,11.024691358024691,5.481481481481482,28.691358024691358,3.6057716049382718,1.5068530864197531,3.567901234567901,7.012345679012346,14.333333333333334
game_1298,mongolia,guatemala,4515.44,2,28,2.2592,0.7088,1,3,39,3.9669,1.5343,2,8,16,10,20,0,3.6790123456790123,24.567901234567902,2.2881456790123456,1.0045802469135803,2.197530864197531,6.493827160493828,13.246913580246913,4.271604938271605,28.77777777777778,3.1076679012345676,1.2569493827160494,2.8271604938271606,6.62962962962963,13.481481481481481
game_1299,pakistan,mexico,3599.9900000000002,8,33,4.5464,1.3201,6,0,18,1.9651999999999998,1.1220999999999999,0,7,16,11,25,1,4.987654320987654,29.925925925925927,3.458728395061728,1.4014592592592594,3.1728395061728394,8.012345679012345,16.246913580246915,4.333333333333333,29.123456790123456,3.234472839506173,1.3469061728395062,2.9135802469135803,7.222222222222222,14.518518518518519
game_13,mexico,brazil,3599.9900000000002,2,28,2.7186999999999997,1.1289,1,10,27,3.2121000000000004,1.1537,6,7,14,4,8,0,4.308641975308642,29.0,3.22517037037037,1.3468222222222224,2.9012345679012346,7.271604938271605,14.654320987654321,5.1234567901234565,26.358024691358025,3.3242864197530864,1.418962962962963,3.3333333333333335,7.0246913580246915,14.333333333333334
game_130,brazil,new_zealand,3600.0099999999998,6,26,3.3454,1.2383,3,3,30,3.5941,1.4213,2,15,30,7,14,1,5.172839506172839,26.37037037037037,3.3226407407407414,1.4179185185185186,3.3703703703703702,6.888888888888889,14.061728395061728,4.061728395061729,26.48148148148148,2.934203703703704,1.2827246913580248,2.6790123456790123,6.790123456790123,13.851851851851851
game_1300,ethiopia,oman,3600.0,11,33,4.806,1.407,7,5,37,3.9402,1.4108,3,5,13,16,37,1,4.839506172839506,26.65432098765432,2.8964679012345678,1.2704,3.2098765432098766,7.246913580246914,14.691358024691358,4.469135802469136,26.40740740740741,2.9752703703703705,1.3005975308641977,2.9382716049382718,9.11111111111111,18.666666666666668
game_1301,new_zealand,peru,3599.9900000000002,4,20,2.0691,1.2322,2,2,23,2.893,1.9118,1,6,12,4,8,1,4.049382716049383,26.604938271604937,2.953030864197531,1.2850592592592591,2.6790123456790123,6.802469135802469,13.876543209876543,4.925925925925926,28.246913580246915,2.9834185185185187,1.2620049382716048,3.1481481481481484,6.2592592592592595,12.765432098765432
game_1302,panama,china,3600.0,1,22,2.4669000000000003,1.1199000000000001,1,5,32,3.6477,1.5854,4,6,12,6,12,0,5.135802469135802,27.320987654320987,3.1480037037037034,1.348325925925926,3.1358024691358026,5.493827160493828,11.271604938271604,4.679012345679013,26.22222222222222,3.114435802469136,1.3865320987654322,2.9012345679012346,5.666666666666667,11.555555555555555
game_1303,serbia,usa,3600.0099999999998,11,34,4.300599999999999,1.5799,7,4,21,1.9691999999999998,0.9649,2,5,10,12,26,1,5.0246913580246915,29.88888888888889,3.3702160493827162,1.3980493827160494,3.234567901234568,6.395061728395062,13.0,4.506172839506172,26.54320987654321,3.0299209876543207,1.3088543209876544,2.9382716049382718,7.654320987654321,15.592592592592593
game_1304,canada,morocco,3600.0,5,44,4.865399999999999,1.4365,4,0,23,2.0136,1.2374,0,2,4,10,20,1,4.271604938271605,26.71604938271605,2.916895061728395,1.2559740740740741,2.691358024691358,5.962962962962963,12.185185185185185,4.91358024691358,28.85185185185185,3.0554283950617283,1.2611518518518519,3.074074074074074,5.925925925925926,11.975308641975309
game_1305,iceland,kazakhstan,3600.0,2,26,2.8505,1.6043,2,2,22,2.1149,1.1576,1,5,12,5,10,1,4.493827160493828,25.28395061728395,2.805085185185185,1.292246913580247,2.9135802469135803,7.148148148148148,14.74074074074074,3.753086419753086,24.246913580246915,2.564079012345679,1.1080851851851852,2.3703703703703702,5.111111111111111,10.419753086419753
game_1306,indonesia,germany,3599.99,6,25,3.2008,1.2504,4,2,19,2.4301,1.1353,2,7,14,11,22,1,4.160493827160494,26.333333333333332,2.6259209876543212,1.0783753086419754,2.6790123456790123,5.0246913580246915,10.25925925925926,4.839506172839506,25.098765432098766,2.9219395061728393,1.2754518518518518,3.0987654320987654,5.493827160493828,11.08641975308642
game_1307,vietnam,saudi_arabia,3600.0,7,27,2.7883,1.0695999999999999,5,4,27,3.5167,1.0892,2,5,10,4,8,1,4.049382716049383,25.185185185185187,2.7529641975308645,1.1995530864197532,2.691358024691358,6.901234567901234,14.345679012345679,3.7777777777777777,23.703703703703702,2.6598518518518515,1.1978913580246913,2.382716049382716,6.012345679012346,12.234567901234568
game_1308,switzerland,france,3600.01,3,13,1.2708,0.9602999999999999,2,0,24,2.4745,1.2573,0,7,14,5,10,1,3.7777777777777777,25.679012345679013,2.5187802469135803,1.0716827160493827,2.45679012345679,7.345679012345679,14.987654320987655,4.555555555555555,27.48148148148148,3.261455555555556,1.3283506172839505,2.9753086419753085,5.444444444444445,11.061728395061728
game_1309,netherlands,south_korea,3600.0,9,29,4.2459999999999996,1.5261,5,5,29,2.3279,1.2621,4,2,4,12,24,1,4.728395061728395,25.864197530864196,2.9413901234567903,1.246979012345679,2.9382716049382718,5.604938271604938,11.432098765432098,5.37037037037037,30.012345679012345,3.1793740740740737,1.3075148148148148,3.506172839506173,7.938271604938271,16.358024691358025
game_131,philippines,rwanda,3600.02,8,26,2.5223,1.3365,4,0,26,2.9265999999999996,0.9655,0,5,10,4,8,1,3.654320987654321,25.604938271604937,2.605713580246914,1.1315666666666666,2.3950617283950617,5.395061728395062,11.0,4.08641975308642,25.925925925925927,2.726948148148148,1.2544975308641975,2.493827160493827,8.222222222222221,16.765432098765434
game_1310,uk,uae,3600.01,1,21,3.0211,1.1219000000000001,1,5,19,2.1164,1.3860999999999999,3,6,12,4,8,0,4.901234567901234,27.790123456790123,3.3739679012345682,1.436051851851852,3.0,4.9753086419753085,10.135802469135802,3.8518518518518516,23.85185185185185,2.583691358024691,1.1039481481481481,2.45679012345679,5.962962962962963,12.419753086419753
game_1311,brazil,rwanda,3599.9900000000002,5,18,2.4804,0.9083,3,0,24,1.9921,1.1084,0,6,12,5,13,1,5.185185185185185,26.469135802469136,3.3333197530864203,1.4219925925925925,3.3703703703703702,7.0,14.283950617283951,4.08641975308642,25.950617283950617,2.7384851851851852,1.2527333333333335,2.493827160493827,8.209876543209877,16.703703703703702
game_1312,india,singapore,4554.63,6,37,3.7095,1.232,3,7,48,4.8877,1.574,4,6,12,6,12,0,4.185185185185185,28.839506172839506,2.908967901234568,1.2154481481481483,2.691358024691358,5.580246913580247,11.358024691358025,4.901234567901234,27.666666666666668,3.112753086419753,1.2987777777777778,3.0987654320987654,7.185185185185185,14.666666666666666
game_132,saudi_arabia,uk,3599.99,7,32,4.4168,1.2395,5,6,25,2.7782,1.6237,4,5,10,7,14,1,3.740740740740741,23.641975308641975,2.6487395061728396,1.1960358024691355,2.345679012345679,6.0,12.209876543209877,4.839506172839506,27.74074074074074,3.3769666666666662,1.4298567901234567,2.962962962962963,4.962962962962963,10.11111111111111
game_133,vietnam,china,3599.99,6,34,4.3604,1.7246000000000001,3,9,25,3.2683,1.391,5,6,12,10,20,0,4.061728395061729,25.098765432098766,2.7335555555555557,1.1914666666666667,2.7160493827160495,6.888888888888889,14.320987654320987,4.62962962962963,26.308641975308642,3.1191197530864194,1.3889320987654319,2.888888888888889,5.617283950617284,11.45679012345679
game_134,france,switzerland,4295.07,6,24,2.8584,1.0411000000000001,4,4,23,1.9225,1.1154,3,2,4,9,18,1,4.481481481481482,27.48148148148148,3.2567160493827156,1.3310197530864198,2.925925925925926,5.481481481481482,11.135802469135802,3.765432098765432,25.555555555555557,2.5107345679012343,1.069767901234568,2.4444444444444446,7.320987654320987,14.938271604938272
game_135,kazakhstan,india,3600.0,1,35,3.9229000000000003,1.8274,1,3,26,2.3593,1.236,2,2,4,5,10,0,3.765432098765432,24.08641975308642,2.541758024691358,1.099816049382716,2.3703703703703702,5.148148148148148,10.493827160493828,4.222222222222222,28.97530864197531,2.9256370370370375,1.2153987654320988,2.7037037037037037,5.592592592592593,11.382716049382717
game_136,mongolia,ethiopia,3599.9900000000002,2,26,2.2509,0.9765,2,9,31,3.2625,1.3244,6,5,10,6,12,0,3.6790123456790123,24.59259259259259,2.288248148148148,1.0012753086419754,2.185185185185185,6.530864197530864,13.320987654320987,4.864197530864198,26.679012345679013,2.915523456790124,1.2714197530864197,3.2222222222222223,7.234567901234568,14.703703703703704
game_137,oman,netherlands,3600.0,2,16,1.6708,1.1873,1,6,25,2.7207,1.1140999999999999,3,11,22,6,12,0,4.506172839506172,26.666666666666668,3.003287654320988,1.303356790123457,2.962962962962963,9.17283950617284,18.85185185185185,4.765432098765432,25.91358024691358,2.960220987654321,1.2520654320987656,2.962962962962963,5.555555555555555,11.333333333333334
game_138,panama,canada,3599.9900000000002,7,27,3.0571,1.2032,4,10,32,3.7975000000000003,1.5744,5,8,16,7,14,0,5.061728395061729,27.25925925925926,3.1407172839506172,1.3472975308641977,3.0987654320987654,5.469135802469136,11.222222222222221,4.209876543209877,26.864197530864196,2.930079012345679,1.2542716049382716,2.6790123456790123,5.901234567901234,12.061728395061728
game_139,guatemala,singapore,3600.01,3,33,4.0120000000000005,1.5704,2,4,21,2.0254,1.1212,3,6,12,8,16,0,4.271604938271605,28.85185185185185,3.107111111111111,1.2565037037037037,2.8271604938271606,6.679012345679013,13.580246913580247,4.938271604938271,28.0,3.14809012345679,1.304367901234568,3.111111111111111,7.160493827160494,14.617283950617283
game_14,oman,india,3600.0,2,23,2.5179,1.2293,1,6,18,1.8717,0.9725,4,3,9,6,12,0,4.506172839506172,26.580246913580247,2.9928296296296297,1.3028382716049385,2.962962962962963,9.271604938271604,19.012345679012345,4.185185185185185,29.074074074074073,2.9316567901234567,1.2186518518518519,2.6790123456790123,5.580246913580247,11.358024691358025
game_140,iceland,uae,3728.0099999999998,0,28,3.2652,1.0282,2,5,27,2.9983000000000004,1.3425,3,8,24,7,14,0,4.518518518518518,25.25925925925926,2.7999654320987655,1.2993592592592593,2.9135802469135803,7.111111111111111,14.592592592592593,3.8518518518518516,23.753086419753085,2.5728037037037037,1.1044864197530864,2.45679012345679,5.925925925925926,12.345679012345679
game_141,new_zealand,thailand,3613.01,0,21,1.8622,0.8276,1,4,23,3.1083,1.3652,2,6,14,2,4,0,4.098765432098766,26.59259259259259,2.955585185185185,1.2900543209876543,2.691358024691358,6.802469135802469,13.851851851851851,5.506172839506172,28.679012345679013,3.6003530864197533,1.5052641975308643,3.6049382716049383,7.074074074074074,14.45679012345679
game_142,philippines,rwanda,3600.02,6,28,3.1452,0.8068,4,1,25,2.575,1.4589,1,6,14,13,28,1,3.6790123456790123,25.580246913580247,2.598023456790124,1.138106172839506,2.3950617283950617,5.382716049382716,10.950617283950617,4.074074074074074,25.938271604938272,2.7312888888888893,1.2484061728395062,2.4814814814814814,8.11111111111111,16.51851851851852
game_143,china,mexico,3599.99,5,25,2.7252,1.362,3,5,26,2.7602,0.8878,4,7,17,11,22,0,4.679012345679013,26.308641975308642,3.1258246913580248,1.38929012345679,2.9135802469135803,5.654320987654321,11.493827160493828,4.271604938271605,29.02469135802469,3.2246580246913576,1.3497987654320989,2.8641975308641974,7.222222222222222,14.555555555555555
game_144,indonesia,saudi_arabia,3600.02,3,21,2.1599,1.1804999999999999,2,6,26,2.5393,1.3658,3,3,6,5,10,0,4.197530864197531,26.382716049382715,2.6387716049382717,1.0792382716049382,2.7037037037037037,5.074074074074074,10.358024691358025,3.753086419753086,23.71604938271605,2.6719185185185186,1.1944765432098765,2.3703703703703702,6.0,12.209876543209877
game_145,ethiopia,brazil,3600.0,0,30,2.7948999999999997,1.0106,1,2,30,3.163,1.185,3,3,6,6,12,0,4.9753086419753085,26.691358024691358,2.9212962962962963,1.2752938271604939,3.2839506172839505,7.271604938271605,14.777777777777779,5.222222222222222,26.320987654320987,3.324892592592593,1.4185765432098765,3.3703703703703702,7.0,14.283950617283951
game_146,kazakhstan,singapore,3599.99,2,20,2.1752000000000002,1.1483999999999999,1,6,21,2.5232,1.4142,3,2,4,6,12,0,3.753086419753086,24.271604938271604,2.5633345679012347,1.1081987654320988,2.3703703703703702,5.148148148148148,10.493827160493828,4.91358024691358,28.0,3.141944444444444,1.3007506172839507,3.111111111111111,7.185185185185185,14.666666666666666
game_147,india,south_korea,3600.0,4,20,2.4907,1.0338,3,11,35,3.5297,1.0735000000000001,6,9,18,7,14,0,4.209876543209877,29.049382716049383,2.924014814814815,1.217895061728395,2.691358024691358,5.54320987654321,11.283950617283951,5.296296296296297,29.938271604938272,3.1645370370370367,1.3098432098765433,3.4814814814814814,8.0,16.48148148148148
game_148,morocco,vietnam,3599.99,10,36,4.2935,1.6000999999999999,5,3,23,2.1705,1.1346,3,7,14,11,22,1,4.790123456790123,28.691358024691358,3.0272814814814817,1.256674074074074,3.0123456790123457,5.962962962962963,12.049382716049383,4.098765432098766,25.234567901234566,2.7605913580246915,1.1987506172839506,2.7160493827160495,6.827160493827161,14.197530864197532
game_149,guatemala,usa,3600.0,9,34,3.9877,1.0729,6,4,34,2.4292,1.1617,2,4,8,8,16,1,4.197530864197531,28.839506172839506,3.107411111111111,1.2626456790123457,2.7777777777777777,6.703703703703703,13.62962962962963,4.506172839506172,26.382716049382715,3.024241975308642,1.3064246913580249,2.9382716049382718,7.703703703703703,15.716049382716049
game_15,uk,vietnam,4888.93,5,29,3.8033,1.8347,4,6,28,2.9291,1.565,5,9,18,10,20,0,4.851851851851852,27.691358024691358,3.3643111111111113,1.4272518518518518,2.962962962962963,4.938271604938271,10.061728395061728,4.061728395061729,25.17283950617284,2.751225925925926,1.193437037037037,2.691358024691358,6.839506172839506,14.222222222222221
game_150,peru,pakistan,3600.02,3,28,3.0736,1.6588,2,4,33,3.9513,1.1068,3,9,18,6,12,0,4.91358024691358,28.185185185185187,2.981188888888889,1.2651283950617283,3.1358024691358026,6.197530864197531,12.641975308641975,5.037037037037037,29.925925925925927,3.466075308641975,1.4040925925925924,3.2098765432098766,8.024691358024691,16.296296296296298
game_151,panama,france,3599.99,9,21,2.9765,1.5279,5,0,24,2.6001,1.3317999999999999,0,4,8,7,14,1,5.037037037037037,27.333333333333332,3.1417123456790126,1.3432888888888888,3.0864197530864197,5.518518518518518,11.320987654320987,4.555555555555555,27.48148148148148,3.259904938271605,1.327430864197531,2.9753086419753085,5.419753086419753,11.012345679012345
game_152,oman,canada,3600.0,4,23,2.6681999999999997,1.4503,2,6,20,1.9947,1.3326,3,2,4,5,10,0,4.481481481481482,26.580246913580247,2.990974074074074,1.30010987654321,2.950617283950617,9.283950617283951,19.074074074074073,4.2592592592592595,27.012345679012345,2.952335802469136,1.2572567901234568,2.7037037037037037,5.925925925925926,12.11111111111111
game_153,uk,iceland,3599.99,4,27,3.2777999999999996,1.1805,2,0,34,3.751,1.5818,0,3,6,6,12,1,4.864197530864198,27.71604938271605,3.3707987654320988,1.4353283950617284,2.9876543209876543,5.012345679012346,10.209876543209877,4.518518518518518,25.185185185185187,2.7939679012345677,1.2925246913580248,2.9382716049382718,7.135802469135802,14.74074074074074
game_154,germany,uae,3600.0,3,14,1.4814,0.9105,2,10,31,3.3817,0.9992,6,8,16,4,8,0,4.827160493827161,25.160493827160494,2.933651851851852,1.2782271604938271,3.0987654320987654,5.530864197530864,11.160493827160494,3.7901234567901234,23.703703703703702,2.5680703703703704,1.1087246913580246,2.419753086419753,5.962962962962963,12.419753086419753
game_155,mongolia,serbia,3600.0099999999998,1,35,2.9834,1.6238000000000001,1,4,32,3.5492,1.7368,2,7,14,7,17,0,3.691358024691358,24.48148148148148,2.279204938271605,0.993283950617284,2.197530864197531,6.506172839506172,13.271604938271604,5.111111111111111,29.91358024691358,3.3794925925925927,1.3961123456790123,3.2962962962962963,6.37037037037037,12.91358024691358
game_156,switzerland,netherlands,3600.0,0,18,1.7052,0.9539,0,4,24,2.6894,0.7364999999999999,2,6,12,5,10,0,3.814814814814815,25.617283950617285,2.5134172839506173,1.0717617283950616,2.4814814814814814,7.3580246913580245,15.012345679012345,4.790123456790123,25.925925925925927,2.9606074074074074,1.256727160493827,2.9753086419753085,5.567901234567901,11.358024691358025
game_157,china,india,3600.02,5,29,3.3621999999999996,1.3166,4,2,24,2.0683,0.9317,1,4,8,4,8,1,4.679012345679013,26.25925925925926,3.1179604938271606,1.3898506172839507,2.9012345679012346,5.691358024691358,11.604938271604938,4.234567901234568,29.0,2.9292296296296296,1.2191555555555555,2.7160493827160495,5.604938271604938,11.407407407407407
game_158,saudi_arabia,morocco,3600.02,7,25,2.3729,1.209,4,0,29,2.7426,1.191,0,5,10,2,4,1,3.740740740740741,23.728395061728396,2.673972839506173,1.1964123456790123,2.3580246913580245,6.0,12.209876543209877,4.91358024691358,28.77777777777778,3.0464283950617284,1.2617246913580247,3.074074074074074,6.0246913580246915,12.17283950617284
game_159,mexico,rwanda,4078.56,5,29,2.8487,1.3252,4,6,24,2.2127,1.2541,3,5,10,9,20,1,4.271604938271605,28.987654320987655,3.223565432098765,1.3443987654320988,2.8641975308641974,7.296296296296297,14.703703703703704,4.012345679012346,25.950617283950617,2.7357617283950617,1.2509345679012347,2.45679012345679,8.160493827160494,16.617283950617285
game_16,thailand,france,3600.02,6,23,3.1379,1.6731,5,6,31,4.1225,1.2436,4,8,16,5,10,1,5.481481481481482,28.679012345679013,3.5999876543209877,1.501462962962963,3.567901234567901,7.0,14.308641975308642,4.481481481481482,27.395061728395063,3.24110987654321,1.32851975308642,2.925925925925926,5.444444444444445,11.061728395061728
game_160,uae,serbia,3600.01,4,26,2.4453,1.2477,2,2,22,2.0307,1.1787,1,4,10,4,8,1,3.8641975308641974,23.765432098765434,2.5796308641975307,1.1056567901234569,2.4691358024691357,5.962962962962963,12.395061728395062,5.135802469135802,30.037037037037038,3.398239506172839,1.4030024691358023,3.308641975308642,6.407407407407407,13.024691358024691
game_161,panama,pakistan,3600.02,6,26,3.2525,1.5416,3,6,22,2.4871,1.147,4,4,10,3,6,0,5.074074074074074,27.271604938271604,3.138304938271605,1.3431197530864196,3.111111111111111,5.518518518518518,11.296296296296296,5.012345679012346,30.061728395061728,3.484151851851852,1.4035962962962962,3.197530864197531,8.061728395061728,16.37037037037037
game_162,canada,ethiopia,3600.0,4,25,2.5682,1.2589000000000001,2,5,31,3.7757,1.3203,4,6,12,6,12,0,4.283950617283951,26.950617283950617,2.9452555555555557,1.2581666666666667,2.7160493827160495,5.91358024691358,12.08641975308642,4.91358024691358,26.679012345679013,2.909187654320988,1.2714703703703703,3.246913580246914,7.234567901234568,14.703703703703704
game_163,guatemala,philippines,3599.99,4,27,3.1435999999999997,1.1226,3,4,32,2.2884,0.8848,2,4,10,9,18,1,4.2592592592592595,28.925925925925927,3.117832098765432,1.262032098765432,2.814814814814815,6.703703703703703,13.604938271604938,3.7037037037037037,25.530864197530864,2.6086012345679013,1.137143209876543,2.419753086419753,5.345679012345679,10.901234567901234
game_164,germany,usa,3600.02,5,33,3.9229000000000003,1.8127,3,10,33,3.9954,1.3083,7,6,12,6,12,0,4.802469135802469,24.925925925925927,2.90350987654321,1.2670888888888887,3.0864197530864197,5.555555555555555,11.209876543209877,4.432098765432099,26.395061728395063,3.0049061728395063,1.304614814814815,2.876543209876543,7.728395061728395,15.765432098765432
game_165,brazil,oman,3600.02,3,28,4.1721,1.3555,2,2,28,2.5872,1.2816,1,5,10,10,20,1,5.209876543209877,26.34567901234568,3.312434567901235,1.4164716049382715,3.382716049382716,7.012345679012346,14.308641975308642,4.506172839506172,26.51851851851852,2.9919740740740743,1.3021925925925928,2.962962962962963,9.185185185185185,18.876543209876544
game_166,south_korea,indonesia,3600.03,4,23,2.2328,1.2018,3,10,33,3.4256,1.4127,7,8,16,1,2,0,5.382716049382716,30.08641975308642,3.180548148148148,1.3082592592592592,3.5185185185185186,7.987654320987654,16.45679012345679,4.111111111111111,26.234567901234566,2.6231456790123455,1.0763716049382717,2.6419753086419755,5.098765432098766,10.407407407407407
game_167,france,uk,3599.98,6,28,3.5366,1.2866,5,5,28,3.3006,1.3813,3,5,10,6,12,1,4.481481481481482,27.432098765432098,3.248343209876543,1.327988888888889,2.9135802469135803,5.444444444444445,11.061728395061728,4.851851851851852,27.703703703703702,3.3705172839506177,1.4328493827160493,2.9753086419753085,4.9753086419753085,10.135802469135802
game_168,thailand,iceland,3600.02,7,32,3.6693,1.4768999999999999,5,2,26,2.904,1.0077,1,8,18,4,8,1,5.469135802469136,28.567901234567902,3.593427160493827,1.503885185185185,3.567901234567901,7.0,14.283950617283951,4.493827160493828,25.28395061728395,2.8044246913580246,1.2996123456790125,2.925925925925926,7.160493827160494,14.790123456790123
game_169,new_zealand,switzerland,3600.02,4,18,2.5506,0.626,3,3,34,4.6888000000000005,1.2813999999999999,2,10,20,12,24,1,4.049382716049383,26.62962962962963,2.9470864197530866,1.2925432098765433,2.6666666666666665,6.753086419753086,13.777777777777779,3.7777777777777777,25.419753086419753,2.476582716049383,1.0677185185185185,2.45679012345679,7.283950617283951,14.864197530864198
game_17,philippines,peru,3599.98,2,29,2.9396,1.4098,1,0,20,2.1473,1.403,0,2,4,10,20,1,3.728395061728395,25.567901234567902,2.6005617283950615,1.1306617283950615,2.432098765432099,5.432098765432099,11.074074074074074,4.950617283950617,28.28395061728395,2.992624691358025,1.2682864197530863,3.1604938271604937,6.185185185185185,12.617283950617283
game_170,kazakhstan,vietnam,5731.77,3,45,5.7669,1.4592,2,2,27,3.031,1.357,1,6,12,11,22,1,3.740740740740741,23.962962962962962,2.5189925925925927,1.1043617283950617,2.3580246913580245,5.098765432098766,10.395061728395062,4.111111111111111,25.185185185185187,2.7499679012345677,1.196004938271605,2.740740740740741,6.827160493827161,14.197530864197532
game_171,singapore,mongolia,3775.89,5,27,3.6531000000000002,1.4295,3,7,36,3.3802,1.5239,4,4,8,9,18,0,4.925925925925926,27.925925925925927,3.1279950617283947,1.3005617283950617,3.111111111111111,7.209876543209877,14.716049382716049,3.617283950617284,24.469135802469136,2.274306172839506,0.9945172839506173,2.1604938271604937,6.481481481481482,13.222222222222221
game_172,peru,netherlands,4218.38,2,31,2.936,0.9292,1,4,23,2.3372,1.1591,2,9,21,6,12,0,4.925925925925926,28.14814814814815,2.9828876543209875,1.2741358024691358,3.1481481481481484,6.197530864197531,12.604938271604938,4.790123456790123,25.938271604938272,2.9649555555555556,1.25150987654321,2.9753086419753085,5.555555555555555,11.333333333333334
game_173,serbia,south_korea,3600.02,8,25,2.7184,1.4763,4,1,31,2.6442,1.3647,1,1,2,5,10,1,5.061728395061729,30.0,3.3897493827160496,1.3993283950617283,3.271604938271605,6.444444444444445,13.098765432098766,5.419753086419753,29.987654320987655,3.175469135802469,1.306248148148148,3.54320987654321,8.024691358024691,16.530864197530864
game_174,kazakhstan,saudi_arabia,3600.0,3,15,1.6976000000000002,0.602,2,2,21,2.4847,1.3746,1,2,4,6,12,1,3.740740740740741,24.333333333333332,2.569230864197531,1.1149444444444443,2.3580246913580245,5.148148148148148,10.493827160493828,3.802469135802469,23.77777777777778,2.6725925925925926,1.1943679012345678,2.3950617283950617,5.987654320987654,12.185185185185185
game_175,thailand,morocco,3600.02,7,30,3.2072,1.2625,6,1,24,2.2519,1.0048,1,11,22,4,8,1,5.469135802469136,28.59259259259259,3.599132098765432,1.506532098765432,3.5555555555555554,6.962962962962963,14.234567901234568,4.901234567901234,28.839506172839506,3.052486419753086,1.2640234567901234,3.0617283950617282,6.0,12.123456790123457
game_176,rwanda,peru,3600.0,3,20,2.1867,1.4592,2,7,33,3.5465999999999998,1.2422,4,12,24,5,10,0,4.049382716049383,26.0,2.736082716049383,1.2484024691358027,2.4691358024691357,8.123456790123457,16.567901234567902,4.864197530864198,28.123456790123456,2.9753493827160495,1.2702716049382716,3.111111111111111,6.246913580246914,12.74074074074074
game_177,pakistan,iceland,3600.0,0,24,2.8982,1.1743999999999999,0,7,20,2.3304,1.3685,5,9,18,10,20,0,5.08641975308642,30.037037037037038,3.4790765432098767,1.403258024691358,3.246913580246914,7.987654320987654,16.22222222222222,4.432098765432099,25.358024691358025,2.8115061728395063,1.295158024691358,2.876543209876543,7.08641975308642,14.641975308641975
game_178,panama,uk,4102.03,8,26,3.4339,1.0952,4,9,30,3.2557,1.7339,5,3,6,6,14,0,5.049382716049383,27.271604938271604,3.1360654320987655,1.3486308641975309,3.0987654320987654,5.530864197530864,11.345679012345679,4.802469135802469,27.679012345679013,3.3710716049382716,1.4284962962962962,2.950617283950617,4.9753086419753085,10.11111111111111
game_179,new_zealand,switzerland,3600.0099999999998,10,21,2.3417,1.0066,6,3,28,3.2215,1.1396,3,8,16,7,14,1,3.9753086419753085,26.59259259259259,2.949665432098765,1.2878444444444443,2.6296296296296298,6.777777777777778,13.82716049382716,3.7777777777777777,25.493827160493826,2.4946975308641974,1.069469135802469,2.4444444444444446,7.345679012345679,14.987654320987655
game_18,india,vietnam,3600.0,6,31,3.5978,1.3457000000000001,4,5,22,2.211,1.201,3,5,10,5,10,1,4.185185185185185,28.91358024691358,2.910346913580247,1.2140444444444445,2.6790123456790123,5.592592592592593,11.382716049382717,4.074074074074074,25.246913580246915,2.7600913580246913,1.197930864197531,2.7160493827160495,6.901234567901234,14.345679012345679
game_180,canada,china,3599.99,2,37,3.5139,1.4219,1,7,21,2.6961999999999997,1.3447,4,6,12,3,6,0,4.308641975308642,26.80246913580247,2.9335802469135803,1.2561543209876544,2.728395061728395,5.91358024691358,12.08641975308642,4.654320987654321,26.358024691358025,3.1261827160493825,1.3895037037037037,2.9012345679012346,5.703703703703703,11.62962962962963
game_181,vietnam,indonesia,3600.0,6,32,3.8434,1.9352,3,7,34,3.7832,1.1071,5,4,8,4,8,0,4.061728395061729,25.123456790123456,2.739938271604938,1.1888666666666667,2.7160493827160495,6.91358024691358,14.37037037037037,4.148148148148148,26.22222222222222,2.6187308641975307,1.0801444444444444,2.6666666666666665,5.061728395061729,10.333333333333334
game_182,philippines,germany,4405.67,4,31,3.1042,1.3218,2,6,31,3.8101,1.3863,3,10,20,5,10,0,3.7037037037037037,25.54320987654321,2.59852962962963,1.1317481481481482,2.419753086419753,5.333333333333333,10.876543209876543,4.790123456790123,24.950617283950617,2.9049024691358025,1.272353086419753,3.0864197530864197,5.567901234567901,11.234567901234568
game_183,brazil,ethiopia,3599.9900000000002,11,33,4.1467,1.9629,6,5,35,3.3205,1.1588,3,6,12,6,12,1,5.111111111111111,26.28395061728395,3.3127481481481484,1.4089728395061727,3.3333333333333335,7.0,14.283950617283951,4.91358024691358,26.62962962962963,2.9148074074074075,1.2734641975308643,3.259259259259259,7.234567901234568,14.703703703703704
game_184,usa,india,3599.98,7,24,2.5624000000000002,1.1682,4,4,26,2.9802,1.1955,3,9,20,8,16,1,4.469135802469136,26.506172839506174,3.0225975308641977,1.3063444444444445,2.9135802469135803,7.691358024691358,15.666666666666666,4.209876543209877,28.97530864197531,2.9179716049382716,1.215898765432099,2.691358024691358,5.555555555555555,11.308641975308642
game_185,oman,mongolia,3599.99,4,32,4.2196,1.8833,2,6,23,2.4951,0.8406,3,3,6,4,8,0,4.481481481481482,26.469135802469136,2.9718209876543216,1.2947641975308641,2.950617283950617,9.271604938271604,19.049382716049383,3.6296296296296298,24.62962962962963,2.2852333333333332,1.0029530864197531,2.1728395061728394,6.54320987654321,13.345679012345679
game_186,uae,guatemala,3664.7599999999998,5,27,2.9905,0.7124999999999999,3,3,35,3.8059000000000003,1.4201000000000001,2,7,17,9,18,1,3.8518518518518516,23.753086419753085,2.5729,1.112264197530864,2.45679012345679,5.925925925925926,12.308641975308642,4.271604938271605,28.82716049382716,3.1096555555555554,1.2583592592592592,2.8271604938271606,6.6419753086419755,13.506172839506172
game_187,netherlands,mexico,5502.47,5,27,2.9057,0.888,3,3,40,3.5212,1.5023,2,6,12,13,26,1,4.777777777777778,25.88888888888889,2.9579370370370373,1.2548567901234569,2.962962962962963,5.555555555555555,11.333333333333334,4.296296296296297,28.85185185185185,3.2152629629629623,1.3422123456790123,2.888888888888889,7.197530864197531,14.506172839506172
game_188,singapore,france,3599.99,3,25,3.5197000000000003,1.3801999999999999,2,2,25,2.9097,1.2568,1,7,14,7,14,1,4.950617283950617,27.950617283950617,3.1296419753086417,1.3011703703703703,3.123456790123457,7.172839506172839,14.641975308641975,4.530864197530864,27.469135802469136,3.256082716049383,1.3283567901234568,2.962962962962963,5.419753086419753,11.012345679012345
game_189,germany,thailand,3600.02,5,34,4.299799999999999,1.3584,3,8,29,3.9891,1.7445,4,8,18,10,20,0,4.802469135802469,24.91358024691358,2.8988567901234568,1.2726975308641975,3.0864197530864197,5.530864197530864,11.135802469135802,5.45679012345679,28.604938271604937,3.589479012345679,1.5005814814814815,3.580246913580247,6.9753086419753085,14.25925925925926
game_19,saudi_arabia,canada,3987.48,6,28,3.1115,1.0004,3,4,26,2.6092,1.0972,2,5,10,4,8,1,3.753086419753086,23.691358024691358,2.6648543209876543,1.1989876543209876,2.3703703703703702,6.0,12.209876543209877,4.283950617283951,26.938271604938272,2.94474938271605,1.260162962962963,2.7160493827160495,5.938271604938271,12.135802469135802
game_190,canada,oman,3600.0,3,24,3.2208,1.1431,3,7,28,3.4375,1.5571,4,4,8,7,14,0,4.296296296296297,26.962962962962962,2.937198765432099,1.2595962962962963,2.7037037037037037,5.938271604938271,12.135802469135802,4.444444444444445,26.51851851851852,2.981476543209877,1.2987913580246915,2.925925925925926,9.222222222222221,18.950617283950617
game_191,saudi_arabia,pakistan,3600.02,2,21,2.7008,0.8723,1,5,30,3.0368,1.2575,4,4,8,7,14,0,3.802469135802469,23.77777777777778,2.6699246913580246,1.200569135802469,2.3950617283950617,6.012345679012346,12.234567901234568,5.0246913580246915,29.962962962962962,3.477365432098765,1.4022320987654322,3.197530864197531,8.012345679012345,16.271604938271604
game_192,kazakhstan,serbia,3599.9900000000002,7,27,2.6997,1.1726,4,2,28,3.1984,1.0972,2,7,14,5,10,1,3.691358024691358,24.185185185185187,2.556859259259259,1.1078999999999999,2.3333333333333335,5.08641975308642,10.37037037037037,5.135802469135802,29.962962962962962,3.3838234567901235,1.4040086419753086,3.2962962962962963,6.395061728395062,13.0
game_193,rwanda,ethiopia,3599.99,6,27,3.2561,0.8278,3,5,23,2.8632,0.7887,4,4,8,12,24,0,4.012345679012346,25.91358024691358,2.72288024691358,1.2561975308641977,2.45679012345679,8.222222222222221,16.765432098765434,4.91358024691358,26.77777777777778,2.9204530864197533,1.2780333333333331,3.246913580246914,7.160493827160494,14.555555555555555
game_194,mongolia,singapore,3600.0,13,36,3.9680000000000004,0.9993000000000001,7,5,23,2.4184,1.1473,3,2,4,9,18,1,3.54320987654321,24.469135802469136,2.267049382716049,1.000993827160494,2.123456790123457,6.567901234567901,13.395061728395062,4.925925925925926,27.97530864197531,3.1432382716049383,1.3040456790123458,3.111111111111111,7.148148148148148,14.592592592592593
game_195,peru,indonesia,3599.9900000000002,2,25,2.6074,1.6048,2,2,25,2.6575,1.3353000000000002,3,8,16,5,10,0,4.925925925925926,28.22222222222222,2.986944444444444,1.265795061728395,3.1358024691358026,6.209876543209877,12.666666666666666,4.209876543209877,26.333333333333332,2.632628395061728,1.077327160493827,2.691358024691358,5.049382716049383,10.308641975308642
game_196,morocco,china,3599.98,2,28,2.3291,1.125,1,0,29,2.6563,1.5067,0,1,2,2,4,1,4.888888888888889,28.790123456790123,3.051533333333333,1.2625395061728395,3.0617283950617282,6.037037037037037,12.197530864197532,4.7407407407407405,26.25925925925926,3.1266753086419756,1.3875037037037037,2.950617283950617,5.716049382716049,11.654320987654321
game_197,panama,guatemala,3600.02,8,32,3.7024,1.5423,5,11,32,3.2145,1.1916,6,7,16,8,16,0,5.049382716049383,27.19753086419753,3.1327506172839503,1.3431111111111111,3.0864197530864197,5.481481481481482,11.222222222222221,4.172839506172839,28.864197530864196,3.116956790123457,1.2611802469135804,2.7777777777777777,6.654320987654321,13.530864197530864
game_198,india,usa,3600.01,4,28,3.2500999999999998,1.3237,2,0,15,1.538,1.1209,0,5,10,10,20,1,4.209876543209877,28.950617283950617,2.9146395061728394,1.214316049382716,2.7037037037037037,5.592592592592593,11.382716049382717,4.555555555555555,26.617283950617285,3.0352444444444444,1.3069283950617283,2.962962962962963,7.679012345679013,15.666666666666666
game_199,south_korea,philippines,6191.16,6,47,5.1832,1.9589,4,5,27,2.8085,1.0929,3,12,24,10,20,1,5.3580246913580245,29.790123456790123,3.144123456790123,1.2989123456790124,3.506172839506173,7.938271604938271,16.358024691358025,3.691358024691358,25.59259259259259,2.6021802469135804,1.134574074074074,2.4074074074074074,5.333333333333333,10.876543209876543
game_2,france,morocco,3797.73,4,31,3.4075,1.6992,3,4,27,3.0509,1.3916,2,9,18,6,12,1,4.506172839506172,27.395061728395063,3.2499370370370366,1.322895061728395,2.9382716049382718,5.395061728395062,10.962962962962964,4.864197530864198,28.80246913580247,3.042622222222222,1.2592481481481481,3.049382716049383,5.9753086419753085,12.074074074074074
game_20,germany,iceland,3600.0,7,27,2.9139,1.4265,5,7,26,3.0934,1.7836,4,4,8,7,14,1,4.777777777777778,25.0,2.9159666666666664,1.2718567901234568,3.0617283950617282,5.580246913580247,11.25925925925926,4.432098765432099,25.28395061728395,2.802086419753086,1.2900333333333334,2.888888888888889,7.1234567901234565,14.716049382716049
game_200,mexico,iceland,3600.03,5,34,4.2481,1.0474999999999999,4,3,19,1.7979,1.1143,2,2,4,11,22,1,4.271604938271605,28.925925925925927,3.2062888888888885,1.3478271604938272,2.8641975308641974,7.333333333333333,14.777777777777779,4.481481481481482,25.37037037037037,2.8180802469135804,1.2982962962962963,2.9135802469135803,7.074074074074074,14.617283950617283
game_201,switzerland,new_zealand,5047.27,7,38,3.7707,1.7954,4,5,44,4.9784999999999995,1.3034,3,13,28,6,12,1,3.728395061728395,25.37037037037037,2.487917283950617,1.0613728395061728,2.432098765432099,7.271604938271605,14.814814814814815,4.037037037037037,26.308641975308642,2.9171123456790125,1.2841802469135803,2.6666666666666665,6.802469135802469,13.876543209876543
game_202,netherlands,vietnam,3856.95,4,28,3.6823,1.8364,2,6,23,1.9585000000000001,1.0673,3,4,8,10,23,0,4.790123456790123,25.876543209876544,2.9483493827160494,1.2431481481481483,2.9753086419753085,5.580246913580247,11.382716049382717,4.061728395061729,25.234567901234566,2.763208641975309,1.1995814814814816,2.7160493827160495,6.839506172839506,14.185185185185185
game_203,switzerland,iceland,3600.0,0,20,2.2958000000000003,0.9483,0,2,24,2.4045,1.1536,1,4,8,9,18,0,3.814814814814815,25.59259259259259,2.5061259259259256,1.0718308641975307,2.4814814814814814,7.382716049382716,15.061728395061728,4.493827160493828,25.308641975308642,2.8105913580246913,1.2978111111111112,2.925925925925926,7.098765432098766,14.666666666666666
game_204,philippines,netherlands,3600.01,4,27,2.3075,1.2424,3,2,16,1.8174,1.3679,2,7,16,6,12,1,3.7037037037037037,25.59259259259259,2.6083654320987657,1.1327283950617282,2.4074074074074074,5.37037037037037,10.925925925925926,4.814814814814815,26.02469135802469,2.971372839506173,1.248932098765432,2.9753086419753085,5.555555555555555,11.333333333333334
game_205,china,uae,3599.98,4,24,2.4751,1.5857,2,0,23,2.4989,1.3199,0,7,14,6,12,1,4.691358024691358,26.320987654320987,3.128912345679012,1.3865283950617282,2.925925925925926,5.654320987654321,11.530864197530864,3.9135802469135803,23.80246913580247,2.578969135802469,1.1047654320987652,2.493827160493827,5.938271604938271,12.37037037037037
game_206,thailand,brazil,3600.0,6,33,3.7417999999999996,1.293,3,9,25,2.8873,1.2587,6,8,16,7,14,0,5.481481481481482,28.555555555555557,3.5925320987654317,1.5061555555555555,3.5925925925925926,7.0,14.308641975308642,5.135802469135802,26.382716049382715,3.3282962962962968,1.4176666666666666,3.3333333333333335,6.987654320987654,14.25925925925926
game_207,usa,india,3599.9700000000003,4,31,4.1051,1.5545,4,4,34,3.6565,1.2309,3,9,18,9,18,1,4.506172839506172,26.419753086419753,3.003551851851852,1.3015753086419752,2.9135802469135803,7.691358024691358,15.691358024691358,4.209876543209877,28.876543209876544,2.9096222222222226,1.2154617283950617,2.691358024691358,5.54320987654321,11.283950617283951
game_208,serbia,guatemala,3600.01,2,35,3.1249000000000002,1.4965,1,5,26,2.4396,1.1814,6,12,24,11,22,0,5.135802469135802,29.876543209876544,3.38473086419753,1.399079012345679,3.308641975308642,6.308641975308642,12.82716049382716,4.246913580246914,28.938271604938272,3.1265234567901232,1.2613061728395063,2.7777777777777777,6.617283950617284,13.45679012345679
game_209,india,usa,4236.81,7,28,2.9416,1.5029,5,5,32,3.3559,1.4495,4,9,18,7,14,1,4.172839506172839,28.950617283950617,2.918448148148148,1.2121037037037037,2.6666666666666665,5.54320987654321,11.283950617283951,4.493827160493828,26.40740740740741,3.012801234567901,1.3028716049382716,2.9135802469135803,7.716049382716049,15.74074074074074
game_21,serbia,pakistan,3599.98,7,27,3.1109,1.2524,5,1,29,2.8301,1.2152,1,4,8,6,12,1,5.074074074074074,29.97530864197531,3.3849037037037033,1.4020925925925927,3.259259259259259,6.407407407407407,13.024691358024691,5.074074074074074,29.97530864197531,3.4799172839506167,1.4027543209876545,3.234567901234568,8.024691358024691,16.296296296296298
game_210,germany,china,3600.01,3,19,2.3107,1.2589,2,6,30,3.8446000000000002,1.2746,3,3,6,9,18,0,4.827160493827161,25.098765432098766,2.9234135802469137,1.273925925925926,3.0987654320987654,5.592592592592593,11.283950617283951,4.666666666666667,26.246913580246915,3.1120049382716046,1.390369135802469,2.9135802469135803,5.62962962962963,11.481481481481481
game_211,peru,mexico,3600.0,2,24,2.2736,1.2097,1,3,21,2.0703,0.932,2,5,10,5,10,0,4.925925925925926,28.234567901234566,2.9910654320987655,1.2706728395061728,3.1481481481481484,6.246913580246914,12.74074074074074,4.296296296296297,29.08641975308642,3.233175308641975,1.3492530864197532,2.888888888888889,7.296296296296297,14.703703703703704
game_212,pakistan,uae,3599.98,5,29,2.9742,1.2301,4,0,19,1.9813,0.9006,0,10,20,7,14,1,5.0246913580246915,29.97530864197531,3.478138271604938,1.4025703703703705,3.197530864197531,7.9753086419753085,16.19753086419753,3.9135802469135803,23.85185185185185,2.5853592592592594,1.109941975308642,2.493827160493827,5.925925925925926,12.345679012345679
game_213,guatemala,netherlands,3600.0,8,25,2.3145,1.1009,4,0,30,2.505,1.2949,0,5,10,4,8,1,4.209876543209877,28.950617283950617,3.1280679012345676,1.2623,2.802469135802469,6.691358024691358,13.604938271604938,4.839506172839506,25.85185185185185,2.962883950617284,1.2498333333333334,3.0,5.580246913580247,11.382716049382717
game_214,france,thailand,3600.02,2,27,2.8247999999999998,1.3634,2,2,17,2.2197,1.654,1,4,8,8,16,1,4.530864197530864,27.444444444444443,3.257130864197531,1.3270407407407407,2.950617283950617,5.45679012345679,11.08641975308642,5.530864197530864,28.753086419753085,3.6113234567901236,1.5016987654320988,3.617283950617284,7.0,14.308641975308642
game_215,saudi_arabia,rwanda,3600.0,7,30,3.867,1.2346,4,2,26,2.7359,1.6653,2,5,12,10,20,1,3.740740740740741,23.666666666666668,2.6555271604938273,1.1960962962962962,2.3580246913580245,6.0,12.185185185185185,4.061728395061729,25.925925925925927,2.7293024691358028,1.245858024691358,2.4691358024691357,8.148148148148149,16.617283950617285
game_216,ethiopia,uk,3599.99,2,27,3.0923,1.1828,1,7,25,3.0854999999999997,1.5028000000000001,6,11,22,4,10,0,4.950617283950617,26.728395061728396,2.917624691358025,1.2731679012345678,3.2839506172839505,7.172839506172839,14.580246913580247,4.827160493827161,27.74074074074074,3.3731728395061724,1.4313493827160495,2.9382716049382718,5.0,10.160493827160494
game_217,kazakhstan,south_korea,3599.98,10,35,4.1695,0.9905999999999999,5,0,13,1.3887,0.8454999999999999,0,3,6,12,24,1,3.654320987654321,24.08641975308642,2.5387135802469136,1.1101469135802469,2.3209876543209877,5.135802469135802,10.469135802469136,5.432098765432099,30.209876543209877,3.1909691358024683,1.312658024691358,3.5555555555555554,7.938271604938271,16.358024691358025
game_218,oman,morocco,3769.04,9,30,3.3498,1.1678,6,9,32,3.2666999999999997,1.6362,5,9,18,6,12,1,4.419753086419753,26.493827160493826,2.9825592592592596,1.3035975308641976,2.9012345679012346,9.197530864197532,18.901234567901234,4.802469135802469,28.74074074074074,3.0399580246913582,1.2562283950617283,3.0123456790123457,5.9753086419753085,12.074074074074074
game_219,philippines,indonesia,4243.68,7,28,3.3724,1.3068,4,6,25,2.5261,1.3266,3,6,12,10,20,1,3.6666666666666665,25.580246913580247,2.595218518518519,1.1319333333333332,2.3950617283950617,5.382716049382716,10.975308641975309,4.160493827160494,26.333333333333332,2.6342506172839504,1.0774345679012345,2.691358024691358,4.987654320987654,10.185185185185185
game_22,ethiopia,mongolia,3600.02,4,28,3.0645,1.5945,2,1,24,2.0284999999999997,0.6315,1,4,8,5,10,1,4.925925925925926,26.71604938271605,2.917967901234568,1.268085185185185,3.271604938271605,7.2592592592592595,14.753086419753087,3.691358024691358,24.617283950617285,2.2909938271604937,1.0055345679012346,2.197530864197531,6.530864197530864,13.320987654320987
game_220,singapore,new_zealand,3600.01,9,35,4.9532,1.3302,6,2,30,3.2443999999999997,1.1632,1,8,16,11,22,1,4.8765432098765435,27.82716049382716,3.111944444444444,1.3017876543209876,3.074074074074074,7.160493827160494,14.617283950617283,4.074074074074074,26.48148148148148,2.938520987654321,1.285911111111111,2.691358024691358,6.7407407407407405,13.753086419753087
game_221,serbia,panama,3599.99,7,29,3.0437,1.5827,4,7,34,3.7805999999999997,1.6818,5,5,10,3,6,0,5.074074074074074,29.950617283950617,3.385733333333333,1.3980148148148148,3.271604938271605,6.395061728395062,13.0,5.061728395061729,27.17283950617284,3.1317851851851852,1.341388888888889,3.0864197530864197,5.530864197530864,11.345679012345679
game_222,canada,iceland,3600.0,5,34,3.9868,1.2016,3,10,32,3.55,1.2379,7,7,14,10,20,0,4.271604938271605,26.839506172839506,2.9277419753086424,1.258874074074074,2.7037037037037037,5.901234567901234,12.061728395061728,4.395061728395062,25.209876543209877,2.796449382716049,1.2967703703703706,2.8518518518518516,7.08641975308642,14.641975308641975
game_223,switzerland,vietnam,3600.01,0,27,3.4053,1.0855,1,0,22,2.1896,0.9281999999999999,0,4,8,7,14,1,3.814814814814815,25.506172839506174,2.492428395061728,1.070137037037037,2.4691358024691357,7.382716049382716,15.061728395061728,4.135802469135802,25.246913580246915,2.7603555555555555,1.2012987654320988,2.753086419753086,6.8765432098765435,14.296296296296296
game_224,mongolia,brazil,3600.0099999999998,6,32,2.9786,1.1781,3,6,15,2.1799,0.8393,4,13,26,7,14,0,3.6296296296296298,24.51851851851852,2.279264197530864,0.9987864197530865,2.1728395061728394,6.432098765432099,13.123456790123457,5.172839506172839,26.506172839506174,3.33702962962963,1.4228444444444444,3.3580246913580245,6.987654320987654,14.25925925925926
game_225,rwanda,saudi_arabia,3600.01,7,29,2.8146,1.3457,6,0,16,1.8239,0.7219,0,6,12,5,10,1,4.0,25.88888888888889,2.728330864197531,1.2498037037037037,2.419753086419753,8.197530864197532,16.71604938271605,3.8271604938271606,23.839506172839506,2.6807506172839504,1.2024259259259258,2.4074074074074074,6.0,12.209876543209877
game_226,germany,thailand,3600.0,4,28,2.9486,1.4997,3,8,28,3.6186,1.6582,4,4,8,5,10,0,4.814814814814815,24.987654320987655,2.9155382716049383,1.2709530864197531,3.0864197530864197,5.580246913580247,11.25925925925926,5.45679012345679,28.617283950617285,3.594053086419753,1.501646913580247,3.580246913580247,7.037037037037037,14.382716049382717
game_227,france,china,4306.19,0,30,3.4705,1.0457,1,4,24,2.6376999999999997,1.3811,2,2,4,9,22,0,4.555555555555555,27.40740740740741,3.249159259259259,1.3309629629629631,2.962962962962963,5.481481481481482,11.135802469135802,4.691358024691358,26.320987654320987,3.126904938271605,1.3890543209876542,2.925925925925926,5.62962962962963,11.432098765432098
game_228,ethiopia,pakistan,3931.03,4,34,3.9555,1.9263,2,4,36,3.7580999999999998,1.4396,3,9,18,16,32,0,4.925925925925926,26.641975308641975,2.906967901234568,1.2639888888888888,3.271604938271605,7.197530864197531,14.62962962962963,5.037037037037037,29.88888888888889,3.4684604938271604,1.399983950617284,3.2098765432098766,7.901234567901234,16.049382716049383
game_229,indonesia,brazil,3600.01,4,23,2.1241,0.9204,3,5,22,2.4152,1.4632,4,3,6,9,18,0,4.185185185185185,26.358024691358025,2.6392135802469134,1.0824493827160493,2.691358024691358,5.074074074074074,10.358024691358025,5.185185185185185,26.419753086419753,3.3341246913580247,1.4151419753086418,3.3580246913580245,6.962962962962963,14.209876543209877
game_23,uae,usa,3599.99,4,25,2.4256,1.1691,4,3,28,3.075,1.0078,3,8,16,7,14,1,3.8641975308641974,23.77777777777778,2.5798740740740738,1.1066271604938271,2.4444444444444446,5.91358024691358,12.320987654320987,4.518518518518518,26.45679012345679,3.016269135802469,1.3083246913580246,2.925925925925926,7.716049382716049,15.74074074074074
game_230,peru,uae,3600.02,0,33,3.652,1.6355,0,2,21,2.0852,1.1555,1,4,8,4,8,0,4.950617283950617,28.123456790123456,2.974048148148148,1.265416049382716,3.1604938271604937,6.2592592592592595,12.765432098765432,3.888888888888889,23.82716049382716,2.5840765432098767,1.106795061728395,2.4814814814814814,5.962962962962963,12.419753086419753
game_231,mexico,serbia,3848.52,3,35,3.9560999999999997,1.6442,2,2,36,3.231,1.2881,1,4,8,8,16,1,4.296296296296297,28.91358024691358,3.2098938271604935,1.3404604938271607,2.888888888888889,7.308641975308642,14.728395061728396,5.135802469135802,29.864197530864196,3.383420987654321,1.401651851851852,3.308641975308642,6.3580246913580245,12.925925925925926
game_232,new_zealand,india,3600.0,0,37,4.3979,1.77,0,1,19,1.8871,0.9655,2,4,8,8,16,0,4.098765432098766,26.395061728395063,2.9242802469135802,1.2784197530864199,2.7037037037037037,6.827160493827161,13.925925925925926,4.246913580246914,29.061728395061728,2.9314666666666667,1.2187382716049382,2.7037037037037037,5.555555555555555,11.308641975308642
game_233,canada,mongolia,3986.67,2,21,2.1998,1.2388,2,2,27,2.3226,0.998,1,6,12,4,8,1,4.308641975308642,27.0,2.949803703703704,1.2584148148148149,2.7160493827160495,5.91358024691358,12.08641975308642,3.6790123456790123,24.580246913580247,2.287362962962963,1.0010098765432098,2.197530864197531,6.54320987654321,13.345679012345679
game_234,netherlands,usa,3599.9900000000002,11,40,6.4725,1.2077,7,5,18,1.5973000000000002,0.9798,3,3,6,17,36,1,4.703703703703703,25.728395061728396,2.9139024691358024,1.2509098765432098,2.9135802469135803,5.592592592592593,11.407407407407407,4.493827160493828,26.580246913580247,3.0345123456790124,1.3086703703703704,2.925925925925926,7.592592592592593,15.469135802469136
game_235,singapore,kazakhstan,3600.01,7,27,3.0717,1.5701,5,4,34,3.2418,1.188,2,4,8,4,8,1,4.901234567901234,27.925925925925927,3.1351728395061724,1.298825925925926,3.0864197530864197,7.209876543209877,14.716049382716049,3.728395061728395,24.098765432098766,2.5501666666666667,1.1077098765432098,2.3580246913580245,5.1234567901234565,10.444444444444445
game_236,guatemala,vietnam,3600.0,4,20,2.4452,1.1323,2,6,28,2.5019,1.0843,3,6,12,5,10,0,4.2592592592592595,29.012345679012345,3.126454320987654,1.2619123456790124,2.8271604938271606,6.679012345679013,13.580246913580247,4.061728395061729,25.17283950617284,2.7565,1.1993716049382717,2.7160493827160495,6.901234567901234,14.345679012345679
game_237,iceland,south_korea,3599.9900000000002,11,37,5.439,1.5763,8,4,18,1.6396,1.1647,2,3,6,16,37,1,4.382716049382716,25.14814814814815,2.7731283950617285,1.2925925925925927,2.8395061728395063,7.172839506172839,14.814814814814815,5.382716049382716,30.14814814814815,3.187871604938272,1.3087172839506174,3.5308641975308643,7.888888888888889,16.19753086419753
game_238,philippines,panama,3790.83,8,23,2.0289,1.3321,5,6,35,4.2474,1.6251,6,7,14,0,0,0,3.654320987654321,25.641975308641975,2.611804938271605,1.1316209876543208,2.382716049382716,5.37037037037037,10.950617283950617,5.074074074074074,27.160493827160494,3.1260222222222223,1.3420888888888889,3.074074074074074,5.567901234567901,11.419753086419753
game_239,morocco,oman,3600.0,8,31,3.5059,1.1503999999999999,4,0,23,1.8033000000000001,1.0856999999999999,0,4,8,6,12,1,4.814814814814815,28.753086419753085,3.037004938271605,1.2622259259259259,3.0246913580246915,6.0,12.123456790123457,4.530864197530864,26.580246913580247,3.001651851851852,1.3046111111111112,2.9753086419753085,9.234567901234568,18.97530864197531
game_24,oman,new_zealand,3600.0,2,21,2.3993,1.4046999999999998,2,1,26,3.5362,1.4042,1,10,20,7,14,1,4.506172839506172,26.604938271604937,2.9942938271604937,1.3006728395061729,2.950617283950617,9.185185185185185,18.876543209876544,4.08641975308642,26.530864197530864,2.9349185185185185,1.2829358024691357,2.691358024691358,6.790123456790123,13.851851851851851
game_240,switzerland,uk,3599.98,3,24,2.4679,1.16,2,0,23,2.7894,1.4231,0,6,12,4,8,1,3.7777777777777777,25.54320987654321,2.5040012345679012,1.0692172839506173,2.45679012345679,7.3580246913580245,15.012345679012345,4.91358024691358,27.765432098765434,3.3768283950617284,1.4323333333333332,3.0123456790123457,5.0,10.185185185185185
game_241,india,france,3600.0,6,30,3.3458,1.4572,4,4,31,3.0723000000000003,1.762,2,2,4,7,14,1,4.185185185185185,28.925925925925927,2.913458024691358,1.212667901234568,2.6790123456790123,5.62962962962963,11.45679012345679,4.506172839506172,27.395061728395063,3.2540753086419754,1.3221197530864197,2.950617283950617,5.419753086419753,11.012345679012345
game_242,china,philippines,3600.0099999999998,7,32,3.8232,1.5004,4,0,20,1.7106,1.0239,0,3,6,6,12,1,4.654320987654321,26.22222222222222,3.112269135802469,1.3875814814814813,2.9012345679012346,5.703703703703703,11.62962962962963,3.753086419753086,25.679012345679013,2.6157345679012347,1.1354259259259258,2.4444444444444446,5.382716049382716,10.975308641975309
game_243,new_zealand,peru,3599.99,0,19,1.8833,1.1067,0,8,24,2.6502,1.4617,4,7,14,4,8,0,4.098765432098766,26.617283950617285,2.9553246913580247,1.2866086419753087,2.7037037037037037,6.790123456790123,13.851851851851851,4.851851851851852,28.234567901234566,2.986416049382716,1.2675617283950618,3.111111111111111,6.2592592592592595,12.765432098765432
game_244,saudi_arabia,vietnam,4353.6,0,21,2.5715,1.5284,0,2,29,3.0850999999999997,1.2215,1,8,16,7,14,0,3.8271604938271606,23.77777777777778,2.671520987654321,1.192469135802469,2.4074074074074074,5.962962962962963,12.135802469135802,4.111111111111111,25.160493827160494,2.7493,1.1976777777777778,2.740740740740741,6.8765432098765435,14.296296296296296
game_245,morocco,netherlands,3764.71,6,37,3.6181,1.6376,5,5,32,3.1845,1.094,4,3,6,5,10,1,4.839506172839506,28.679012345679013,3.0356197530864195,1.256211111111111,3.0123456790123457,6.012345679012346,12.148148148148149,4.777777777777778,25.82716049382716,2.954495061728395,1.2523135802469136,2.950617283950617,5.567901234567901,11.358024691358025
game_246,rwanda,south_korea,3600.0,3,23,2.7139,1.5604,2,6,30,3.8026,1.2292,3,10,20,5,10,0,4.049382716049383,25.962962962962962,2.7295740740740744,1.247153086419753,2.4691358024691357,8.148148148148149,16.617283950617285,5.3580246913580245,30.0,3.1611679012345677,1.307920987654321,3.5185185185185186,8.024691358024691,16.530864197530864
game_247,iceland,ethiopia,3599.98,0,32,3.1789,1.3247,0,4,23,2.213,1.1612,3,5,10,4,8,0,4.518518518518518,25.209876543209877,2.801030864197531,1.2956987654320988,2.9382716049382718,7.148148148148148,14.765432098765432,4.925925925925926,26.77777777777778,2.9284802469135807,1.2734345679012347,3.259259259259259,7.2592592592592595,14.753086419753087
game_248,uk,switzerland,3600.0,10,30,3.7244,1.5792,5,2,19,1.6054,1.0921,1,4,8,8,16,1,4.790123456790123,27.679012345679013,3.365285185185185,1.430406172839506,2.950617283950617,5.0,10.185185185185185,3.7901234567901234,25.604938271604937,2.5146493827160494,1.0700555555555555,2.4691358024691357,7.333333333333333,14.962962962962964
game_249,pakistan,mongolia,3600.0,10,29,3.3201,1.6341999999999999,5,0,19,1.5301,0.7173,0,6,12,9,20,1,4.962962962962963,29.97530864197531,3.4738679012345672,1.3975814814814815,3.185185185185185,8.024691358024691,16.296296296296298,3.7037037037037037,24.679012345679013,2.2971469135802467,1.0044753086419755,2.2098765432098766,6.481481481481482,13.197530864197532
game_25,brazil,uk,3600.0,0,18,2.3157,1.5137,1,0,32,3.3295,1.5965,0,4,8,2,4,1,5.246913580246914,26.469135802469136,3.3353530864197536,1.4145185185185185,3.3950617283950617,7.0246913580246915,14.333333333333334,4.91358024691358,27.65432098765432,3.3701604938271608,1.4301925925925925,3.0123456790123457,5.0246913580246915,10.234567901234568
game_250,thailand,serbia,3600.04,3,37,4.1261,1.4612,3,2,25,2.7911,1.3535,1,6,12,7,14,1,5.518518518518518,28.506172839506174,3.5877876543209872,1.504079012345679,3.5925925925925926,7.0246913580246915,14.358024691358025,5.135802469135802,30.0,3.388851851851851,1.4008444444444446,3.308641975308642,6.37037037037037,12.950617283950617
game_251,panama,usa,3599.99,7,23,2.9585,1.4997,6,2,15,1.9467999999999999,0.5979,1,8,16,6,12,1,5.061728395061729,27.308641975308642,3.1419345679012345,1.343637037037037,3.074074074074074,5.469135802469136,11.222222222222221,4.530864197530864,26.617283950617285,3.0301975308641973,1.3133851851851852,2.950617283950617,7.728395061728395,15.765432098765432
game_252,brazil,guatemala,3599.99,4,31,3.373,1.0833,3,4,22,2.0723,0.9602999999999999,2,9,18,9,18,1,5.197530864197531,26.308641975308642,3.3223000000000003,1.419832098765432,3.3703703703703702,6.962962962962963,14.209876543209877,4.2592592592592595,28.987654320987655,3.1310580246913577,1.2640358024691358,2.8271604938271606,6.6419753086419755,13.506172839506172
game_253,mexico,indonesia,3600.0,2,26,2.8215,1.6669,1,5,22,2.2965999999999998,0.8561,3,6,12,2,4,0,4.308641975308642,29.02469135802469,3.223901234567901,1.3401802469135804,2.9012345679012346,7.283950617283951,14.679012345679013,4.172839506172839,26.37037037037037,2.6370839506172836,1.0832432098765432,2.691358024691358,5.08641975308642,10.382716049382717
game_254,uae,singapore,3599.9900000000002,1,25,3.2648,1.2885,1,6,21,2.3744,0.8445,4,7,14,12,24,0,3.9012345679012346,23.77777777777778,2.5695135802469133,1.105153086419753,2.4814814814814814,5.925925925925926,12.345679012345679,4.91358024691358,28.0,3.143781481481481,1.3077839506172841,3.0987654320987654,7.111111111111111,14.518518518518519
game_255,oman,kazakhstan,6137.96,7,36,4.5285,1.6667,4,4,30,3.6954,1.1942,3,16,32,10,22,1,4.444444444444445,26.419753086419753,2.9680074074074074,1.2974382716049382,2.925925925925926,9.11111111111111,18.728395061728396,3.728395061728395,24.14814814814815,2.544566666666667,1.1076333333333332,2.345679012345679,5.049382716049383,10.271604938271604
game_256,canada,germany,3996.9100000000003,4,19,2.324,1.0521,2,5,15,1.6838,1.3034,3,3,9,5,10,0,4.283950617283951,27.02469135802469,2.9482703703703703,1.2607197530864198,2.7160493827160495,5.950617283950617,12.123456790123457,4.802469135802469,25.14814814814815,2.9311530864197533,1.2733765432098765,3.0864197530864197,5.567901234567901,11.234567901234568
game_257,rwanda,morocco,3599.99,10,26,2.838,0.9025000000000001,5,5,35,3.2036,1.6252,3,10,20,7,14,1,3.962962962962963,25.925925925925927,2.728041975308642,1.2552753086419752,2.432098765432099,8.148148148148149,16.617283950617285,4.851851851851852,28.703703703703702,3.040737037037037,1.2563641975308641,3.037037037037037,5.962962962962963,12.049382716049383
game_258,peru,vietnam,3600.01,6,23,2.5224,1.0274,4,0,16,1.345,1.0119,0,3,6,7,14,1,4.8765432098765435,28.246913580246915,2.9879938271604938,1.2729234567901233,3.111111111111111,6.271604938271605,12.790123456790123,4.135802469135802,25.320987654320987,2.770782716049383,1.2002654320987656,2.753086419753086,6.8765432098765435,14.296296296296296
game_259,thailand,mongolia,3599.9900000000002,2,21,3.267,1.1425,1,3,22,2.3616,0.9125,2,10,22,10,20,0,5.530864197530864,28.703703703703702,3.5983938271604936,1.5080135802469137,3.617283950617284,6.9753086419753085,14.234567901234568,3.6666666666666665,24.641975308641975,2.286881481481481,1.0020654320987656,2.185185185185185,6.469135802469136,13.197530864197532
game_26,guatemala,rwanda,3600.0,1,27,3.1877,1.6198000000000001,3,2,25,2.5611,1.1383,1,9,18,11,25,1,4.296296296296297,28.925925925925927,3.1172876543209873,1.2558938271604938,2.814814814814815,6.6419753086419755,13.506172839506172,4.061728395061729,25.938271604938272,2.7314604938271607,1.2523641975308644,2.4814814814814814,8.135802469135802,16.555555555555557
game_260,iceland,usa,3642.07,4,22,2.643,1.2428,2,5,36,3.4806999999999997,1.4366,3,7,14,8,16,0,4.469135802469136,25.333333333333332,2.8076469135802467,1.29670987654321,2.9135802469135803,7.1234567901234565,14.716049382716049,4.493827160493828,26.358024691358025,3.01126049382716,1.303030864197531,2.925925925925926,7.703703703703703,15.716049382716049
game_261,saudi_arabia,ethiopia,3600.0099999999998,3,27,3.1295,1.2247,3,1,29,2.8939,1.5239,2,6,12,10,20,1,3.7901234567901234,23.703703703703702,2.664632098765432,1.1962185185185186,2.3703703703703702,5.987654320987654,12.185185185185185,4.962962962962963,26.703703703703702,2.920074074074074,1.2689567901234569,3.271604938271605,7.185185185185185,14.604938271604938
game_262,indonesia,china,4758.51,4,40,3.8886000000000003,1.0066,2,5,31,3.7605000000000004,1.7048999999999999,3,5,12,11,22,0,4.185185185185185,26.14814814814815,2.6174296296296298,1.081385185185185,2.7037037037037037,5.049382716049383,10.283950617283951,4.679012345679013,26.234567901234566,3.113043209876543,1.3850567901234567,2.9135802469135803,5.604938271604938,11.432098765432098
game_263,uk,mexico,3599.9700000000003,8,29,3.144,1.3783,5,2,39,4.4326,1.5331,2,4,8,5,10,1,4.814814814814815,27.691358024691358,3.3724506172839503,1.4328864197530864,2.950617283950617,5.0,10.185185185185185,4.308641975308642,28.864197530864196,3.204011111111111,1.3418320987654322,2.888888888888889,7.296296296296297,14.703703703703704
game_264,kazakhstan,india,3600.01,4,26,2.3061,1.3746,2,6,24,2.5155000000000003,1.1816,3,7,14,2,4,0,3.728395061728395,24.19753086419753,2.5617185185185187,1.1054061728395062,2.3580246913580245,5.08641975308642,10.37037037037037,4.185185185185185,29.0,2.923708641975309,1.2160703703703704,2.691358024691358,5.62962962962963,11.45679012345679
game_265,france,south_korea,3686.75,4,26,3.0114,1.754,4,3,21,2.5624000000000002,1.1528,3,6,12,4,8,1,4.506172839506172,27.45679012345679,3.2548271604938273,1.3222185185185185,2.925925925925926,5.432098765432099,11.037037037037036,5.395061728395062,30.11111111111111,3.1764790123456783,1.3088641975308641,3.5185185185185186,8.037037037037036,16.555555555555557
game_266,guatemala,oman,4190.32,6,29,3.3118,1.6058000000000001,4,4,34,3.5897,1.388,3,10,20,11,22,1,4.234567901234568,28.901234567901234,3.1157555555555554,1.2560666666666667,2.802469135802469,6.62962962962963,13.481481481481481,4.481481481481482,26.444444444444443,2.979597530864198,1.300879012345679,2.9382716049382718,9.17283950617284,18.85185185185185
game_267,pakistan,germany,3599.9900000000002,5,25,3.1545,1.3288,3,0,20,2.4274,1.3535,1,6,12,7,14,1,5.0246913580246915,30.02469135802469,3.475912345679012,1.401351851851852,3.2098765432098766,8.024691358024691,16.296296296296298,4.864197530864198,25.08641975308642,2.921972839506173,1.2727580246913581,3.111111111111111,5.54320987654321,11.185185185185185
game_268,panama,new_zealand,3788.91,3,24,2.6637,1.5648,2,1,28,3.0373,1.1638,1,3,6,6,12,1,5.111111111111111,27.296296296296298,3.145574074074074,1.3428333333333333,3.123456790123457,5.530864197530864,11.345679012345679,4.08641975308642,26.506172839506174,2.941077777777778,1.2859037037037038,2.691358024691358,6.802469135802469,13.876543209876543
game_269,canada,philippines,3600.0,0,23,2.464,1.3169,0,2,27,2.7747,1.3053,1,5,10,6,12,0,4.333333333333333,26.97530864197531,2.946541975308642,1.2574506172839506,2.740740740740741,5.925925925925926,12.11111111111111,3.728395061728395,25.59259259259259,2.6025975308641978,1.1319518518518517,2.432098765432099,5.382716049382716,10.975308641975309
game_27,kazakhstan,morocco,3934.84,12,28,2.5223,1.1887,6,7,24,2.4802,1.5005,5,6,12,10,22,1,3.6296296296296298,24.17283950617284,2.5590493827160494,1.1077012345679011,2.308641975308642,5.098765432098766,10.395061728395062,4.827160493827161,28.839506172839506,3.0496679012345678,1.2579037037037035,3.0123456790123457,5.925925925925926,11.950617283950617
game_270,brazil,serbia,3600.0,2,27,3.0917000000000003,1.7964,3,2,29,3.8097999999999996,1.1464,1,11,22,4,8,1,5.222222222222222,26.358024691358025,3.325772839506173,1.4110283950617282,3.3703703703703702,6.938271604938271,14.160493827160494,5.135802469135802,29.950617283950617,3.3762753086419752,1.4034012345679012,3.308641975308642,6.407407407407407,13.024691358024691
game_271,singapore,switzerland,3600.0,11,35,4.5704,0.9934000000000001,8,4,31,3.1473,1.2314,2,8,16,10,20,1,4.851851851851852,27.82716049382716,3.11667037037037,1.3059456790123458,3.049382716049383,7.160493827160494,14.617283950617283,3.765432098765432,25.45679012345679,2.4956135802469137,1.0683358024691358,2.45679012345679,7.308641975308642,14.91358024691358
game_272,uae,netherlands,4449.28,3,30,3.0571,1.0603,2,2,26,2.6323,1.4278,1,8,19,11,22,1,3.876543209876543,23.71604938271605,2.572077777777778,1.1079703703703703,2.4691358024691357,5.91358024691358,12.283950617283951,4.814814814814815,25.901234567901234,2.9613123456790125,1.2481925925925925,2.9876543209876543,5.493827160493828,11.209876543209877
game_273,thailand,new_zealand,3599.9900000000002,5,22,3.1774,1.586,5,4,30,3.0252,1.2787000000000002,3,4,8,10,20,1,5.493827160493828,28.691358024691358,3.5995000000000004,1.5025382716049382,3.567901234567901,7.049382716049383,14.407407407407407,4.049382716049383,26.48148148148148,2.941227160493827,1.2844851851851853,2.6666666666666665,6.753086419753086,13.777777777777779
game_274,morocco,kazakhstan,3600.0,5,27,3.2594000000000003,1.5817,4,4,26,2.2093,1.0,3,6,12,6,12,1,4.851851851851852,28.80246913580247,3.040048148148148,1.2569012345679011,3.0246913580246915,5.9753086419753085,12.074074074074074,3.728395061728395,24.19753086419753,2.5629135802469136,1.1100308641975307,2.345679012345679,5.098765432098766,10.395061728395062
game_275,rwanda,ethiopia,3600.03,1,32,3.5613,1.4943,2,7,27,3.0189000000000004,1.1778,5,8,16,10,20,0,4.074074074074074,25.85185185185185,2.7191123456790125,1.2479691358024692,2.4691358024691357,8.17283950617284,16.666666666666668,4.888888888888889,26.728395061728396,2.918530864197531,1.2732296296296295,3.234567901234568,7.185185185185185,14.604938271604938
game_276,uae,saudi_arabia,3733.66,2,20,2.12,0.9265,1,4,22,2.0069,1.2194,2,6,15,5,10,0,3.888888888888889,23.839506172839506,2.583646913580247,1.109622222222222,2.4814814814814814,5.938271604938271,12.333333333333334,3.7777777777777777,23.765432098765434,2.6784913580246914,1.196283950617284,2.382716049382716,6.0,12.209876543209877
game_277,pakistan,france,3599.98,4,24,3.2012,1.2834,2,2,19,2.3317,0.8458,3,7,14,6,15,0,5.037037037037037,30.037037037037038,3.475335802469136,1.4019123456790124,3.2222222222222223,8.012345679012345,16.271604938271604,4.530864197530864,27.54320987654321,3.2632185185185185,1.333430864197531,2.9382716049382718,5.432098765432099,11.0
game_278,switzerland,singapore,4580.7,6,34,3.2851,1.3216,3,3,31,3.0572,1.2725,2,8,16,10,20,1,3.740740740740741,25.419753086419753,2.4939123456790124,1.067222222222222,2.4444444444444446,7.333333333333333,14.962962962962964,4.950617283950617,27.876543209876544,3.1353518518518517,1.3025000000000002,3.123456790123457,7.135802469135802,14.567901234567902
game_279,peru,iceland,3600.0099999999998,11,28,3.4101,1.5964,6,2,30,3.3434,1.1537,3,7,14,9,18,1,4.814814814814815,28.185185185185187,2.9770345679012347,1.2658987654320986,3.0864197530864197,6.222222222222222,12.691358024691358,4.493827160493828,25.234567901234566,2.799,1.29780987654321,2.9012345679012346,7.098765432098766,14.666666666666666
game_28,switzerland,indonesia,4154.53,6,30,2.4529,1.2171,3,8,20,1.9003,0.7462,4,5,10,3,6,0,3.740740740740741,25.469135802469136,2.5041864197530863,1.0685123456790122,2.4444444444444446,7.37037037037037,15.037037037037036,4.135802469135802,26.395061728395063,2.6419765432098767,1.0846,2.6790123456790123,5.074074074074074,10.358024691358025
game_280,oman,south_korea,4036.3,9,30,3.6117,1.293,5,7,33,3.2446,1.2929,4,6,12,13,26,1,4.419753086419753,26.493827160493826,2.979325925925926,1.3020518518518518,2.9135802469135803,9.234567901234568,18.97530864197531,5.345679012345679,29.962962962962962,3.1680567901234564,1.3071345679012345,3.506172839506173,7.925925925925926,16.333333333333332
game_281,china,mongolia,3600.0,0,22,2.8176,1.5853000000000002,0,2,27,2.2573,0.9430000000000001,1,6,12,7,14,0,4.7407407407407405,26.34567901234568,3.124683950617284,1.3865333333333332,2.950617283950617,5.666666666666667,11.555555555555555,3.6790123456790123,24.580246913580247,2.288169135802469,1.001688888888889,2.197530864197531,6.506172839506172,13.271604938271604
game_282,guatemala,brazil,4504.47,5,34,3.1683,0.8671,3,2,40,4.3628,1.535,2,7,14,6,12,1,4.246913580246914,28.839506172839506,3.117527160493827,1.2651864197530864,2.814814814814815,6.666666666666667,13.555555555555555,5.222222222222222,26.19753086419753,3.310080246913581,1.4142555555555556,3.382716049382716,7.0,14.283950617283951
game_283,philippines,vietnam,3600.02,0,18,1.8754,0.9991,0,7,28,2.9801,1.0577,4,7,14,5,10,0,3.753086419753086,25.703703703703702,2.6137,1.135732098765432,2.4444444444444446,5.37037037037037,10.950617283950617,4.049382716049383,25.17283950617284,2.7505962962962967,1.1997,2.7037037037037037,6.901234567901234,14.345679012345679
game_284,mexico,serbia,3600.0099999999998,1,32,3.2704,1.2318,1,10,37,3.6952,1.0578,5,6,14,5,10,0,4.320987654320987,28.950617283950617,3.218359259259259,1.3455518518518519,2.9012345679012346,7.283950617283951,14.654320987654321,5.037037037037037,29.85185185185185,3.37769012345679,1.4044950617283951,3.259259259259259,6.395061728395062,13.0
game_285,canada,usa,3716.35,8,37,4.1659999999999995,1.4817,5,7,26,2.9464,1.2838,4,3,6,5,10,1,4.234567901234568,26.80246913580247,2.92552962962963,1.255416049382716,2.6790123456790123,5.950617283950617,12.160493827160494,4.469135802469136,26.48148148148148,3.0178567901234565,1.3049172839506173,2.9135802469135803,7.7407407407407405,15.790123456790123
game_286,netherlands,indonesia,3599.99,1,16,1.6891,1.2173,1,0,19,1.7716,0.8027,0,7,14,5,10,1,4.827160493827161,26.02469135802469,2.972956790123457,1.2507913580246914,2.9876543209876543,5.54320987654321,11.308641975308642,4.234567901234568,26.40740740740741,2.6435654320987654,1.0839024691358023,2.728395061728395,5.049382716049383,10.308641975308642
game_287,panama,india,3600.0,6,26,2.5187,1.2993,3,4,31,3.1611,1.7767,2,5,10,3,6,1,5.074074074074074,27.271604938271604,3.147364197530864,1.346111111111111,3.111111111111111,5.506172839506172,11.296296296296296,4.209876543209877,28.91358024691358,2.9157382716049383,1.2087234567901235,2.7037037037037037,5.617283950617284,11.432098765432098
game_288,uk,germany,3599.98,13,27,3.6304,1.4331,7,4,13,1.3323,0.7343999999999999,2,1,2,4,8,1,4.753086419753086,27.71604938271605,3.3664456790123456,1.4322098765432099,2.925925925925926,5.037037037037037,10.25925925925926,4.814814814814815,25.17283950617284,2.9354925925925928,1.2804012345679012,3.0987654320987654,5.580246913580247,11.25925925925926
game_289,rwanda,brazil,3823.4300000000003,9,43,4.4714,1.8694,5,11,26,3.3545,1.2976,6,7,17,6,12,0,3.9753086419753085,25.71604938271605,2.707876543209877,1.2433382716049384,2.432098765432099,8.185185185185185,16.65432098765432,5.111111111111111,26.37037037037037,3.322528395061729,1.4171864197530863,3.3333333333333335,7.0,14.283950617283951
game_29,netherlands,singapore,3600.01,5,36,4.2118,1.6563,4,4,25,2.5566,1.111,2,8,16,6,12,1,4.777777777777778,25.77777777777778,2.941812345679012,1.2453716049382717,2.950617283950617,5.530864197530864,11.283950617283951,4.938271604938271,27.950617283950617,3.1415320987654316,1.3044938271604938,3.123456790123457,7.185185185185185,14.666666666666666
game_290,saudi_arabia,mexico,3600.0,4,25,2.6489,1.1203,2,4,34,3.891,1.304,3,7,14,5,10,0,3.7777777777777777,23.728395061728396,2.6705654320987655,1.1975074074074072,2.382716049382716,5.9753086419753085,12.160493827160494,4.283950617283951,28.925925925925927,3.210697530864197,1.3446604938271605,2.876543209876543,7.296296296296297,14.703703703703704
game_291,philippines,guatemala,3599.99,1,26,2.1111,0.9600000000000001,1,0,32,3.7931,1.8086,0,8,16,5,10,1,3.740740740740741,25.604938271604937,2.6107901234567903,1.1362148148148148,2.432098765432099,5.3580246913580245,10.925925925925926,4.308641975308642,28.864197530864196,3.109813580246913,1.253562962962963,2.8518518518518516,6.691358024691358,13.604938271604938
game_292,china,indonesia,3600.0,2,28,3.5907,1.6415,1,6,32,2.5376,1.2065,3,8,16,6,12,0,4.716049382716049,26.271604938271604,3.1151395061728397,1.3858395061728395,2.9382716049382718,5.6419753086419755,11.506172839506172,4.160493827160494,26.246913580246915,2.6341086419753084,1.0789172839506171,2.691358024691358,5.037037037037037,10.283950617283951
game_293,france,india,3600.0,0,21,2.0599,0.8122,0,3,22,3.0215,0.9701,3,8,16,5,10,0,4.555555555555555,27.51851851851852,3.266574074074074,1.3338456790123456,2.9753086419753085,5.407407407407407,10.987654320987655,4.222222222222222,29.02469135802469,2.917461728395062,1.2186814814814815,2.691358024691358,5.592592592592593,11.382716049382717
game_294,south_korea,serbia,3599.99,0,31,2.9377999999999997,1.3714,1,5,37,4.9805,1.2987,4,12,24,5,10,0,5.432098765432099,29.987654320987655,3.1718444444444445,1.3061654320987655,3.54320987654321,7.938271604938271,16.358024691358025,5.098765432098766,29.85185185185185,3.361822222222222,1.401520987654321,3.271604938271605,6.395061728395062,13.0
game_295,ethiopia,mongolia,3600.0,7,27,2.729,1.2748,5,1,19,1.3734,0.643,1,5,10,6,12,1,4.888888888888889,26.728395061728396,2.92210987654321,1.272032098765432,3.234567901234568,7.246913580246914,14.728395061728396,3.691358024691358,24.679012345679013,2.2990814814814815,1.0053925925925926,2.197530864197531,6.518518518518518,13.296296296296296
game_296,panama,oman,3609.89,7,33,4.2234,1.6162,4,6,30,3.5795,1.6757,3,5,10,9,18,1,5.061728395061729,27.185185185185187,3.1263185185185183,1.3421987654320986,3.0987654320987654,5.506172839506172,11.296296296296296,4.45679012345679,26.493827160493826,2.979723456790124,1.2973271604938272,2.9382716049382718,9.197530864197532,18.901234567901234
game_297,singapore,morocco,4330.15,6,32,3.265,1.5785,5,6,43,4.9094999999999995,1.3765,4,10,20,5,10,1,4.91358024691358,27.864197530864196,3.1327864197530864,1.2987222222222223,3.0864197530864197,7.135802469135802,14.567901234567902,4.839506172839506,28.604938271604937,3.019676543209876,1.2594345679012344,3.0246913580246915,5.987654320987654,12.098765432098766
game_298,peru,uk,3886.87,5,27,3.0616,1.5613,3,2,29,2.9609,1.3642,2,6,12,6,12,1,4.888888888888889,28.19753086419753,2.9813370370370373,1.266332098765432,3.123456790123457,6.234567901234568,12.716049382716049,4.888888888888889,27.691358024691358,3.3747111111111114,1.4330604938271605,2.9876543209876543,4.9753086419753085,10.135802469135802
game_299,canada,netherlands,3599.9900000000002,2,26,2.9596,1.1713,1,7,26,3.6623,1.1053,5,12,24,7,17,0,4.308641975308642,26.938271604938272,2.9404234567901235,1.2592481481481481,2.728395061728395,5.839506172839506,11.938271604938272,4.753086419753086,25.901234567901234,2.9485962962962966,1.252174074074074,2.9382716049382718,5.54320987654321,11.271604938271604
game_3,peru,iceland,5323.38,6,42,4.8049,1.4067,4,6,26,2.3901000000000003,1.1577,3,6,12,12,24,1,4.8765432098765435,28.012345679012345,2.959814814814815,1.2682407407407406,3.111111111111111,6.234567901234568,12.716049382716049,4.444444444444445,25.28395061728395,2.8107691358024693,1.2977604938271605,2.9012345679012346,7.061728395061729,14.592592592592593
game_30,mexico,south_korea,3600.0,4,32,4.0512,1.3799,3,4,22,2.2328,1.332,2,7,14,10,22,1,4.283950617283951,28.950617283950617,3.2087197530864198,1.3437234567901235,2.876543209876543,7.271604938271605,14.654320987654321,5.382716049382716,30.098765432098766,3.180548148148148,1.306651851851852,3.5308641975308643,7.962962962962963,16.382716049382715
game_300,new_zealand,usa,3599.9900000000002,6,32,3.6523,1.5962,5,0,24,2.692,1.3282,0,5,13,7,17,1,4.0246913580246915,26.45679012345679,2.933485185185185,1.2805654320987656,2.6419753086419755,6.814814814814815,13.864197530864198,4.555555555555555,26.506172839506174,3.0209975308641974,1.3043691358024692,2.962962962962963,7.716049382716049,15.703703703703704
game_301,iceland,switzerland,3796.73,3,29,2.8726,1.3259,2,2,28,2.2574,1.1284,1,6,12,5,10,1,4.481481481481482,25.246913580246915,2.804812345679012,1.295683950617284,2.9135802469135803,7.135802469135802,14.74074074074074,3.7901234567901234,25.493827160493826,2.5066,1.0696074074074073,2.4691358024691357,7.37037037037037,15.037037037037036
game_302,thailand,germany,3600.0,3,21,2.763,1.4787,2,6,24,2.5771,1.2404,4,10,20,4,8,0,5.518518518518518,28.703703703703702,3.604616049382716,1.503862962962963,3.6049382716049383,6.9753086419753085,14.25925925925926,4.790123456790123,25.037037037037038,2.9201246913580245,1.2741543209876545,3.074074074074074,5.580246913580247,11.25925925925926
game_303,vietnam,pakistan,3968.52,5,29,3.7083999999999997,1.3479,4,5,27,3.3357,1.641,3,5,10,13,26,1,4.074074074074074,25.160493827160494,2.741604938271605,1.1961172839506173,2.7037037037037037,6.901234567901234,14.345679012345679,5.0246913580246915,30.0,3.4736753086419756,1.3974975308641975,3.2098765432098766,7.938271604938271,16.123456790123456
game_304,uae,kazakhstan,3600.0,0,18,1.9653999999999998,1.1176,0,2,15,1.3655000000000002,0.8227,1,6,12,3,6,0,3.9135802469135803,23.864197530864196,2.5855555555555556,1.107262962962963,2.493827160493827,5.938271604938271,12.37037037037037,3.753086419753086,24.333333333333332,2.573330864197531,1.1122197530864197,2.3703703703703702,5.135802469135802,10.469135802469136
game_305,kazakhstan,uae,3599.9900000000002,4,30,2.6772,1.0275,3,10,27,3.2803,1.4765,6,10,20,6,14,0,3.728395061728395,24.14814814814815,2.5571370370370374,1.1096913580246912,2.345679012345679,5.049382716049383,10.296296296296296,3.7901234567901234,23.753086419753085,2.569322222222222,1.102832098765432,2.419753086419753,5.938271604938271,12.345679012345679
game_306,vietnam,oman,3600.02,7,23,2.5566,1.1899,4,5,29,3.4582,1.2554,3,3,6,5,10,1,4.049382716049383,25.234567901234566,2.7558246913580247,1.198067901234568,2.7037037037037037,6.925925925925926,14.395061728395062,4.469135802469136,26.506172839506174,2.981220987654321,1.3025160493827161,2.9382716049382718,9.246913580246913,19.0
game_307,panama,singapore,3600.01,12,41,6.2626,1.9858,8,5,28,3.064,1.1262,3,8,16,12,24,1,5.0,27.08641975308642,3.1011432098765432,1.3376358024691357,3.049382716049383,5.469135802469136,11.222222222222221,4.925925925925926,27.91358024691358,3.1352679012345677,1.3043061728395062,3.111111111111111,7.111111111111111,14.518518518518519
game_308,canada,indonesia,3600.0099999999998,0,20,2.0789,1.5977000000000001,0,0,30,2.7591,1.1261999999999999,1,6,12,1,2,0,4.333333333333333,27.012345679012345,2.9512962962962965,1.2539839506172838,2.740740740740741,5.91358024691358,12.08641975308642,4.234567901234568,26.271604938271604,2.631374074074074,1.0799086419753086,2.7160493827160495,5.098765432098766,10.407407407407407
game_309,saudi_arabia,new_zealand,3599.9900000000002,7,24,2.9937,1.2507,5,1,26,2.3918,0.9846,1,1,2,8,16,1,3.740740740740741,23.74074074074074,2.666308641975309,1.1958975308641975,2.345679012345679,6.049382716049383,12.308641975308642,4.08641975308642,26.530864197530864,2.949046913580247,1.2881160493827162,2.691358024691358,6.777777777777778,13.82716049382716
game_31,uk,thailand,3600.02,7,22,2.7761,0.8578,4,2,25,2.9684999999999997,1.6351,1,3,6,8,18,1,4.827160493827161,27.77777777777778,3.3769925925925928,1.4393123456790122,2.962962962962963,5.012345679012346,10.209876543209877,5.530864197530864,28.65432098765432,3.602079012345679,1.501932098765432,3.617283950617284,7.0,14.283950617283951
game_310,switzerland,south_korea,3599.97,4,24,2.3479,1.2624,2,5,25,3.1815,0.8572,3,10,20,4,8,0,3.765432098765432,25.54320987654321,2.5054827160493827,1.067953086419753,2.45679012345679,7.308641975308642,14.91358024691358,5.37037037037037,30.061728395061728,3.168835802469135,1.3125135802469134,3.5185185185185186,8.037037037037036,16.555555555555557
game_311,netherlands,france,3600.0,0,15,1.6994,1.251,0,2,22,2.1021,1.1271,2,3,8,4,8,0,4.839506172839506,26.037037037037038,2.9728296296296297,1.2503753086419753,3.0,5.592592592592593,11.382716049382717,4.530864197530864,27.506172839506174,3.266053086419753,1.329958024691358,2.950617283950617,5.45679012345679,11.08641975308642
game_312,ethiopia,guatemala,3600.0099999999998,5,31,2.8534,1.0582,3,4,32,3.2926,1.5043,2,5,10,8,16,1,4.91358024691358,26.679012345679013,2.920574074074074,1.2747061728395062,3.259259259259259,7.246913580246914,14.728395061728396,4.2592592592592595,28.864197530864196,3.1159925925925926,1.2573197530864197,2.8271604938271606,6.654320987654321,13.530864197530864
game_313,germany,brazil,3600.0,3,19,1.7247999999999999,1.0164,2,11,30,3.8768,1.8073000000000001,6,8,16,5,10,0,4.827160493827161,25.098765432098766,2.9306469135802473,1.2769197530864196,3.0987654320987654,5.530864197530864,11.160493827160494,5.111111111111111,26.320987654320987,3.3160802469135806,1.4108938271604938,3.3333333333333335,7.012345679012346,14.308641975308642
game_314,uk,peru,4207.38,4,29,3.8296,1.0622,2,2,37,4.2378,1.112,3,6,12,9,18,0,4.864197530864198,27.691358024691358,3.363986419753086,1.436788888888889,2.9876543209876543,4.9753086419753085,10.135802469135802,4.925925925925926,28.074074074074073,2.9668160493827163,1.271879012345679,3.123456790123457,6.197530864197531,12.641975308641975
game_315,india,mexico,4593.96,4,34,2.897,1.1802,2,2,32,3.401,1.2729,1,6,12,8,16,1,4.209876543209877,28.876543209876544,2.918998765432099,1.2160876543209878,2.7037037037037037,5.580246913580247,11.358024691358025,4.308641975308642,28.950617283950617,3.2167469135802467,1.3450444444444445,2.9012345679012346,7.2592592592592595,14.62962962962963
game_316,thailand,serbia,3600.0099999999998,7,30,3.2055,1.4533,5,6,33,4.0761,1.7587,4,7,14,5,10,1,5.469135802469136,28.59259259259259,3.5991530864197534,1.5041765432098766,3.567901234567901,7.012345679012346,14.333333333333334,5.08641975308642,29.901234567901234,3.3729876543209873,1.395841975308642,3.271604938271605,6.395061728395062,13.0
game_317,saudi_arabia,indonesia,6196.82,3,35,3.7575000000000003,1.6302,2,2,37,4.2124999999999995,1.0047,1,13,29,9,18,1,3.7901234567901234,23.604938271604937,2.656879012345679,1.1912123456790122,2.382716049382716,5.901234567901234,11.975308641975309,4.209876543209877,26.185185185185187,2.6134308641975306,1.0814086419753086,2.7160493827160495,5.0,10.209876543209877
game_318,india,uk,3600.01,8,38,3.8836,1.3487,6,5,24,2.511,1.2895,3,2,4,4,8,1,4.160493827160494,28.82716049382716,2.9068185185185187,1.2140074074074074,2.654320987654321,5.62962962962963,11.45679012345679,4.851851851851852,27.753086419753085,3.3802654320987653,1.4339827160493825,2.9753086419753085,5.0,10.185185185185185
game_319,rwanda,france,3600.0,6,24,2.4854000000000003,1.2953,3,0,29,3.5354,1.3061,0,10,20,4,8,1,4.012345679012346,25.950617283950617,2.732395061728395,1.250425925925926,2.45679012345679,8.148148148148149,16.617283950617285,4.555555555555555,27.419753086419753,3.2483580246913584,1.3277481481481481,2.9753086419753085,5.45679012345679,11.08641975308642
game_32,pakistan,new_zealand,3600.0,9,39,5.3972,1.3613,6,6,16,1.702,1.0034,3,3,6,9,18,1,4.9753086419753085,29.85185185185185,3.448224691358025,1.4009506172839508,3.1728395061728394,8.061728395061728,16.37037037037037,4.0246913580246915,26.65432098765432,2.957562962962963,1.287883950617284,2.6666666666666665,6.765432098765432,13.802469135802468
game_320,germany,south_korea,3600.01,6,29,3.2492,1.3951,5,7,21,2.5202999999999998,1.5110999999999999,4,3,6,6,12,1,4.790123456790123,24.97530864197531,2.9118271604938273,1.2722444444444445,3.0617283950617282,5.592592592592593,11.283950617283951,5.345679012345679,30.11111111111111,3.1769987654320984,1.3044407407407408,3.506172839506173,8.012345679012345,16.506172839506174
game_321,kazakhstan,china,3600.0,1,25,2.364,0.9633,1,3,17,1.9755,0.7927,2,2,4,5,10,0,3.765432098765432,24.209876543209877,2.5610037037037037,1.1104839506172839,2.3703703703703702,5.148148148148148,10.493827160493828,4.703703703703703,26.40740740740741,3.13508024691358,1.3963185185185185,2.925925925925926,5.679012345679013,11.580246913580247
game_322,ethiopia,iceland,3863.12,3,27,2.9888,1.3288,3,3,25,2.4332,1.2238,2,7,14,9,18,1,4.938271604938271,26.728395061728396,2.9189024691358028,1.2713654320987653,3.259259259259259,7.222222222222222,14.679012345679013,4.481481481481482,25.296296296296298,2.810237037037037,1.2969444444444445,2.9135802469135803,7.098765432098766,14.666666666666666
game_323,oman,pakistan,3600.0099999999998,4,25,2.9782,0.8358000000000001,3,7,43,5.744199999999999,1.9375,5,14,33,7,14,0,4.481481481481482,26.555555555555557,2.987146913580247,1.3076962962962964,2.9382716049382718,9.135802469135802,18.71604938271605,5.0,29.80246913580247,3.4439407407407407,1.393837037037037,3.185185185185185,8.012345679012345,16.271604938271604
game_324,netherlands,new_zealand,3600.02,4,27,2.7296,1.432,2,3,26,2.3725,1.1081999999999999,3,7,17,5,10,0,4.790123456790123,25.88888888888889,2.9601111111111114,1.2481407407407408,2.9753086419753085,5.54320987654321,11.271604938271604,4.061728395061729,26.530864197530864,2.949285185185185,1.2865901234567902,2.6666666666666665,6.814814814814815,13.901234567901234
game_325,philippines,panama,3600.01,2,30,3.3605,1.4439,1,4,29,2.5903,1.1091,2,1,2,5,12,0,3.728395061728395,25.555555555555557,2.5953654320987654,1.1302407407407407,2.432098765432099,5.444444444444445,11.098765432098766,5.098765432098766,27.234567901234566,3.1464802469135797,1.3484592592592592,3.123456790123457,5.506172839506172,11.271604938271604
game_326,usa,vietnam,3971.29,4,23,2.8922,1.4498,2,6,22,2.1642,1.1627,3,8,19,7,14,0,4.506172839506172,26.51851851851852,3.0185259259259256,1.302867901234568,2.9382716049382718,7.703703703703703,15.679012345679013,4.061728395061729,25.246913580246915,2.7606691358024693,1.1984037037037036,2.7160493827160495,6.8765432098765435,14.296296296296296
game_327,brazil,mexico,3600.0099999999998,2,26,2.8517,1.3128,1,7,23,2.2670999999999997,0.762,4,5,10,7,14,0,5.222222222222222,26.37037037037037,3.328735802469136,1.4169987654320988,3.3950617283950617,7.012345679012346,14.308641975308642,4.246913580246914,29.061728395061728,3.230745679012345,1.351351851851852,2.8641975308641974,7.271604938271605,14.654320987654321
game_328,morocco,guatemala,3715.32,4,25,2.1125,0.9911,3,6,36,3.4834,1.2625,4,9,18,8,16,0,4.864197530864198,28.82716049382716,3.0542074074074073,1.2641925925925925,3.037037037037037,5.938271604938271,12.0,4.234567901234568,28.814814814814813,3.113637037037037,1.260304938271605,2.802469135802469,6.654320987654321,13.530864197530864
game_329,canada,mongolia,3600.0,6,31,3.6536999999999997,1.3988,4,0,14,1.3021,0.7051000000000001,0,5,10,7,14,1,4.2592592592592595,26.876543209876544,2.9318543209876546,1.2564395061728395,2.691358024691358,5.925925925925926,12.11111111111111,3.7037037037037037,24.74074074074074,2.2999617283950617,1.004625925925926,2.2098765432098766,6.506172839506172,13.271604938271604
game_33,oman,ethiopia,3600.0,4,28,3.0274,1.198,2,2,23,3.0988,1.5798,1,15,30,9,18,1,4.481481481481482,26.51851851851852,2.9865395061728397,1.3032246913580248,2.950617283950617,9.123456790123457,18.753086419753085,4.950617283950617,26.77777777777778,2.9175444444444443,1.2682666666666667,3.2839506172839505,7.197530864197531,14.62962962962963
game_330,uae,singapore,3600.0,0,22,2.3442,1.1722,0,6,24,2.6271999999999998,0.8328,3,6,12,6,12,0,3.9135802469135803,23.814814814814813,2.580879012345679,1.1065888888888888,2.493827160493827,5.938271604938271,12.37037037037037,4.91358024691358,27.962962962962962,3.1406604938271605,1.3079283950617284,3.111111111111111,7.185185185185185,14.666666666666666
game_331,saudi_arabia,france,3600.0,6,20,2.2813,1.329,3,2,20,2.1004,1.3037,1,8,16,8,16,1,3.753086419753086,23.790123456790123,2.6751037037037038,1.194930864197531,2.3703703703703702,5.962962962962963,12.135802469135802,4.530864197530864,27.530864197530864,3.266074074074074,1.3277777777777777,2.962962962962963,5.407407407407407,10.987654320987655
game_332,usa,serbia,3599.98,10,35,3.7286,1.5981,6,3,34,4.042,1.8146,4,11,22,6,12,1,4.432098765432099,26.37037037037037,3.0082,1.301037037037037,2.888888888888889,7.666666666666667,15.641975308641975,5.1234567901234565,29.88888888888889,3.373408641975309,1.3951518518518518,3.271604938271605,6.382716049382716,12.975308641975309
game_333,mongolia,vietnam,3600.0,4,24,2.3004,0.883,2,6,24,2.6189,1.2686,3,8,19,6,12,0,3.654320987654321,24.617283950617285,2.287637037037037,1.0024296296296298,2.185185185185185,6.493827160493828,13.209876543209877,4.061728395061729,25.22222222222222,2.755055555555556,1.1970962962962963,2.7160493827160495,6.888888888888889,14.320987654320987
game_334,india,peru,3599.99,2,40,4.6717,1.201,1,6,18,1.4968,0.8687,5,2,4,9,18,0,4.234567901234568,28.80246913580247,2.8970888888888893,1.215830864197531,2.7160493827160495,5.62962962962963,11.45679012345679,4.8765432098765435,28.308641975308642,3.0006555555555554,1.2748827160493825,3.0987654320987654,6.197530864197531,12.641975308641975
game_335,south_korea,rwanda,3600.02,10,32,4.0564,1.2118,6,2,20,2.1498,1.2864,1,6,12,10,20,1,5.308641975308642,29.97530864197531,3.1580345679012343,1.3081358024691359,3.4814814814814814,8.012345679012345,16.506172839506174,4.061728395061729,26.0,2.7365382716049385,1.2505358024691358,2.4814814814814814,8.148148148148149,16.617283950617285
game_336,ethiopia,mexico,4208.38,8,31,3.8587,1.6617,5,7,30,3.6055,1.3848,4,6,12,6,14,1,4.8765432098765435,26.679012345679013,2.908162962962963,1.2672555555555556,3.234567901234568,7.234567901234568,14.703703703703704,4.246913580246914,28.97530864197531,3.214222222222222,1.343662962962963,2.8641975308641974,7.283950617283951,14.654320987654321
game_337,uae,panama,4739.13,3,23,2.2121,1.0178,2,4,39,4.2981,1.0032,3,8,16,4,8,0,3.876543209876543,23.80246913580247,2.58250987654321,1.108495061728395,2.4691358024691357,5.91358024691358,12.320987654320987,5.098765432098766,27.11111111111111,3.1253962962962962,1.3497666666666666,3.111111111111111,5.518518518518518,11.320987654320987
game_338,indonesia,philippines,3599.99,2,23,2.038,0.8603,1,9,25,2.5016,1.1127,6,5,10,5,10,0,4.209876543209877,26.358024691358025,2.6402765432098763,1.0831913580246915,2.7160493827160495,5.049382716049383,10.308641975308642,3.6419753086419755,25.617283950617285,2.6059691358024692,1.1343296296296295,2.3703703703703702,5.395061728395062,11.0
game_339,brazil,switzerland,5347.85,4,32,4.0999,1.2206000000000001,3,2,36,2.9881,0.9439000000000001,2,6,12,12,24,1,5.197530864197531,26.296296296296298,3.3133259259259265,1.418137037037037,3.3703703703703702,7.0,14.283950617283951,3.7901234567901234,25.395061728395063,2.497579012345679,1.0718851851851852,2.45679012345679,7.283950617283951,14.864197530864198
game_34,iceland,saudi_arabia,3599.99,5,30,3.4536,1.345,3,3,26,2.6107,1.3762,4,5,10,7,14,0,4.45679012345679,25.234567901234566,2.7976395061728394,1.2954481481481483,2.9012345679012346,7.148148148148148,14.765432098765432,3.7901234567901234,23.71604938271605,2.6710370370370367,1.1943481481481482,2.3580246913580245,5.9753086419753085,12.160493827160494
game_340,guatemala,china,3600.0299999999997,10,31,3.1043,1.5623,6,0,22,2.0647,1.2534,0,3,6,6,12,1,4.185185185185185,28.876543209876544,3.118317283950617,1.256603703703704,2.7777777777777777,6.716049382716049,13.654320987654321,4.7407407407407405,26.34567901234568,3.133979012345679,1.390630864197531,2.950617283950617,5.666666666666667,11.555555555555555
game_341,oman,netherlands,3600.0,0,27,2.7592,1.0588,0,4,16,1.6392,1.1627,2,3,6,3,6,0,4.530864197530864,26.530864197530864,2.9898506172839507,1.3049432098765432,2.9753086419753085,9.271604938271604,19.049382716049383,4.790123456790123,26.02469135802469,2.973572839506173,1.2514654320987655,2.9753086419753085,5.592592592592593,11.407407407407407
game_342,morocco,iceland,3599.99,2,27,3.3988,0.9887,3,8,23,2.0473,1.2211,4,3,6,7,14,0,4.888888888888889,28.80246913580247,3.0383271604938273,1.2642222222222221,3.037037037037037,6.012345679012346,12.148148148148149,4.419753086419753,25.320987654320987,2.815001234567901,1.2969777777777778,2.888888888888889,7.1234567901234565,14.716049382716049
game_343,pakistan,thailand,3620.4,8,31,3.6174999999999997,1.2354,4,4,27,3.1484,1.6872,3,8,16,8,16,1,4.987654320987654,29.950617283950617,3.470196296296296,1.402504938271605,3.197530864197531,8.0,16.246913580246915,5.506172839506172,28.62962962962963,3.599858024691358,1.501288888888889,3.5925925925925926,7.0,14.308641975308642
game_344,new_zealand,singapore,4682.24,4,39,4.2036999999999995,1.5996,3,4,34,3.6412,1.8852,2,6,12,8,16,1,4.049382716049383,26.37037037037037,2.926677777777778,1.2805234567901236,2.6666666666666665,6.802469135802469,13.876543209876543,4.938271604938271,27.839506172839506,3.1281419753086417,1.294935802469136,3.123456790123457,7.160493827160494,14.617283950617283
game_345,germany,uk,3600.0299999999997,8,25,2.9541,1.5234,4,2,23,2.7475,1.7519,1,4,8,4,8,1,4.765432098765432,25.02469135802469,2.9154703703703704,1.2706604938271606,3.074074074074074,5.580246913580247,11.25925925925926,4.888888888888889,27.765432098765434,3.3773456790123455,1.428274074074074,3.0,5.0,10.185185185185185
game_346,guatemala,saudi_arabia,3599.98,0,31,3.6294,1.4089,0,4,22,2.1673999999999998,0.7917,2,7,14,4,8,0,4.308641975308642,28.876543209876544,3.1118345679012345,1.2584975308641975,2.8518518518518516,6.666666666666667,13.555555555555555,3.7777777777777777,23.765432098765434,2.67650987654321,1.201564197530864,2.382716049382716,6.012345679012346,12.234567901234568
game_347,serbia,vietnam,5830.06,7,47,5.7572,1.7816,4,4,48,4.6318,1.6063,3,10,23,7,16,1,5.074074074074074,29.728395061728396,3.352233333333333,1.3955592592592594,3.271604938271605,6.333333333333333,12.839506172839506,4.08641975308642,24.925925925925927,2.730204938271605,1.1929271604938272,2.7160493827160495,6.8765432098765435,14.271604938271604
game_348,thailand,philippines,3600.0,6,24,2.768,1.5006,5,0,24,2.0236,1.0615,0,5,12,3,6,1,5.481481481481482,28.666666666666668,3.6045543209876545,1.5035925925925926,3.567901234567901,7.037037037037037,14.358024691358025,3.753086419753086,25.62962962962963,2.6118703703703705,1.1349617283950617,2.4444444444444446,5.419753086419753,11.049382716049383
game_349,rwanda,india,3599.98,3,24,2.4186,1.5135,2,4,20,1.482,0.8547,3,3,6,2,4,0,4.049382716049383,25.950617283950617,2.73321975308642,1.2477320987654323,2.4691358024691357,8.234567901234568,16.790123456790123,4.209876543209877,29.049382716049383,2.9364679012345682,1.2201061728395062,2.691358024691358,5.62962962962963,11.45679012345679
game_35,france,morocco,6678.61,7,43,4.2088,1.6105,4,10,57,6.3128,1.4574,5,9,18,5,10,0,4.469135802469136,27.246913580246915,3.2400444444444445,1.3239901234567901,2.925925925925926,5.395061728395062,10.962962962962964,4.790123456790123,28.432098765432098,3.0023518518518517,1.2584358024691356,3.0123456790123457,5.987654320987654,12.098765432098766
game_350,morocco,pakistan,4371.17,12,30,3.7706,1.6796,7,11,31,3.0878,1.2996,6,5,10,13,26,1,4.765432098765432,28.765432098765434,3.033737037037037,1.2556925925925926,2.9876543209876543,5.987654320987654,12.098765432098766,4.950617283950617,29.950617283950617,3.4767358024691353,1.4017123456790124,3.1728395061728394,7.938271604938271,16.123456790123456
game_351,south_korea,panama,3600.02,4,24,2.3984,1.3373,3,8,25,3.1760999999999995,1.0061,5,6,15,3,6,0,5.382716049382716,30.074074074074073,3.178503703703704,1.3065864197530865,3.5185185185185186,8.012345679012345,16.469135802469136,5.049382716049383,27.28395061728395,3.1392481481481482,1.3497308641975307,3.0864197530864197,5.530864197530864,11.345679012345679
game_352,new_zealand,iceland,3599.98,0,33,3.7617999999999996,1.6268,0,3,21,2.5393,1.2023,2,5,10,9,20,0,4.098765432098766,26.444444444444443,2.9321333333333333,1.2801876543209876,2.7037037037037037,6.814814814814815,13.901234567901234,4.481481481481482,25.34567901234568,2.8089271604938273,1.29720987654321,2.9135802469135803,7.098765432098766,14.641975308641975
game_353,germany,mongolia,3599.9900000000002,8,41,5.0524000000000004,1.39,5,6,19,1.7792999999999999,0.9319,4,5,10,9,18,1,4.765432098765432,24.82716049382716,2.8895654320987654,1.2723074074074074,3.0617283950617282,5.567901234567901,11.234567901234568,3.6296296296296298,24.679012345679013,2.29407037037037,1.0018259259259261,2.1604938271604937,6.481481481481482,13.222222222222221
game_354,netherlands,ethiopia,3600.01,7,26,3.6414999999999997,1.399,4,1,18,1.5316,0.9902,1,4,8,10,20,1,4.753086419753086,25.901234567901234,2.9488530864197533,1.2485481481481482,2.950617283950617,5.580246913580247,11.382716049382717,4.962962962962963,26.839506172839506,2.9368925925925926,1.2755456790123456,3.2839506172839505,7.185185185185185,14.604938271604938
game_355,singapore,oman,3600.01,12,44,6.4507,2.1779,6,7,25,3.0676,1.4673,4,10,20,15,32,1,4.839506172839506,27.71604938271605,3.093456790123456,1.2913222222222223,3.074074074074074,7.135802469135802,14.567901234567902,4.444444444444445,26.555555555555557,2.9860432098765433,1.2999,2.925925925925926,9.123456790123457,18.728395061728396
game_356,uk,china,3600.01,2,21,2.3346,1.5276,2,6,28,3.5646999999999998,1.1320000000000001,3,6,12,3,6,0,4.888888888888889,27.790123456790123,3.382443209876543,1.431043209876543,2.9876543209876543,4.9753086419753085,10.135802469135802,4.666666666666667,26.271604938271604,3.1154604938271606,1.3921296296296295,2.9135802469135803,5.703703703703703,11.62962962962963
game_357,canada,switzerland,3599.98,2,22,2.3814,0.8421000000000001,1,7,34,4.6299,1.2748,5,13,26,9,18,0,4.308641975308642,26.987654320987655,2.947561728395062,1.2633123456790123,2.728395061728395,5.827160493827161,11.91358024691358,3.728395061728395,25.419753086419753,2.47730987654321,1.0678,2.419753086419753,7.320987654320987,14.938271604938272
game_358,france,indonesia,3599.99,10,28,3.5861,1.5002,5,8,14,1.3691,1.0995,4,8,16,5,13,1,4.432098765432099,27.432098765432098,3.2477320987654323,1.325351851851852,2.9135802469135803,5.407407407407407,10.987654320987655,4.135802469135802,26.469135802469136,2.648534567901234,1.0802382716049381,2.6790123456790123,5.049382716049383,10.271604938271604
game_359,peru,kazakhstan,3599.99,6,26,3.1633,1.1925,5,7,20,1.8034,1.3577,4,5,10,7,14,1,4.8765432098765435,28.209876543209877,2.9800814814814816,1.2708851851851852,3.0987654320987654,6.246913580246914,12.74074074074074,3.691358024691358,24.271604938271604,2.5679246913580247,1.1056148148148148,2.3333333333333335,5.08641975308642,10.37037037037037
game_36,indonesia,peru,3600.01,4,17,1.8014000000000001,1.3562,2,5,25,2.4469,1.608,3,5,10,5,12,0,4.185185185185185,26.432098765432098,2.6431975308641973,1.077069135802469,2.7037037037037037,5.049382716049383,10.308641975308642,4.888888888888889,28.22222222222222,2.988925925925926,1.2657555555555555,3.123456790123457,6.246913580246914,12.716049382716049
game_360,mexico,usa,3599.9900000000002,2,39,4.5264999999999995,1.8094999999999999,1,3,15,1.3728000000000002,0.7662,2,7,14,5,12,0,4.308641975308642,28.864197530864196,3.2028518518518516,1.33841975308642,2.9012345679012346,7.271604938271605,14.654320987654321,4.518518518518518,26.617283950617285,3.0372839506172835,1.3113074074074074,2.9382716049382718,7.7407407407407405,15.765432098765432
game_361,brazil,uae,3599.98,10,39,5.3846,1.3211,8,3,15,1.3464,0.7764,2,6,12,10,20,1,5.1234567901234565,26.209876543209877,3.297465432098766,1.416896296296296,3.308641975308642,7.0,14.283950617283951,3.876543209876543,23.901234567901234,2.5931975308641975,1.1114753086419753,2.4691358024691357,5.888888888888889,12.271604938271604
game_362,saudi_arabia,guatemala,3599.9900000000002,4,20,2.0295,0.9874,2,4,26,2.4648000000000003,0.8411,3,4,8,4,8,0,3.7777777777777777,23.790123456790123,2.678212345679012,1.199148148148148,2.382716049382716,6.012345679012346,12.234567901234568,4.2592592592592595,28.938271604938272,3.1262123456790123,1.2655074074074075,2.814814814814815,6.703703703703703,13.62962962962963
game_363,rwanda,thailand,3600.02,6,27,2.7621,1.3653,3,7,29,4.1201,1.3091,4,9,18,5,10,0,4.012345679012346,25.91358024691358,2.728979012345679,1.2495617283950617,2.45679012345679,8.160493827160494,16.641975308641975,5.469135802469136,28.604938271604937,3.587861728395062,1.5059567901234567,3.580246913580247,7.037037037037037,14.382716049382717
game_364,new_zealand,morocco,3600.0,2,29,2.3356,1.2876,2,2,17,1.8687,1.171,1,9,18,6,12,1,4.074074074074074,26.493827160493826,2.9497407407407406,1.2843753086419754,2.6790123456790123,6.765432098765432,13.802469135802468,4.888888888888889,28.925925925925927,3.0572172839506173,1.2619716049382714,3.0617283950617282,5.9753086419753085,12.074074074074074
game_365,serbia,mexico,4317.76,6,27,2.7247000000000003,1.3557000000000001,4,6,54,5.9656,1.9406,5,10,20,6,12,0,5.08641975308642,29.97530864197531,3.389671604938272,1.4008172839506172,3.271604938271605,6.333333333333333,12.876543209876543,4.2592592592592595,28.679012345679013,3.185085185185185,1.3368012345679012,2.8518518518518516,7.283950617283951,14.679012345679013
game_366,pakistan,indonesia,3600.0,4,28,3.9607,1.6056000000000001,2,1,21,2.3761,1.248,1,9,18,6,14,1,5.037037037037037,29.987654320987655,3.4659592592592596,1.3979345679012347,3.2222222222222223,7.987654320987654,16.22222222222222,4.222222222222222,26.382716049382715,2.6361024691358024,1.0784049382716048,2.7160493827160495,5.037037037037037,10.25925925925926
game_367,china,vietnam,3599.9900000000002,0,22,3.2878,1.4342,0,6,34,4.3976,1.3812,4,9,18,6,12,0,4.7407407407407405,26.34567901234568,3.118879012345679,1.3883987654320986,2.950617283950617,5.62962962962963,11.481481481481481,4.061728395061729,25.098765432098766,2.733096296296296,1.1957061728395062,2.7037037037037037,6.888888888888889,14.320987654320987
game_368,switzerland,philippines,4146.95,2,28,2.6397,1.5462,1,0,18,1.8208,0.9195,0,5,10,9,21,1,3.7901234567901234,25.493827160493826,2.50188024691358,1.0644493827160493,2.4691358024691357,7.37037037037037,15.037037037037036,3.753086419753086,25.703703703703702,2.614374074074074,1.1367148148148147,2.4444444444444446,5.345679012345679,10.864197530864198
game_369,mongolia,panama,3599.9900000000002,4,23,2.6211,1.4268,2,4,17,1.8762,1.1126,3,4,8,5,10,0,3.654320987654321,24.62962962962963,2.2836777777777777,0.9957160493827161,2.185185185185185,6.54320987654321,13.345679012345679,5.098765432098766,27.382716049382715,3.155296296296296,1.348416049382716,3.111111111111111,5.506172839506172,11.296296296296296
game_37,south_korea,serbia,3599.99,9,38,3.6105,1.3693,6,7,24,2.8134,1.3967,5,10,20,8,16,1,5.320987654320987,29.901234567901234,3.1635395061728393,1.3061913580246913,3.4814814814814814,7.962962962962963,16.40740740740741,5.074074074074074,30.012345679012345,3.3885765432098762,1.400311111111111,3.259259259259259,6.3580246913580245,12.925925925925926
game_370,canada,ethiopia,3599.99,8,27,2.7165,1.1367,6,3,18,1.9331,0.8729,3,4,8,4,8,1,4.234567901234568,26.925925925925927,2.943424691358025,1.2596753086419752,2.6666666666666665,5.938271604938271,12.135802469135802,4.938271604938271,26.839506172839506,2.931935802469136,1.2769938271604937,3.259259259259259,7.2592592592592595,14.753086419753087
game_371,kazakhstan,uk,3823.15,5,22,2.3557,1.133,4,5,33,4.2754,1.3809,3,5,10,5,10,1,3.7160493827160495,24.246913580246915,2.5611061728395064,1.1083888888888889,2.3333333333333335,5.111111111111111,10.419753086419753,4.851851851851852,27.641975308641975,3.358482716049383,1.4328543209876543,2.9753086419753085,4.987654320987654,10.160493827160494
game_372,india,netherlands,5035.64,4,33,2.8806,1.2217,3,6,28,3.2184,1.2610999999999999,4,7,14,5,10,0,4.209876543209877,28.88888888888889,2.9192012345679017,1.2155753086419754,2.691358024691358,5.567901234567901,11.333333333333334,4.765432098765432,25.876543209876544,2.954076543209877,1.2502506172839507,2.950617283950617,5.567901234567901,11.358024691358025
game_373,peru,oman,3599.99,6,30,3.5031,1.4479,4,4,24,2.8453,1.081,3,4,8,9,18,1,4.8765432098765435,28.160493827160494,2.9758864197530865,1.267732098765432,3.111111111111111,6.2592592592592595,12.765432098765432,4.481481481481482,26.567901234567902,2.988787654320988,1.3046691358024691,2.9382716049382718,9.197530864197532,18.901234567901234
game_374,brazil,france,3600.0,4,16,2.0425,1.4069,3,4,26,2.9395,1.1235,2,12,24,7,14,1,5.197530864197531,26.493827160493826,3.338725925925926,1.415837037037037,3.3703703703703702,6.925925925925926,14.135802469135802,4.506172839506172,27.45679012345679,3.2557148148148145,1.3300024691358023,2.950617283950617,5.419753086419753,11.012345679012345
game_375,south_korea,uae,4330.97,4,34,3.5039,1.0563,3,3,24,3.0229,0.7881,2,12,29,8,16,1,5.382716049382716,29.950617283950617,3.1648555555555555,1.3100555555555555,3.5185185185185186,7.938271604938271,16.296296296296298,3.876543209876543,23.790123456790123,2.5725000000000002,1.1113308641975308,2.4691358024691357,5.91358024691358,12.320987654320987
game_376,iceland,singapore,3599.98,7,39,5.3285,1.5999,4,2,26,2.8536,0.9096,1,7,14,10,23,1,4.432098765432099,25.123456790123456,2.7744925925925927,1.2923012345679012,2.888888888888889,7.1234567901234565,14.716049382716049,4.962962962962963,27.938271604938272,3.1378654320987653,1.3069802469135803,3.1358024691358026,7.135802469135802,14.530864197530864
game_377,usa,germany,3599.9900000000002,5,28,3.5807,1.6100999999999999,4,3,18,1.9329999999999998,1.099,3,1,2,8,16,1,4.493827160493828,26.45679012345679,3.010025925925926,1.300888888888889,2.9135802469135803,7.790123456790123,15.88888888888889,4.827160493827161,25.11111111111111,2.9280765432098765,1.2759,3.0864197530864197,5.530864197530864,11.160493827160494
game_378,serbia,rwanda,3600.0,3,30,3.4527,1.5706,2,2,21,2.4189,1.4982,1,7,16,8,16,1,5.1234567901234565,29.938271604938272,3.380683950617284,1.3981641975308643,3.2962962962962963,6.37037037037037,12.925925925925926,4.061728395061729,25.987654320987655,2.7332160493827162,1.2479209876543211,2.4814814814814814,8.17283950617284,16.666666666666668
game_379,oman,iceland,3600.0099999999998,4,23,2.3729,1.3984,2,6,28,3.4105,1.1666,4,10,20,2,4,0,4.481481481481482,26.580246913580247,2.99461975308642,1.3007506172839507,2.950617283950617,9.185185185185185,18.876543209876544,4.444444444444445,25.25925925925926,2.7981716049382714,1.2976506172839506,2.888888888888889,7.185185185185185,14.839506172839506
game_38,rwanda,panama,3599.99,4,20,2.4674,1.2553,2,8,21,2.1664000000000003,1.0346,4,4,8,6,12,0,4.037037037037037,26.0,2.7326172839506175,1.2509197530864198,2.4691358024691357,8.222222222222221,16.765432098765434,5.049382716049383,27.333333333333332,3.151713580246913,1.349379012345679,3.0987654320987654,5.493827160493828,11.271604938271604
game_380,ethiopia,south_korea,3600.0,6,26,3.2596000000000003,1.404,6,10,29,2.6656,1.1845,5,6,12,6,12,1,4.901234567901234,26.74074074074074,2.9155592592592594,1.270437037037037,3.2222222222222223,7.234567901234568,14.703703703703704,5.308641975308642,30.012345679012345,3.1752049382716048,1.3084728395061729,3.493827160493827,8.012345679012345,16.506172839506174
game_381,panama,morocco,5658.42,5,43,4.2511,1.5199,3,1,37,3.8219000000000003,1.5544,2,8,18,6,12,1,5.08641975308642,27.061728395061728,3.1259765432098763,1.3433876543209875,3.111111111111111,5.469135802469136,11.197530864197532,4.901234567901234,28.679012345679013,3.033103703703704,1.2572382716049382,3.049382716049383,5.9753086419753085,12.074074074074074
game_382,singapore,saudi_arabia,3918.88,4,25,2.831,1.3441,3,4,23,2.6498,1.2359,2,6,12,4,8,1,4.938271604938271,27.950617283950617,3.1381444444444444,1.3016160493827162,3.111111111111111,7.185185185185185,14.666666666666666,3.7777777777777777,23.753086419753085,2.6705543209876543,1.19608024691358,2.382716049382716,6.012345679012346,12.234567901234568
game_383,india,usa,3600.0099999999998,4,23,2.1939,1.1404,2,2,36,3.9791000000000003,1.8772,1,4,8,7,14,1,4.209876543209877,29.012345679012345,2.927679012345679,1.216579012345679,2.7037037037037037,5.604938271604938,11.407407407407407,4.530864197530864,26.358024691358025,3.0051074074074076,1.2975913580246914,2.950617283950617,7.716049382716049,15.74074074074074
game_384,germany,guatemala,3600.01,16,32,3.2087,1.1019999999999999,9,7,32,3.3087999999999997,1.4588,4,4,8,5,10,1,4.666666666666667,24.938271604938272,2.9123271604938274,1.275862962962963,3.0123456790123457,5.580246913580247,11.25925925925926,4.222222222222222,28.864197530864196,3.1157925925925927,1.2578814814814816,2.802469135802469,6.691358024691358,13.604938271604938
game_385,mexico,pakistan,4386.29,13,34,4.6026,1.3596,7,7,36,3.7517,1.6521,6,7,14,12,24,1,4.172839506172839,28.925925925925927,3.201912345679012,1.3439740740740742,2.8271604938271606,7.271604938271605,14.654320987654321,5.0,29.88888888888889,3.468539506172839,1.3973604938271604,3.1728395061728394,7.950617283950617,16.14814814814815
game_386,netherlands,mongolia,3600.01,9,27,3.5541,1.1848,5,1,17,1.0707,0.7291000000000001,1,1,2,6,12,1,4.728395061728395,25.88888888888889,2.9499320987654323,1.2511925925925926,2.9382716049382718,5.617283950617284,11.45679012345679,3.691358024691358,24.703703703703702,2.3028185185185186,1.0043296296296296,2.197530864197531,6.518518518518518,13.296296296296296
game_387,thailand,china,3600.01,1,19,2.1589,1.2435,1,5,28,3.3682,0.9566,3,8,18,3,6,0,5.54320987654321,28.728395061728396,3.6120740740740738,1.5067666666666668,3.617283950617284,7.0,14.283950617283951,4.679012345679013,26.271604938271604,3.1178864197530864,1.3942950617283951,2.9135802469135803,5.703703703703703,11.62962962962963
game_388,uk,peru,3600.0,4,19,2.1794000000000002,1.2715,2,1,23,2.5575,1.4299,1,2,4,4,8,1,4.864197530864198,27.814814814814813,3.3843592592592593,1.434204938271605,2.9876543209876543,5.0246913580246915,10.234567901234568,4.938271604938271,28.246913580246915,2.9875604938271607,1.2679543209876543,3.1481481481481484,6.2592592592592595,12.765432098765432
game_389,philippines,switzerland,3599.9900000000002,7,25,2.5844,0.9722,5,0,21,2.1917,0.9407,0,7,14,7,14,1,3.6666666666666665,25.617283950617285,2.604946913580247,1.136064197530864,2.382716049382716,5.37037037037037,10.950617283950617,3.814814814814815,25.580246913580247,2.5074111111111113,1.0719246913580245,2.4814814814814814,7.345679012345679,14.987654320987655
game_39,kazakhstan,usa,3600.0099999999998,10,38,5.3913,1.2589000000000001,7,8,23,2.3693999999999997,1.0323,5,0,0,10,20,1,3.654320987654321,24.049382716049383,2.52362962962963,1.1068345679012346,2.2962962962962963,5.172839506172839,10.54320987654321,4.45679012345679,26.51851851851852,3.02498024691358,1.3080222222222222,2.9012345679012346,7.679012345679013,15.666666666666666
game_390,france,new_zealand,3599.97,10,25,3.6283,1.4902,6,6,22,2.4351,1.512,4,4,8,11,24,1,4.432098765432099,27.469135802469136,3.2472111111111106,1.3254753086419753,2.9012345679012346,5.45679012345679,11.08641975308642,4.0246913580246915,26.580246913580247,2.948512345679012,1.281604938271605,2.654320987654321,6.7407407407407405,13.728395061728396
game_391,uae,vietnam,3599.99,6,22,2.7022999999999997,1.0608,4,5,31,3.2031,1.5261,3,3,6,7,14,1,3.8395061728395063,23.814814814814813,2.576458024691358,1.107964197530864,2.4444444444444446,5.9753086419753085,12.444444444444445,4.074074074074074,25.135802469135804,2.7478432098765433,1.1939172839506174,2.7160493827160495,6.8765432098765435,14.296296296296296
game_392,brazil,kazakhstan,3600.0,6,26,3.8854,1.828,3,1,25,2.365,1.1469,1,6,12,10,20,1,5.172839506172839,26.37037037037037,3.315974074074074,1.4106382716049382,3.3703703703703702,7.0,14.283950617283951,3.765432098765432,24.209876543209877,2.5609913580246912,1.1082172839506172,2.3703703703703702,5.049382716049383,10.296296296296296
game_393,indonesia,canada,3600.0099999999998,1,26,2.8561,1.272,1,4,23,2.7867,1.4216,2,9,18,7,14,0,4.222222222222222,26.320987654320987,2.6301765432098763,1.0781086419753085,2.7160493827160495,5.0,10.209876543209877,4.283950617283951,26.97530864197531,2.9425580246913583,1.256158024691358,2.7160493827160495,5.901234567901234,12.061728395061728
game_394,thailand,oman,3599.9900000000002,8,47,7.3472,1.5229,5,2,15,1.1985000000000001,0.7187,3,3,6,16,35,1,5.45679012345679,28.382716049382715,3.548020987654321,1.5033172839506173,3.567901234567901,7.061728395061729,14.432098765432098,4.506172839506172,26.679012345679013,3.0091185185185187,1.3091419753086422,2.9382716049382718,9.11111111111111,18.691358024691358
game_395,uae,morocco,3599.99,6,23,2.5465,1.1142,4,2,23,2.0273,1.0346,1,3,6,7,14,1,3.8395061728395063,23.80246913580247,2.578381481481481,1.107304938271605,2.4444444444444446,5.9753086419753085,12.444444444444445,4.888888888888889,28.85185185185185,3.0552592592592593,1.2636555555555555,3.0617283950617282,5.962962962962963,12.049382716049383
game_396,china,peru,3600.0,2,25,2.669,1.3404,1,6,26,2.7563000000000004,1.2435,3,6,12,3,6,0,4.716049382716049,26.308641975308642,3.1265185185185183,1.3895567901234567,2.9382716049382718,5.666666666666667,11.555555555555555,4.8765432098765435,28.209876543209877,2.9851061728395063,1.2702555555555555,3.123456790123457,6.271604938271605,12.790123456790123
game_397,iceland,new_zealand,3600.0,4,20,2.1365,1.3039,2,0,23,2.4589,1.0904,0,5,10,2,6,1,4.469135802469136,25.358024691358025,2.8139,1.2959555555555557,2.9135802469135803,7.148148148148148,14.765432098765432,4.098765432098766,26.567901234567902,2.9482185185185186,1.2868098765432099,2.7037037037037037,6.851851851851852,13.950617283950617
game_398,usa,pakistan,3600.0099999999998,4,29,3.5507999999999997,1.5081,2,3,34,4.037599999999999,1.4495,3,10,20,8,16,0,4.506172839506172,26.444444444444443,3.0103950617283948,1.3021481481481483,2.9382716049382718,7.679012345679013,15.666666666666666,5.049382716049383,29.91358024691358,3.46500987654321,1.3998617283950618,3.2098765432098766,8.0,16.246913580246915
game_399,ethiopia,saudi_arabia,3599.98,7,35,4.1599,1.4746000000000001,6,1,27,3.1933,1.2438,1,12,26,13,26,1,4.888888888888889,26.62962962962963,2.9044444444444446,1.2695654320987655,3.2222222222222223,7.160493827160494,14.530864197530864,3.814814814814815,23.703703703703702,2.6638444444444445,1.1959827160493828,2.3950617283950617,5.901234567901234,12.012345679012345
game_4,mongolia,saudi_arabia,3600.0,0,19,1.6322,0.9788,0,2,16,1.6166,1.1968,1,6,12,5,10,0,3.7037037037037037,24.679012345679013,2.295886419753086,1.0012469135802469,2.2098765432098766,6.518518518518518,13.296296296296296,3.802469135802469,23.839506172839506,2.6833098765432095,1.1965629629629628,2.3950617283950617,6.0,12.209876543209877
game_40,singapore,mexico,3615.03,6,34,2.9815,1.4409,3,5,37,4.5845,1.2611,4,7,14,4,8,0,4.91358024691358,27.839506172839506,3.136286419753086,1.3004209876543211,3.111111111111111,7.172839506172839,14.641975308641975,4.271604938271605,28.88888888888889,3.2021358024691358,1.3451901234567902,2.8641975308641974,7.308641975308642,14.728395061728396
game_400,mongolia,south_korea,3600.0,3,31,3.5075000000000003,1.2913999999999999,2,7,35,3.7251000000000003,1.3807,6,5,10,10,20,0,3.6666666666666665,24.530864197530864,2.2727345679012347,0.9973876543209877,2.185185185185185,6.530864197530864,13.320987654320987,5.345679012345679,29.938271604938272,3.1621246913580245,1.3060506172839506,3.4814814814814814,7.962962962962963,16.40740740740741
game_401,indonesia,france,3600.0,4,25,2.9421,0.6634,2,2,30,3.388,1.7891,1,4,8,10,20,1,4.185185185185185,26.333333333333332,2.6291148148148147,1.0856222222222223,2.7037037037037037,5.061728395061729,10.333333333333334,4.530864197530864,27.40740740740741,3.250177777777778,1.3217851851851852,2.962962962962963,5.382716049382716,10.938271604938272
game_402,mexico,germany,3600.01,2,28,3.3837,1.7109,2,6,24,2.9469000000000003,1.1336,3,14,28,4,8,0,4.308641975308642,29.0,3.2169604938271608,1.3396370370370372,2.888888888888889,7.185185185185185,14.481481481481481,4.790123456790123,25.037037037037038,2.9155592592592594,1.2754728395061727,3.0864197530864197,5.580246913580247,11.25925925925926
game_403,canada,guatemala,3600.01,7,23,2.2470999999999997,0.9019,4,1,20,1.8911,1.0268,1,4,8,6,12,1,4.246913580246914,26.97530864197531,2.94921975308642,1.262574074074074,2.691358024691358,5.938271604938271,12.135802469135802,4.296296296296297,29.012345679012345,3.133295061728395,1.2632148148148148,2.8395061728395063,6.679012345679013,13.580246913580247
game_404,singapore,rwanda,7090.86,7,55,7.411099999999999,1.8364,5,7,59,6.4452,1.6087,6,17,36,20,42,0,4.901234567901234,27.580246913580247,3.0815999999999995,1.2955382716049384,3.0864197530864197,7.049382716049383,14.37037037037037,4.0,25.51851851851852,2.6835086419753087,1.2465567901234569,2.419753086419753,8.024691358024691,16.34567901234568
game_405,vietnam,netherlands,3600.0,1,22,2.1109999999999998,1.2154,1,8,27,3.198,1.2082,4,7,14,3,6,0,4.1234567901234565,25.246913580246915,2.761325925925926,1.1977530864197532,2.740740740740741,6.8765432098765435,14.296296296296296,4.7407407407407405,25.88888888888889,2.9543283950617285,1.2509037037037036,2.950617283950617,5.592592592592593,11.407407407407407
game_406,india,serbia,3599.9900000000002,4,47,4.1005,1.3917,2,2,25,2.4637,1.4173,1,3,6,4,8,1,4.209876543209877,28.71604938271605,2.9041407407407407,1.2134765432098766,2.7037037037037037,5.617283950617284,11.432098765432098,5.135802469135802,30.0,3.3928938271604934,1.4000567901234569,3.308641975308642,6.407407407407407,13.024691358024691
game_407,uk,philippines,3611.65,5,18,2.3607,1.5295,3,3,20,2.0549,0.8547,2,6,12,4,8,1,4.851851851851852,27.82716049382716,3.382120987654321,1.4310197530864197,2.9753086419753085,4.9753086419753085,10.135802469135802,3.7160493827160495,25.679012345679013,2.6114839506172842,1.1375148148148149,2.419753086419753,5.407407407407407,11.024691358024691
game_408,kazakhstan,switzerland,3600.0,4,23,2.3332,1.2375,3,2,17,1.9544,1.1029,1,8,16,7,16,1,3.728395061728395,24.234567901234566,2.561383950617284,1.1070987654320987,2.345679012345679,5.074074074074074,10.345679012345679,3.7901234567901234,25.62962962962963,2.510340740740741,1.0699222222222222,2.4691358024691357,7.345679012345679,14.962962962962964
game_409,brazil,panama,3600.0,5,27,3.0473,1.2445,4,6,29,3.0141,1.4753,3,9,18,4,8,1,5.185185185185185,26.358024691358025,3.3263209876543214,1.417841975308642,3.3580246913580245,6.962962962962963,14.209876543209877,5.074074074074074,27.234567901234566,3.141248148148148,1.3439382716049382,3.111111111111111,5.518518518518518,11.320987654320987
game_41,netherlands,china,3599.99,9,30,3.1838,1.2239,6,2,28,2.7880000000000003,1.5262,1,5,10,5,10,1,4.728395061728395,25.85185185185185,2.954503703703704,1.2507098765432099,2.925925925925926,5.567901234567901,11.358024691358025,4.716049382716049,26.271604938271604,3.1250493827160493,1.387262962962963,2.9382716049382718,5.679012345679013,11.580246913580247
game_410,new_zealand,saudi_arabia,3600.01,2,30,3.9095,1.5114,1,0,18,1.9491,1.1054,3,6,12,10,20,0,4.074074074074074,26.48148148148148,2.93030987654321,1.2816123456790125,2.691358024691358,6.802469135802469,13.876543209876543,3.8271604938271606,23.814814814814813,2.679204938271605,1.1976913580246913,2.3703703703703702,5.938271604938271,12.08641975308642
game_411,singapore,china,3840.29,4,35,3.4125,1.4168,2,4,28,3.4174,1.2607,3,10,20,6,12,0,4.938271604938271,27.82716049382716,3.1309654320987654,1.3007185185185186,3.123456790123457,7.135802469135802,14.567901234567902,4.691358024691358,26.271604938271604,3.117279012345679,1.3905407407407406,2.9135802469135803,5.666666666666667,11.555555555555555
game_412,brazil,rwanda,3599.98,7,23,2.9771,1.4779,4,1,15,1.1681,0.4667,1,2,4,6,12,1,5.160493827160494,26.40740740740741,3.327187654320988,1.4149604938271603,3.3580246913580245,7.049382716049383,14.382716049382717,4.074074074074074,26.061728395061728,2.748658024691358,1.2606555555555556,2.4814814814814814,8.197530864197532,16.71604938271605
game_413,canada,serbia,3600.0099999999998,8,35,4.0568,1.8303,5,3,33,3.7615,1.9453,4,7,16,7,16,1,4.234567901234568,26.82716049382716,2.926877777777778,1.2511123456790125,2.6790123456790123,5.901234567901234,12.037037037037036,5.1234567901234565,29.901234567901234,3.3768716049382714,1.3935382716049383,3.271604938271605,6.37037037037037,12.925925925925926
game_414,kazakhstan,panama,3599.99,0,19,1.9118,1.4712,1,4,16,1.8424,1.1044,2,7,14,1,2,0,3.7777777777777777,24.28395061728395,2.5665864197530865,1.1042135802469135,2.3703703703703702,5.08641975308642,10.37037037037037,5.098765432098766,27.395061728395063,3.1557135802469136,1.3485172839506172,3.123456790123457,5.555555555555555,11.395061728395062
game_415,ethiopia,pakistan,3784.03,8,25,2.8266,1.5766,5,9,36,3.6924,1.6149,6,7,17,7,14,0,4.8765432098765435,26.753086419753085,2.920904938271605,1.2683061728395062,3.234567901234568,7.222222222222222,14.641975308641975,4.9753086419753085,29.88888888888889,3.469271604938271,1.3978197530864198,3.1728395061728394,8.012345679012345,16.271604938271604
game_416,thailand,guatemala,4021.03,5,38,4.1783,1.3367,3,8,43,4.0999,1.5139,4,8,16,8,16,0,5.493827160493828,28.493827160493826,3.5871432098765434,1.5056160493827162,3.5925925925925926,7.0,14.308641975308642,4.209876543209877,28.728395061728396,3.106025925925926,1.2572012345679011,2.802469135802469,6.654320987654321,13.530864197530864
game_417,morocco,oman,3600.02,7,23,3.0754,1.2703,4,7,22,2.3449,1.0619,5,8,16,6,12,0,4.827160493827161,28.85185185185185,3.04231975308642,1.2607456790123455,3.0246913580246915,5.950617283950617,12.024691358024691,4.444444444444445,26.59259259259259,2.9949654320987658,1.3049049382716051,2.9135802469135803,9.234567901234568,18.97530864197531
game_418,india,uae,3599.99,10,25,2.3958,0.8725,5,7,24,2.5026,1.1622,4,4,8,8,16,1,4.135802469135802,28.987654320987655,2.9251864197530866,1.2198864197530863,2.6666666666666665,5.604938271604938,11.407407407407407,3.8271604938271606,23.790123456790123,2.5789234567901236,1.1067123456790122,2.4444444444444446,5.91358024691358,12.320987654320987
game_419,peru,switzerland,3600.0099999999998,0,29,3.3185000000000002,1.6719,0,1,23,2.5678,1.5431,1,8,16,6,12,0,4.950617283950617,28.17283950617284,2.9781654320987654,1.2649666666666666,3.1604938271604937,6.209876543209877,12.666666666666666,3.802469135802469,25.555555555555557,2.502767901234568,1.0644876543209876,2.4691358024691357,7.3580246913580245,15.012345679012345
game_42,vietnam,brazil,3600.0099999999998,2,24,2.0888999999999998,1.0064,1,12,29,4.9276,1.5121,7,11,22,5,10,0,4.111111111111111,25.22222222222222,2.761598765432099,1.2003333333333335,2.740740740740741,6.827160493827161,14.197530864197532,5.098765432098766,26.333333333333332,3.303107407407408,1.4145382716049382,3.3209876543209877,7.012345679012346,14.308641975308642
game_420,indonesia,iceland,3599.9900000000002,0,16,1.4853,0.8997999999999999,0,6,21,2.3784,1.7335,4,7,14,6,12,0,4.234567901234568,26.444444444444443,2.6471,1.0827037037037037,2.728395061728395,5.0246913580246915,10.25925925925926,4.444444444444445,25.34567901234568,2.8109135802469134,1.290651851851852,2.888888888888889,7.135802469135802,14.74074074074074
game_421,usa,mongolia,4639.38,5,33,3.9732000000000003,1.6568,3,2,33,2.9172,1.0562,2,6,12,12,24,1,4.493827160493828,26.395061728395063,3.0051802469135804,1.3003123456790124,2.925925925925926,7.728395061728395,15.765432098765432,3.6790123456790123,24.506172839506174,2.280022222222222,1.0002913580246915,2.185185185185185,6.444444444444445,13.148148148148149
game_422,philippines,uk,3600.03,3,21,2.1335,0.8826,2,2,26,3.0111,1.5078,1,3,6,3,6,1,3.7160493827160495,25.666666666666668,2.6105135802469137,1.1371703703703704,2.419753086419753,5.419753086419753,11.049382716049383,4.888888888888889,27.728395061728396,3.374091358024691,1.4312876543209876,3.0,5.012345679012346,10.209876543209877
game_423,mexico,vietnam,4565.51,1,36,4.1071,1.7935,1,3,27,2.6832000000000003,1.046,2,10,20,6,12,0,4.320987654320987,28.901234567901234,3.2080296296296296,1.3386172839506174,2.9012345679012346,7.234567901234568,14.580246913580247,4.098765432098766,25.185185185185187,2.7542617283950617,1.1998444444444445,2.728395061728395,6.888888888888889,14.320987654320987
game_424,south_korea,france,3600.0099999999998,7,23,2.4674,1.284,4,0,14,1.5459,0.7825,1,7,14,5,10,1,5.345679012345679,30.08641975308642,3.1776518518518517,1.3072444444444444,3.506172839506173,8.0,16.48148148148148,4.555555555555555,27.604938271604937,3.2729197530864194,1.3342123456790125,2.962962962962963,5.444444444444445,11.061728395061728
game_425,germany,netherlands,3599.99,4,24,2.9147,1.2764,2,7,25,2.7119999999999997,0.8402,4,8,16,10,20,0,4.814814814814815,25.037037037037038,2.915956790123457,1.27370987654321,3.0987654320987654,5.530864197530864,11.160493827160494,4.753086419753086,25.91358024691358,2.9603283950617287,1.255446913580247,2.950617283950617,5.506172839506172,11.234567901234568
game_426,vietnam,thailand,3600.02,7,25,2.2009,1.2161,5,10,28,3.8523,1.4234,6,9,18,4,8,0,4.049382716049383,25.209876543209877,2.7602160493827164,1.1977444444444445,2.691358024691358,6.851851851851852,14.246913580246913,5.432098765432099,28.617283950617285,3.5911679012345674,1.5045456790123457,3.5555555555555554,7.049382716049383,14.407407407407407
game_427,serbia,france,3600.01,6,24,2.7007,1.6215,4,8,30,3.6205999999999996,1.265,5,7,14,0,0,0,5.08641975308642,30.012345679012345,3.389967901234568,1.3975358024691358,3.271604938271605,6.37037037037037,12.950617283950617,4.45679012345679,27.40740740740741,3.247306172839506,1.3282555555555555,2.9135802469135803,5.506172839506172,11.185185185185185
game_428,ethiopia,philippines,3763.58,3,24,2.7222,1.3678000000000001,2,2,29,2.8074000000000003,1.0517,1,7,14,4,8,1,4.938271604938271,26.765432098765434,2.9221938271604944,1.270883950617284,3.271604938271605,7.222222222222222,14.679012345679013,3.728395061728395,25.567901234567902,2.602193827160494,1.1350827160493826,2.432098765432099,5.407407407407407,11.024691358024691
game_429,brazil,saudi_arabia,3600.0,4,21,3.1353,1.0866,3,0,18,1.7207000000000001,0.7743,0,6,12,7,14,1,5.197530864197531,26.432098765432098,3.3252345679012354,1.4197913580246913,3.3703703703703702,7.0,14.283950617283951,3.8271604938271606,23.814814814814813,2.682024691358025,1.201779012345679,2.4074074074074074,5.9753086419753085,12.160493827160494
game_43,uae,canada,4131.61,2,28,2.8978,1.3638,2,2,33,3.1845,1.2649,1,3,6,7,16,1,3.888888888888889,23.74074074074074,2.5740444444444446,1.1042234567901235,2.4691358024691357,5.9753086419753085,12.444444444444445,4.308641975308642,26.85185185185185,2.9376469135802474,1.2580925925925925,2.728395061728395,5.901234567901234,12.037037037037036
game_430,peru,iceland,3599.9900000000002,4,29,2.8598,1.0299,3,3,19,2.4264,1.1219000000000001,2,7,14,5,10,1,4.901234567901234,28.17283950617284,2.9838283950617286,1.2728925925925925,3.123456790123457,6.222222222222222,12.691358024691358,4.481481481481482,25.37037037037037,2.810320987654321,1.2982024691358025,2.9135802469135803,7.148148148148148,14.765432098765432
game_431,uae,oman,3600.02,2,20,3.0587999999999997,1.1454,2,6,22,2.2084,1.0501,3,3,6,11,25,0,3.888888888888889,23.839506172839506,2.572056790123457,1.1069197530864197,2.4691358024691357,5.9753086419753085,12.444444444444445,4.45679012345679,26.59259259259259,2.996650617283951,1.3050506172839507,2.9382716049382718,9.17283950617284,18.814814814814813
game_432,pakistan,india,3599.99,0,30,3.1917,1.2678,0,2,29,3.4662,1.0381,1,9,18,1,2,0,5.08641975308642,29.962962962962962,3.4754530864197526,1.402104938271605,3.246913580246914,7.987654320987654,16.22222222222222,4.234567901234568,28.938271604938272,2.911971604938272,1.217841975308642,2.7160493827160495,5.6419753086419755,11.481481481481481
game_433,germany,new_zealand,3600.02,3,22,2.5451,1.3826,3,0,21,2.3029,1.2005,0,2,4,4,8,1,4.827160493827161,25.061728395061728,2.92051975308642,1.2723987654320987,3.0864197530864197,5.604938271604938,11.308641975308642,4.098765432098766,26.59259259259259,2.9501444444444447,1.2854506172839506,2.7037037037037037,6.827160493827161,13.925925925925926
game_434,rwanda,mexico,4066.45,5,29,2.7645,0.9494,4,5,34,3.4359,1.5423,3,7,14,7,14,1,4.0246913580246915,25.88888888888889,2.7289493827160496,1.2546962962962964,2.4444444444444446,8.185185185185185,16.691358024691358,4.271604938271605,28.925925925925927,3.2163160493827156,1.3417185185185185,2.876543209876543,7.271604938271605,14.654320987654321
game_435,indonesia,usa,3599.98,5,25,2.7986,1.2269999999999999,3,7,31,4.2818,1.202,5,9,18,4,8,0,4.172839506172839,26.333333333333332,2.6308864197530863,1.0786641975308642,2.691358024691358,5.0,10.209876543209877,4.469135802469136,26.419753086419753,3.0013703703703705,1.3059271604938272,2.9012345679012346,7.753086419753086,15.814814814814815
game_436,morocco,singapore,3600.0,3,30,3.3062,1.6035,2,6,33,2.8292,1.5774,4,4,8,7,14,0,4.8765432098765435,28.765432098765434,3.0394703703703705,1.256632098765432,3.049382716049383,6.0,12.123456790123457,4.91358024691358,27.85185185185185,3.1381666666666663,1.298735802469136,3.0987654320987654,7.172839506172839,14.641975308641975
game_437,guatemala,canada,3599.9700000000003,2,28,2.585,1.3604,1,3,35,3.6585,1.3557000000000001,2,12,24,3,6,0,4.283950617283951,28.91358024691358,3.124728395061728,1.2590962962962964,2.8395061728395063,6.604938271604938,13.432098765432098,4.296296296296297,26.82716049382716,2.931795061728395,1.2569716049382715,2.7160493827160495,5.950617283950617,12.160493827160494
game_438,uk,kazakhstan,3600.01,5,23,2.8355,1.4889,3,1,25,2.7060999999999997,1.3721,2,3,6,4,8,1,4.851851851851852,27.765432098765434,3.376259259259259,1.431520987654321,2.9753086419753085,5.012345679012346,10.209876543209877,3.765432098765432,24.209876543209877,2.5567802469135805,1.105437037037037,2.3580246913580245,5.1234567901234565,10.444444444444445
game_439,switzerland,mongolia,3599.99,4,28,2.8033,1.1581,3,2,31,2.2486,1.0057,1,3,8,7,14,1,3.765432098765432,25.493827160493826,2.4998604938271605,1.0692407407407407,2.4444444444444446,7.395061728395062,15.061728395061728,3.6790123456790123,24.530864197530864,2.2882765432098764,1.0009148148148148,2.197530864197531,6.506172839506172,13.271604938271604
game_44,philippines,mongolia,3600.01,4,26,2.8973,1.1913,3,3,25,2.1706,1.0991,2,7,14,5,10,1,3.7037037037037037,25.604938271604937,2.601083950617284,1.1333592592592592,2.4074074074074074,5.37037037037037,10.950617283950617,3.6666666666666665,24.604938271604937,2.2892395061728394,0.9997617283950619,2.185185185185185,6.530864197530864,13.320987654320987
game_440,netherlands,china,3600.02,1,16,1.4619,1.081,1,0,14,1.2687,0.8501,0,2,4,4,8,1,4.827160493827161,26.02469135802469,2.9757617283950615,1.252474074074074,2.9876543209876543,5.604938271604938,11.432098765432098,4.7407407407407405,26.444444444444443,3.1438061728395064,1.39560987654321,2.950617283950617,5.691358024691358,11.604938271604938
game_441,serbia,morocco,3670.37,10,40,3.9880999999999998,1.7026,5,10,46,5.2991,1.1301,6,13,26,4,8,0,5.037037037037037,29.814814814814813,3.3740740740740742,1.3965345679012344,3.259259259259259,6.296296296296297,12.802469135802468,4.790123456790123,28.567901234567902,3.0148666666666664,1.2624765432098766,3.0,6.0,12.123456790123457
game_442,mongolia,china,4087.06,0,24,1.7164000000000001,0.9727,0,1,19,2.1395,1.394,1,7,17,3,6,0,3.7037037037037037,24.617283950617285,2.2948469135802467,1.0013222222222222,2.2098765432098766,6.506172839506172,13.234567901234568,4.728395061728395,26.382716049382715,3.1330555555555555,1.3888950617283948,2.9382716049382718,5.703703703703703,11.62962962962963
game_443,south_korea,iceland,3599.99,3,33,3.6259,1.1576,2,4,23,2.5084,1.3944,3,8,18,9,18,0,5.395061728395062,29.962962962962962,3.1633493827160493,1.308804938271605,3.5308641975308643,7.987654320987654,16.432098765432098,4.469135802469136,25.320987654320987,2.8093086419753086,1.2948382716049383,2.9012345679012346,7.098765432098766,14.666666666666666
game_444,indonesia,india,3599.9900000000002,2,26,2.4131,1.254,1,6,22,2.4932999999999996,0.9767,3,9,18,7,14,0,4.209876543209877,26.320987654320987,2.6356456790123457,1.0783308641975307,2.7160493827160495,5.0,10.209876543209877,4.185185185185185,29.02469135802469,2.923982716049383,1.2186000000000001,2.691358024691358,5.567901234567901,11.333333333333334
game_445,saudi_arabia,uae,3600.0099999999998,6,24,2.6553,1.1248,4,4,19,2.3281,0.6349,2,8,16,5,10,1,3.753086419753086,23.74074074074074,2.670486419753086,1.1974518518518518,2.3580246913580245,5.962962962962963,12.135802469135802,3.8641975308641974,23.85185185185185,2.581077777777778,1.1132222222222221,2.4691358024691357,5.950617283950617,12.395061728395062
game_446,france,rwanda,3600.0,7,32,5.2141,1.5649,4,1,18,1.8836,0.6049,1,4,8,19,38,1,4.469135802469136,27.382716049382715,3.227633333333334,1.3245530864197532,2.925925925925926,5.45679012345679,11.08641975308642,4.074074074074074,26.02469135802469,2.7398246913580246,1.2589493827160494,2.4814814814814814,8.037037037037036,16.395061728395063
game_447,philippines,new_zealand,3600.0,7,19,2.0384,1.1978,4,0,25,2.3037,0.8497,0,3,6,5,10,1,3.6666666666666665,25.691358024691358,2.611687654320988,1.1332790123456788,2.3950617283950617,5.419753086419753,11.049382716049383,4.098765432098766,26.54320987654321,2.9501345679012347,1.2897814814814816,2.7037037037037037,6.814814814814815,13.901234567901234
game_448,pakistan,uk,3600.02,3,33,3.8594,1.5131,2,9,21,2.7187,1.6147,5,8,16,4,8,0,5.049382716049383,29.925925925925927,3.46720987654321,1.3990765432098766,3.2222222222222223,8.0,16.246913580246915,4.802469135802469,27.790123456790123,3.377701234567901,1.4299679012345679,2.950617283950617,5.0,10.185185185185185
game_449,ethiopia,singapore,3600.0,3,20,2.4446000000000003,1.1588,2,6,27,2.936,1.1798,3,4,8,5,10,0,4.938271604938271,26.814814814814813,2.925620987654321,1.2734641975308643,3.271604938271605,7.2592592592592595,14.753086419753087,4.91358024691358,27.925925925925927,3.1368481481481476,1.3036444444444446,3.111111111111111,7.197530864197531,14.691358024691358
game_45,guatemala,switzerland,5124.47,3,34,2.9989,1.4353,2,2,31,2.1036,0.8153,1,8,16,6,12,1,4.271604938271605,28.839506172839506,3.1196185185185183,1.2581716049382716,2.8271604938271606,6.654320987654321,13.530864197530864,3.7901234567901234,25.45679012345679,2.508498765432099,1.0734728395061728,2.4691358024691357,7.3580246913580245,15.012345679012345
game_450,brazil,panama,3600.0,5,28,3.6778,1.9024,3,2,34,3.6327,1.6676,1,7,16,8,16,1,5.185185185185185,26.34567901234568,3.3185370370370375,1.4097197530864196,3.3703703703703702,6.987654320987654,14.234567901234568,5.1234567901234565,27.17283950617284,3.133611111111111,1.3415641975308643,3.1358024691358026,5.469135802469136,11.222222222222221
game_451,guatemala,kazakhstan,3600.0,0,17,1.8121,1.3986,0,6,25,1.9962,0.9263,3,6,12,5,10,0,4.308641975308642,29.049382716049383,3.1342703703703703,1.2586246913580246,2.8518518518518516,6.679012345679013,13.580246913580247,3.7037037037037037,24.209876543209877,2.565544444444445,1.1109407407407408,2.345679012345679,5.111111111111111,10.419753086419753
game_452,canada,vietnam,3600.0,3,17,1.9445000000000001,1.475,2,0,14,1.5082,0.7005,0,3,6,7,14,1,4.296296296296297,27.049382716049383,2.9529555555555556,1.2554987654320988,2.7160493827160495,5.950617283950617,12.160493827160494,4.135802469135802,25.34567901234568,2.7687679012345683,1.20410987654321,2.753086419753086,6.8765432098765435,14.296296296296296
game_453,mexico,thailand,3599.9900000000002,5,38,4.1271,1.3742,3,9,24,2.5295,0.9823999999999999,6,5,10,10,20,0,4.271604938271605,28.876543209876544,3.207782716049383,1.343793827160494,2.876543209876543,7.296296296296297,14.703703703703704,5.444444444444445,28.666666666666668,3.6074987654320987,1.50999012345679,3.5555555555555554,6.9753086419753085,14.25925925925926
game_454,usa,switzerland,3600.02,0,17,1.8855,0.9934000000000001,0,6,23,2.7128,1.2257,4,10,20,6,12,0,4.555555555555555,26.59259259259259,3.030954320987654,1.3085024691358025,2.962962962962963,7.679012345679013,15.666666666666666,3.740740740740741,25.555555555555557,2.500977777777778,1.068406172839506,2.432098765432099,7.3580246913580245,15.012345679012345
game_455,germany,peru,3599.99,2,24,2.8729999999999998,1.1199000000000001,2,9,27,3.4581999999999997,1.1346,5,6,12,7,14,0,4.839506172839506,25.037037037037038,2.916471604938272,1.2756419753086419,3.0987654320987654,5.555555555555555,11.209876543209877,4.839506172839506,28.19753086419753,2.976440740740741,1.2715999999999998,3.0987654320987654,6.222222222222222,12.691358024691358
game_456,netherlands,oman,4531.88,9,35,4.1356,1.6586,5,7,24,2.4954,1.2609000000000001,4,10,22,10,20,1,4.728395061728395,25.790123456790123,2.942753086419753,1.2453432098765431,2.9382716049382718,5.506172839506172,11.209876543209877,4.444444444444445,26.567901234567902,2.9931074074074075,1.3024481481481482,2.925925925925926,9.185185185185185,18.876543209876544
game_457,singapore,uae,3599.9900000000002,3,26,2.7787,1.2285,3,8,23,2.3053,1.0047,4,6,12,6,12,0,4.950617283950617,27.938271604938272,3.13879012345679,1.3030432098765434,3.111111111111111,7.185185185185185,14.666666666666666,3.814814814814815,23.80246913580247,2.5813592592592594,1.1086567901234567,2.4444444444444446,5.938271604938271,12.37037037037037
game_458,new_zealand,oman,3600.01,2,23,2.5753,0.9952,2,2,22,2.3516,1.0336,1,4,8,8,16,1,4.074074074074074,26.567901234567902,2.9467814814814814,1.2879851851851853,2.6790123456790123,6.827160493827161,13.925925925925926,4.506172839506172,26.59259259259259,2.994882716049383,1.3052543209876544,2.962962962962963,9.209876543209877,18.925925925925927
game_459,usa,switzerland,3600.0,0,16,2.0348,0.759,0,8,25,2.4291,1.2258,4,5,10,6,12,0,4.555555555555555,26.604938271604937,3.0291111111111113,1.3113962962962964,2.962962962962963,7.7407407407407405,15.790123456790123,3.7160493827160495,25.530864197530864,2.5044802469135803,1.0684049382716048,2.432098765432099,7.3580246913580245,15.012345679012345
game_46,panama,rwanda,3600.01,2,23,2.9219,1.5691,1,3,22,2.1125,1.5009,2,3,6,4,8,0,5.1234567901234565,27.308641975308642,3.142386419753086,1.3427802469135801,3.1358024691358026,5.530864197530864,11.345679012345679,4.049382716049383,25.97530864197531,2.736998765432099,1.2478876543209878,2.4691358024691357,8.222222222222221,16.765432098765434
game_460,philippines,vietnam,3601.31,1,22,2.6328,0.997,2,2,24,2.5813,1.024,1,8,18,10,25,1,3.740740740740741,25.65432098765432,2.6043493827160495,1.135758024691358,2.419753086419753,5.3580246913580245,10.901234567901234,4.111111111111111,25.22222222222222,2.75551975308642,1.200116049382716,2.740740740740741,6.839506172839506,14.160493827160494
game_461,kazakhstan,china,3600.01,1,18,1.5777,0.8686,2,2,28,3.3847,1.7928000000000002,1,6,12,3,6,1,3.765432098765432,24.296296296296298,2.5707111111111116,1.111653086419753,2.3580246913580245,5.098765432098766,10.395061728395062,4.716049382716049,26.271604938271604,3.1176827160493827,1.3839716049382715,2.9382716049382718,5.703703703703703,11.62962962962963
game_462,canada,brazil,4161.27,4,30,2.7008,1.291,2,1,21,2.7506,1.3061,1,6,12,4,8,1,4.283950617283951,26.88888888888889,2.9436185185185186,1.2577703703703704,2.7160493827160495,5.91358024691358,12.08641975308642,5.234567901234568,26.432098765432098,3.329983950617284,1.4170814814814814,3.3950617283950617,7.0246913580246915,14.333333333333334
game_463,guatemala,peru,3600.0,1,21,1.888,1.0969,1,6,26,2.4624,0.9243,4,4,8,1,2,0,4.296296296296297,29.0,3.1333333333333333,1.2623493827160492,2.8395061728395063,6.703703703703703,13.62962962962963,4.8765432098765435,28.209876543209877,2.9887345679012345,1.2741962962962963,3.111111111111111,6.296296296296297,12.839506172839506
game_464,france,mexico,4000.63,7,37,4.188,1.3224,5,12,26,2.6575,1.5121,6,4,8,8,16,0,4.469135802469136,27.320987654320987,3.240301234567901,1.327546913580247,2.9135802469135803,5.45679012345679,11.08641975308642,4.185185185185185,29.02469135802469,3.2259259259259254,1.3420913580246914,2.8395061728395063,7.2592592592592595,14.62962962962963
game_465,indonesia,rwanda,3600.0,5,33,4.0785,1.2545,4,4,16,1.6078000000000001,0.8924,2,4,8,7,17,1,4.172839506172839,26.234567901234566,2.615085185185185,1.0783246913580247,2.6790123456790123,5.061728395061729,10.333333333333334,4.037037037037037,26.049382716049383,2.7432296296296297,1.2554,2.4691358024691357,8.185185185185185,16.65432098765432
game_466,india,morocco,3599.98,6,36,3.4656,1.2372,4,2,25,2.5921,1.0349,1,7,14,7,14,1,4.185185185185185,28.85185185185185,2.9119790123456792,1.2153839506172839,2.6790123456790123,5.567901234567901,11.333333333333334,4.888888888888889,28.82716049382716,3.0482864197530866,1.2636518518518518,3.0617283950617282,5.962962962962963,12.049382716049383
game_467,uk,mongolia,3600.0,8,26,3.2775,1.4087,4,2,15,1.2763,0.9329,1,3,6,6,12,1,4.814814814814815,27.728395061728396,3.370802469135803,1.432511111111111,2.962962962962963,5.012345679012346,10.209876543209877,3.6790123456790123,24.728395061728396,2.30028024691358,1.0018135802469137,2.197530864197531,6.518518518518518,13.296296296296296
game_468,kazakhstan,rwanda,3600.02,0,20,2.2687,1.2373,0,3,21,2.1788,1.2033,2,6,12,4,8,0,3.7777777777777777,24.271604938271604,2.5621802469135804,1.1071012345679012,2.382716049382716,5.098765432098766,10.395061728395062,4.049382716049383,25.987654320987655,2.7361802469135803,1.2515617283950617,2.4691358024691357,8.222222222222221,16.765432098765434
game_469,thailand,saudi_arabia,5454.37,8,51,6.4496,2.1067,5,6,23,2.4724,0.9359,4,11,22,8,18,1,5.45679012345679,28.333333333333332,3.559102469135803,1.49610987654321,3.567901234567901,6.962962962962963,14.234567901234568,3.753086419753086,23.753086419753085,2.6727444444444446,1.1997839506172838,2.3580246913580245,5.962962962962963,12.11111111111111
game_47,morocco,ethiopia,3600.0099999999998,10,40,4.7666,1.1006,5,4,27,2.7741,1.2067999999999999,4,5,10,7,14,1,4.790123456790123,28.641975308641975,3.0214407407407404,1.2628407407407407,3.0123456790123457,5.987654320987654,12.098765432098766,4.925925925925926,26.728395061728396,2.921553086419753,1.2728716049382716,3.246913580246914,7.222222222222222,14.679012345679013
game_470,brazil,pakistan,3600.0099999999998,2,14,1.814,1.0369,1,3,24,2.144,1.097,2,6,12,6,12,0,5.222222222222222,26.51851851851852,3.341546913580247,1.4204049382716049,3.3950617283950617,7.0,14.283950617283951,5.049382716049383,30.037037037037038,3.4883876543209875,1.4042135802469138,3.2222222222222223,8.024691358024691,16.296296296296298
game_471,mexico,china,3639.18,2,29,2.7664999999999997,1.3879,2,2,13,1.1429,0.9082,1,5,10,7,14,1,4.308641975308642,28.987654320987655,3.22458024691358,1.3436246913580248,2.888888888888889,7.296296296296297,14.703703703703704,4.716049382716049,26.45679012345679,3.1453592592592594,1.3948925925925926,2.9382716049382718,5.654320987654321,11.530864197530864
game_472,guatemala,morocco,3600.0,6,43,4.34,1.4438,4,2,40,3.0091,1.1272,1,4,8,5,10,1,4.234567901234568,28.728395061728396,3.1030617283950614,1.2580666666666667,2.802469135802469,6.703703703703703,13.62962962962963,4.888888888888889,28.641975308641975,3.0431382716049384,1.2625123456790122,3.0617283950617282,5.987654320987654,12.098765432098766
game_473,switzerland,serbia,3599.99,5,22,2.206,1.0354999999999999,3,6,31,2.9389,1.4128,4,4,8,8,16,0,3.753086419753086,25.567901234567902,2.507234567901235,1.0707543209876542,2.4444444444444446,7.382716049382716,15.061728395061728,5.08641975308642,29.925925925925927,3.387027160493827,1.4001123456790123,3.271604938271605,6.3580246913580245,12.925925925925926
game_474,usa,oman,3600.01,4,30,3.6881000000000004,1.3426,3,8,40,5.0234000000000005,1.3237999999999999,8,10,22,14,28,0,4.506172839506172,26.432098765432098,3.0087,1.3041913580246913,2.925925925925926,7.679012345679013,15.641975308641975,4.432098765432099,26.37037037037037,2.9618975308641975,1.3016716049382717,2.876543209876543,9.135802469135802,18.77777777777778
game_475,ethiopia,south_korea,3600.01,4,27,2.9868,1.0746,2,5,35,3.2136,1.5344,3,3,6,6,12,0,4.925925925925926,26.728395061728396,2.9189271604938276,1.2745037037037037,3.271604938271605,7.271604938271605,14.777777777777779,5.37037037037037,29.938271604938272,3.1684395061728394,1.304153086419753,3.5185185185185186,8.012345679012345,16.506172839506174
game_476,canada,panama,3600.0,4,40,4.55,1.7872,2,5,25,2.6,1.4054,4,3,6,6,12,0,4.283950617283951,26.765432098765434,2.920788888888889,1.2516444444444446,2.7160493827160495,5.950617283950617,12.160493827160494,5.08641975308642,27.28395061728395,3.1463604938271605,1.3448012345679012,3.0987654320987654,5.493827160493828,11.271604938271604
game_477,indonesia,uk,3600.0,5,22,2.2914000000000003,1.1633,4,3,37,4.4748,1.6453,3,5,10,3,6,1,4.172839506172839,26.37037037037037,2.637148148148148,1.0794506172839504,2.6790123456790123,5.049382716049383,10.308641975308642,4.8765432098765435,27.59259259259259,3.356020987654321,1.42959012345679,2.9753086419753085,5.012345679012346,10.209876543209877
game_478,singapore,iceland,3600.01,10,33,4.3191,1.0858,5,3,20,2.0136,1.4038,3,3,6,12,24,1,4.864197530864198,27.85185185185185,3.119772839506173,1.304804938271605,3.0864197530864197,7.222222222222222,14.74074074074074,4.481481481481482,25.358024691358025,2.8154172839506173,1.2947222222222223,2.9012345679012346,7.061728395061729,14.592592592592593
game_479,germany,india,3600.01,12,27,3.6652000000000005,1.1838,6,4,24,2.4108,1.1664,2,1,2,7,14,1,4.716049382716049,25.0,2.9066913580246916,1.274853086419753,3.049382716049383,5.617283950617284,11.333333333333334,4.209876543209877,29.0,2.9250012345679015,1.2162580246913581,2.7037037037037037,5.567901234567901,11.333333333333334
game_48,saudi_arabia,oman,3600.0,8,29,3.5814,1.4802,5,1,19,1.7435,0.8491,1,1,2,10,22,1,3.728395061728395,23.679012345679013,2.659053086419753,1.1930641975308642,2.345679012345679,6.049382716049383,12.308641975308642,4.518518518518518,26.62962962962963,3.0023901234567902,1.3075320987654322,2.962962962962963,9.185185185185185,18.85185185185185
game_480,france,new_zealand,3599.99,6,31,3.9605,1.7304,3,2,20,2.3095,1.3989,1,8,16,11,25,1,4.481481481481482,27.395061728395063,3.2431098765432096,1.32250987654321,2.9382716049382718,5.407407407407407,10.987654320987655,4.074074074074074,26.604938271604937,2.950062962962963,1.2830012345679014,2.691358024691358,6.7407407407407405,13.716049382716049
game_481,peru,philippines,3600.0,2,27,2.8322000000000003,1.2551,1,0,20,2.1,1.0597999999999999,0,4,8,4,11,1,4.925925925925926,28.19753086419753,2.9841691358024693,1.2701123456790122,3.1481481481481484,6.2592592592592595,12.765432098765432,3.753086419753086,25.679012345679013,2.6109271604938273,1.1349827160493826,2.4444444444444446,5.407407407407407,10.987654320987655
game_482,uae,netherlands,3600.0,3,11,1.1051,0.5615,2,2,25,2.3891999999999998,1.1052,1,3,6,3,6,1,3.876543209876543,23.950617283950617,2.5961765432098765,1.1141283950617284,2.4691358024691357,5.9753086419753085,12.444444444444445,4.814814814814815,25.91358024691358,2.964313580246914,1.2521753086419753,2.9876543209876543,5.592592592592593,11.407407407407407
game_483,mongolia,vietnam,3600.0099999999998,4,24,3.2094,1.1867,2,8,34,4.6482,1.3759,5,10,20,8,19,0,3.654320987654321,24.617283950617285,2.2764148148148147,0.9986802469135803,2.185185185185185,6.469135802469136,13.197530864197532,4.037037037037037,25.098765432098766,2.7300024691358025,1.1957716049382716,2.691358024691358,6.864197530864198,14.234567901234568
game_484,saudi_arabia,south_korea,3600.0,0,17,1.9612,0.7507,0,3,23,2.1038,1.2673,4,4,8,7,14,0,3.8271604938271606,23.82716049382716,2.6790555555555557,1.2020703703703703,2.4074074074074074,6.012345679012346,12.234567901234568,5.395061728395062,30.08641975308642,3.1821407407407407,1.3074506172839506,3.506172839506173,8.0,16.48148148148148
game_485,philippines,canada,3599.98,6,20,2.1074,1.1627,4,2,33,3.6194,1.7939,1,6,12,4,8,1,3.6790123456790123,25.679012345679013,2.610835802469136,1.1337123456790124,2.3950617283950617,5.382716049382716,10.975308641975309,4.308641975308642,26.85185185185185,2.9322777777777778,1.2515617283950617,2.728395061728395,5.938271604938271,12.135802469135802
game_486,kazakhstan,mexico,3600.02,10,26,3.363,0.9331,6,4,16,1.6951,0.6963,2,12,24,6,12,1,3.654320987654321,24.19753086419753,2.5486703703703704,1.1108567901234567,2.308641975308642,5.0246913580246915,10.246913580246913,4.283950617283951,29.14814814814815,3.237807407407407,1.352162962962963,2.888888888888889,7.283950617283951,14.679012345679013
game_487,vietnam,usa,4026.2599999999998,6,27,3.332,1.1207,4,4,22,2.598,1.0017,3,6,12,9,18,1,4.061728395061729,25.185185185185187,2.746251851851852,1.1989222222222222,2.7037037037037037,6.888888888888889,14.320987654320987,4.506172839506172,26.530864197530864,3.022158024691358,1.3084,2.925925925925926,7.691358024691358,15.691358024691358
game_488,netherlands,serbia,3923.3199999999997,7,32,3.0741,1.2106,5,7,28,3.096,1.6646,4,5,10,3,6,1,4.753086419753086,25.82716049382716,2.9558580246913584,1.2508740740740742,2.9382716049382718,5.567901234567901,11.358024691358025,5.074074074074074,29.962962962962962,3.3850876543209876,1.3970037037037035,3.271604938271605,6.419753086419753,13.049382716049383
game_489,oman,indonesia,4086.47,3,27,3.1092,1.3589,3,4,28,3.0843,0.8275,4,10,22,3,6,0,4.493827160493828,26.530864197530864,2.98552962962963,1.3012382716049382,2.9382716049382718,9.185185185185185,18.85185185185185,4.185185185185185,26.296296296296298,2.627359259259259,1.0835962962962962,2.6790123456790123,5.074074074074074,10.358024691358025
game_49,iceland,france,3600.01,9,21,2.3723,1.1745,5,5,30,3.6208,1.524,3,9,18,5,10,1,4.407407407407407,25.34567901234568,2.8109888888888888,1.2975530864197533,2.876543209876543,7.098765432098766,14.666666666666666,4.493827160493828,27.40740740740741,3.247303703703704,1.3250580246913581,2.9382716049382718,5.444444444444445,11.061728395061728
game_490,uae,india,3600.02,4,19,2.2268,0.8309,2,6,37,3.8776,1.4379,3,10,20,3,6,0,3.8641975308641974,23.85185185185185,2.582328395061728,1.1108024691358025,2.4691358024691357,5.888888888888889,12.271604938271604,4.185185185185185,28.839506172839506,2.906892592592593,1.2129061728395063,2.691358024691358,5.617283950617284,11.432098765432098
game_491,china,uk,3600.0,4,27,3.273,1.7712,2,2,32,3.7620999999999998,1.2875,1,3,6,5,10,1,4.691358024691358,26.28395061728395,3.119061728395062,1.3842382716049382,2.925925925925926,5.703703703703703,11.62962962962963,4.888888888888889,27.65432098765432,3.36481975308642,1.4340074074074074,3.0,4.987654320987654,10.160493827160494
game_492,singapore,morocco,3599.99,6,30,3.013,1.4576,3,0,20,2.1361,1.3860999999999999,0,5,10,6,12,1,4.91358024691358,27.88888888888889,3.135897530864197,1.300214814814815,3.111111111111111,7.197530864197531,14.691358024691358,4.91358024691358,28.88888888888889,3.053916049382716,1.259316049382716,3.074074074074074,5.9753086419753085,12.074074074074074
game_493,brazil,mongolia,4119.69,4,27,3.5622,1.597,3,5,28,2.4318,0.6676,4,12,24,8,16,0,5.197530864197531,26.358024691358025,3.3199641975308642,1.41349012345679,3.3703703703703702,6.925925925925926,14.135802469135802,3.6419753086419755,24.567901234567902,2.2860148148148145,1.0050888888888891,2.1604938271604937,6.493827160493828,13.246913580246913
game_494,iceland,new_zealand,3600.0099999999998,3,28,3.6492,1.058,3,2,24,2.3452,1.1432,1,6,12,9,20,1,4.481481481481482,25.25925925925926,2.7952246913580248,1.2989913580246915,2.9012345679012346,7.135802469135802,14.74074074074074,4.074074074074074,26.555555555555557,2.949622222222222,1.2861580246913582,2.691358024691358,6.765432098765432,13.777777777777779
game_495,thailand,panama,3600.01,3,32,4.0449,1.8749,2,6,25,2.5414,1.0609,3,4,8,4,8,0,5.518518518518518,28.567901234567902,3.58879012345679,1.4989716049382718,3.6049382716049383,7.049382716049383,14.407407407407407,5.074074074074074,27.28395061728395,3.147083950617284,1.3490543209876542,3.111111111111111,5.518518518518518,11.320987654320987
game_496,guatemala,pakistan,3599.99,7,24,2.7389,1.5512000000000001,5,5,34,3.2414,1.3227,3,10,20,8,16,1,4.222222222222222,28.962962962962962,3.1228283950617284,1.2567407407407407,2.7901234567901234,6.62962962962963,13.481481481481481,5.0246913580246915,29.91358024691358,3.4748395061728394,1.4014271604938273,3.2098765432098766,8.0,16.246913580246915
game_497,switzerland,germany,3600.0099999999998,1,11,1.1199,0.8505,1,0,20,2.3369,0.9421999999999999,0,4,8,4,8,1,3.802469135802469,25.703703703703702,2.520643209876543,1.0730382716049383,2.4691358024691357,7.382716049382716,15.061728395061728,4.864197530864198,25.08641975308642,2.9230901234567903,1.2778358024691359,3.123456790123457,5.580246913580247,11.25925925925926
game_498,ethiopia,peru,3987.87,6,21,2.1561,1.2844,3,6,43,4.8788,1.1339,4,13,29,7,14,0,4.901234567901234,26.80246913580247,2.929182716049383,1.2719135802469135,3.259259259259259,7.148148148148148,14.493827160493828,4.8765432098765435,28.0,2.9589024691358023,1.2716086419753085,3.111111111111111,6.222222222222222,12.691358024691358
game_499,thailand,rwanda,3600.0099999999998,6,27,3.9330999999999996,1.353,3,7,18,1.3811,0.8462999999999999,4,3,6,9,18,0,5.481481481481482,28.62962962962963,3.59017037037037,1.505414814814815,3.5925925925925926,7.061728395061729,14.432098765432098,4.0,26.02469135802469,2.7460283950617286,1.2559691358024692,2.4444444444444446,8.160493827160494,16.641975308641975
game_5,usa,guatemala,3599.98,7,32,3.1534999999999997,1.1819,4,1,42,4.7456000000000005,1.5203,1,9,18,6,12,1,4.469135802469136,26.40740740740741,3.0153,1.3061753086419754,2.9135802469135803,7.691358024691358,15.691358024691358,4.296296296296297,28.74074074074074,3.098054320987654,1.2571222222222223,2.8395061728395063,6.679012345679013,13.580246913580247
game_50,china,netherlands,3600.0,3,22,2.565,1.2644,2,5,25,2.6427,0.9520000000000001,4,5,10,6,12,0,4.703703703703703,26.34567901234568,3.1278024691358026,1.390495061728395,2.925925925925926,5.679012345679013,11.580246913580247,4.777777777777778,25.91358024691358,2.961183950617284,1.2540666666666667,2.950617283950617,5.555555555555555,11.333333333333334
game_500,usa,new_zealand,3600.02,2,20,2.4616,1.6445,1,6,27,3.6273,1.5652,3,11,22,7,14,0,4.530864197530864,26.555555555555557,3.023841975308642,1.3004641975308644,2.950617283950617,7.666666666666667,15.641975308641975,4.0246913580246915,26.51851851851852,2.933793827160494,1.2809481481481482,2.6666666666666665,6.790123456790123,13.851851851851851
game_501,china,canada,3776.87,6,23,2.6029,1.4417,3,4,28,2.5904,1.2125,2,5,10,6,12,1,4.666666666666667,26.333333333333332,3.1273345679012343,1.388306172839506,2.9135802469135803,5.679012345679013,11.580246913580247,4.283950617283951,26.91358024691358,2.9449814814814816,1.2587395061728395,2.7160493827160495,5.91358024691358,12.08641975308642
game_502,peru,ethiopia,4087.07,2,30,2.7524,1.287,2,2,22,2.0304,1.1017,1,3,6,3,6,1,4.925925925925926,28.160493827160494,2.9851543209876543,1.2697185185185182,3.1358024691358026,6.271604938271605,12.790123456790123,4.950617283950617,26.790123456790123,2.9307345679012347,1.2741691358024692,3.2839506172839505,7.271604938271605,14.777777777777779
game_503,saudi_arabia,kazakhstan,3600.01,0,14,1.5388,0.8434,0,8,38,4.0371,1.0824,4,7,17,2,4,0,3.8271604938271606,23.864197530864196,2.68427037037037,1.2009259259259257,2.4074074074074074,5.9753086419753085,12.123456790123457,3.6790123456790123,24.049382716049383,2.5403481481481482,1.1090135802469134,2.3333333333333335,5.148148148148148,10.493827160493828
game_504,indonesia,uk,3599.97,1,16,1.5237,0.8201,1,4,26,2.8173,1.4428,2,4,8,4,8,0,4.222222222222222,26.444444444444443,2.646625925925926,1.0836876543209877,2.7160493827160495,5.061728395061729,10.333333333333334,4.864197530864198,27.728395061728396,3.376483950617284,1.43209012345679,2.9876543209876543,5.0,10.185185185185185
game_505,mexico,netherlands,4189.04,0,29,2.8828,1.0374,0,2,23,2.1035,0.8774,1,8,16,5,10,0,4.333333333333333,28.987654320987655,3.2231444444444444,1.3479518518518518,2.9135802469135803,7.2592592592592595,14.62962962962963,4.814814814814815,25.938271604938272,2.967840740740741,1.2549876543209877,2.9876543209876543,5.567901234567901,11.358024691358025
game_506,france,iceland,3723.02,6,33,4.0299,1.6037000000000001,5,6,22,2.5268,1.0718,4,7,14,7,14,1,4.481481481481482,27.37037037037037,3.242253086419753,1.3240740740740742,2.9135802469135803,5.419753086419753,11.012345679012345,4.444444444444445,25.333333333333332,2.8090814814814813,1.298820987654321,2.888888888888889,7.1234567901234565,14.716049382716049
game_507,germany,singapore,3599.96,0,25,2.8602,1.5814,1,6,28,3.5753,1.3663,4,6,12,3,6,0,4.864197530864198,25.02469135802469,2.9166296296296297,1.2699444444444443,3.111111111111111,5.555555555555555,11.209876543209877,4.91358024691358,27.91358024691358,3.1289555555555553,1.3013419753086422,3.0987654320987654,7.222222222222222,14.74074074074074
game_508,south_korea,vietnam,3599.99,5,32,3.9061,2.0831,5,8,32,3.7825,1.3671,6,7,16,4,8,0,5.37037037037037,29.97530864197531,3.1598901234567895,1.297379012345679,3.493827160493827,8.0,16.45679012345679,4.037037037037037,25.123456790123456,2.7406901234567904,1.1958802469135803,2.6790123456790123,6.91358024691358,14.37037037037037
game_509,morocco,india,3600.01,2,37,3.9705,1.6173,1,4,31,2.8177,1.1214,2,8,16,5,10,0,4.888888888888889,28.679012345679013,3.0312691358024693,1.2564617283950616,3.0617283950617282,5.950617283950617,12.024691358024691,4.209876543209877,28.91358024691358,2.919977777777778,1.2168135802469138,2.7037037037037037,5.592592592592593,11.382716049382717
game_51,india,switzerland,3772.2000000000003,6,20,1.56,0.9218999999999999,3,4,29,2.5818,1.3361,2,7,14,6,12,1,4.185185185185185,29.049382716049383,2.935504938271605,1.2192765432098767,2.691358024691358,5.567901234567901,11.333333333333334,3.765432098765432,25.48148148148148,2.502595061728395,1.0670432098765432,2.45679012345679,7.3580246913580245,15.012345679012345
game_510,switzerland,panama,3600.0099999999998,5,32,3.6721,0.8825000000000001,4,0,24,2.8890000000000002,1.1591,0,5,10,7,14,1,3.753086419753086,25.444444444444443,2.4891345679012344,1.0726432098765433,2.432098765432099,7.37037037037037,15.037037037037036,5.148148148148148,27.296296296296298,3.1427925925925924,1.347841975308642,3.1481481481481484,5.481481481481482,11.246913580246913
game_511,uae,pakistan,3600.03,4,24,2.9021,1.024,2,1,21,2.3395,1.3385,1,6,12,8,16,1,3.8641975308641974,23.790123456790123,2.5739913580246916,1.1084185185185185,2.4691358024691357,5.938271604938271,12.37037037037037,5.074074074074074,30.074074074074073,3.485974074074074,1.401232098765432,3.234567901234568,8.0,16.246913580246915
game_512,serbia,mongolia,3599.9900000000002,14,43,5.7791,1.4109,8,4,23,1.6964,1.0521,2,3,6,9,18,1,4.987654320987654,29.77777777777778,3.351962962962963,1.4001358024691357,3.2222222222222223,6.419753086419753,13.049382716049383,3.654320987654321,24.62962962962963,2.2950938271604935,1.000341975308642,2.185185185185185,6.481481481481482,13.222222222222221
game_513,oman,brazil,3599.9900000000002,2,30,2.8995,1.0567,1,7,25,3.5911999999999997,1.0218,4,11,22,5,10,0,4.506172839506172,26.493827160493826,2.988118518518519,1.304969135802469,2.962962962962963,9.17283950617284,18.85185185185185,5.160493827160494,26.382716049382715,3.319606172839506,1.4205913580246914,3.3580246913580245,7.012345679012346,14.308641975308642
game_514,saudi_arabia,switzerland,3599.99,5,23,2.4341999999999997,1.4614,3,7,29,2.875,0.9102,5,8,16,5,10,0,3.765432098765432,23.753086419753085,2.6732160493827157,1.1932962962962963,2.3703703703703702,5.962962962962963,12.135802469135802,3.728395061728395,25.48148148148148,2.4989753086419753,1.072301234567901,2.419753086419753,7.37037037037037,15.037037037037036
game_515,serbia,thailand,4515.56,7,40,5.2412,1.2025000000000001,4,8,36,4.0222999999999995,1.4763,5,4,8,15,30,0,5.074074074074074,29.814814814814813,3.3586037037037038,1.4027086419753085,3.271604938271605,6.407407407407407,13.024691358024691,5.45679012345679,28.51851851851852,3.5890691358024696,1.5038925925925928,3.567901234567901,6.91358024691358,14.135802469135802
game_516,guatemala,germany,3605.89,5,16,1.8538000000000001,1.3552,4,5,36,3.5722,1.4866,3,5,10,4,8,1,4.246913580246914,29.061728395061728,3.133755555555555,1.2591604938271606,2.802469135802469,6.691358024691358,13.604938271604938,4.802469135802469,24.88888888888889,2.9078395061728393,1.2711148148148148,3.0864197530864197,5.580246913580247,11.25925925925926
game_517,vietnam,morocco,3599.99,6,28,3.4625,0.9171,4,3,15,1.6991,1.0721,2,3,6,8,16,1,4.061728395061729,25.17283950617284,2.7446407407407407,1.2014358024691358,2.7037037037037037,6.925925925925926,14.395061728395062,4.8765432098765435,28.950617283950617,3.059311111111111,1.2631925925925924,3.049382716049383,5.950617283950617,12.024691358024691
game_518,new_zealand,france,5711.1,6,34,3.8001,1.7372,3,4,29,3.4569,1.5827,2,7,14,7,14,1,4.0246913580246915,26.432098765432098,2.931660493827161,1.2788246913580248,2.6666666666666665,6.790123456790123,13.851851851851851,4.506172839506172,27.419753086419753,3.2493271604938267,1.3243333333333334,2.950617283950617,5.419753086419753,11.012345679012345
game_519,rwanda,brazil,4988.33,5,40,3.6885,1.18,4,4,31,3.6983,1.4793,3,7,14,8,16,1,4.0246913580246915,25.753086419753085,2.717541975308642,1.2518493827160493,2.4444444444444446,8.185185185185185,16.691358024691358,5.197530864197531,26.308641975308642,3.318283950617284,1.414943209876543,3.3703703703703702,6.9753086419753085,14.234567901234568
game_52,new_zealand,pakistan,3599.98,3,24,3.2662,1.1689,2,2,21,2.545,1.4468,1,4,8,12,24,1,4.061728395061729,26.555555555555557,2.938251851851852,1.2858407407407408,2.6790123456790123,6.827160493827161,13.925925925925926,5.061728395061729,30.074074074074073,3.483437037037037,1.3998950617283952,3.234567901234568,7.950617283950617,16.14814814814815
game_520,uae,oman,4657.13,3,29,3.5338,1.3319,2,5,35,3.7125,1.1493,3,9,18,10,20,0,3.876543209876543,23.728395061728396,2.5661925925925924,1.1046172839506172,2.4691358024691357,5.901234567901234,12.296296296296296,4.469135802469136,26.432098765432098,2.9780814814814818,1.303825925925926,2.9382716049382718,9.185185185185185,18.876543209876544
game_521,pakistan,philippines,3600.0099999999998,2,19,2.332,1.7178,1,4,16,1.4244,0.5821,2,5,10,4,8,0,5.061728395061729,30.098765432098766,3.4860666666666664,1.3965493827160496,3.234567901234568,8.037037037037036,16.320987654320987,3.7037037037037037,25.728395061728396,2.619267901234568,1.1408802469135801,2.419753086419753,5.407407407407407,11.024691358024691
game_522,usa,indonesia,3600.01,1,21,2.6893,1.2811000000000001,2,0,24,2.6851,1.3794,0,8,16,6,12,1,4.54320987654321,26.54320987654321,3.021030864197531,1.3049506172839507,2.9382716049382718,7.703703703703703,15.716049382716049,4.234567901234568,26.34567901234568,2.6322876543209874,1.0767827160493826,2.728395061728395,5.037037037037037,10.283950617283951
game_523,china,south_korea,3600.0,5,20,2.6639,0.9244,3,0,21,1.6721,0.9158000000000001,0,2,4,7,14,1,4.679012345679013,26.37037037037037,3.126581481481481,1.3946925925925924,2.9135802469135803,5.716049382716049,11.654320987654321,5.432098765432099,30.11111111111111,3.18747037037037,1.3117901234567901,3.5555555555555554,8.0,16.48148148148148
game_524,india,mongolia,3600.0,0,24,2.6971,1.1888,0,5,34,3.037,1.1257,3,6,12,6,12,0,4.2592592592592595,29.0,2.921466666666667,1.2159814814814816,2.728395061728395,5.580246913580247,11.358024691358025,3.6419753086419755,24.493827160493826,2.278543209876543,0.9994333333333335,2.1728395061728394,6.518518518518518,13.296296296296296
game_525,ethiopia,mexico,3600.0,5,28,2.8302,1.2592,4,2,30,2.7478,1.2456,1,6,12,8,16,1,4.91358024691358,26.71604938271605,2.9208604938271607,1.2722246913580246,3.246913580246914,7.234567901234568,14.703703703703704,4.308641975308642,28.97530864197531,3.2248111111111113,1.3453814814814815,2.9012345679012346,7.2592592592592595,14.62962962962963
game_526,panama,peru,3600.0,4,25,2.7584,1.104,2,0,17,2.0050999999999997,0.8626,0,8,16,8,16,1,5.098765432098766,27.28395061728395,3.144404938271605,1.3485222222222222,3.123456790123457,5.469135802469136,11.222222222222221,4.950617283950617,28.320987654320987,2.9943802469135803,1.2749580246913579,3.1604938271604937,6.209876543209877,12.666666666666666
game_527,iceland,canada,3600.0,4,27,2.8234,1.575,2,4,40,4.1041,1.583,3,8,16,4,8,0,4.469135802469136,25.271604938271604,2.80541975308642,1.2926086419753087,2.9135802469135803,7.111111111111111,14.691358024691358,4.283950617283951,26.765432098765434,2.926293827160494,1.2541654320987654,2.7037037037037037,5.938271604938271,12.135802469135802
game_528,singapore,kazakhstan,3600.0,9,32,4.6337,1.6026,6,2,26,2.5057,1.2038,1,3,6,12,24,1,4.8765432098765435,27.864197530864196,3.1158888888888887,1.2984246913580249,3.074074074074074,7.222222222222222,14.74074074074074,3.753086419753086,24.19753086419753,2.559254320987655,1.1075148148148148,2.3703703703703702,5.0246913580246915,10.246913580246913
game_529,netherlands,uk,3600.01,2,24,3.007,1.211,1,7,32,3.5442,1.1244,5,5,10,5,10,0,4.814814814814815,25.925925925925927,2.9566864197530864,1.2508691358024693,2.9876543209876543,5.567901234567901,11.358024691358025,4.827160493827161,27.65432098765432,3.36750987654321,1.436020987654321,2.950617283950617,4.987654320987654,10.160493827160494
game_53,south_korea,uk,4096.42,5,26,2.9661,1.5414,3,6,26,3.3045,1.2868,4,11,22,7,14,0,5.37037037037037,30.049382716049383,3.171495061728395,1.3040666666666667,3.5185185185185186,7.950617283950617,16.382716049382715,4.839506172839506,27.728395061728396,3.3704691358024688,1.434016049382716,2.962962962962963,4.962962962962963,10.11111111111111
game_530,serbia,brazil,3600.01,7,41,3.7114000000000003,1.5393,4,8,33,3.6724,1.1892,5,7,14,8,16,0,5.074074074074074,29.80246913580247,3.3774901234567896,1.3985506172839506,3.271604938271605,6.37037037037037,12.950617283950617,5.148148148148148,26.28395061728395,3.318603703703704,1.4185246913580247,3.345679012345679,6.9753086419753085,14.234567901234568
game_531,rwanda,philippines,3600.01,1,27,2.9821,1.3459,1,8,27,2.6139,1.2192,6,6,12,6,12,0,4.074074074074074,25.91358024691358,2.726262962962963,1.2498012345679013,2.4814814814814814,8.197530864197532,16.71604938271605,3.654320987654321,25.59259259259259,2.6045827160493826,1.1330148148148147,2.3703703703703702,5.382716049382716,10.975308641975309
game_532,saudi_arabia,germany,3600.02,0,15,2.0227,1.5001,1,6,21,2.222,1.0098,3,5,10,6,12,0,3.8271604938271606,23.85185185185185,2.6782962962962964,1.1928185185185185,2.3950617283950617,6.0,12.209876543209877,4.790123456790123,25.074074074074073,2.924508641975309,1.2770012345679012,3.0864197530864197,5.555555555555555,11.209876543209877
game_533,china,new_zealand,3599.9900000000002,8,22,3.6638,1.3232,4,2,23,2.0007,0.95,1,3,8,13,26,1,4.6419753086419755,26.34567901234568,3.114237037037037,1.389769135802469,2.9012345679012346,5.703703703703703,11.604938271604938,4.074074074074074,26.567901234567902,2.9538753086419756,1.2885432098765432,2.691358024691358,6.716049382716049,13.703703703703704
game_534,india,ethiopia,3650.96,3,27,3.0036,1.1115,2,1,16,1.5298,0.8652,1,3,6,11,22,1,4.222222222222222,28.962962962962962,2.9176827160493826,1.2169358024691357,2.7037037037037037,5.617283950617284,11.432098765432098,4.962962962962963,26.864197530864196,2.936914814814815,1.2770888888888887,3.2839506172839505,7.172839506172839,14.580246913580247
game_535,pakistan,thailand,3600.0099999999998,3,31,3.6099,1.3451,2,2,26,3.2752,1.6131,1,5,10,5,10,1,5.049382716049383,29.950617283950617,3.47029012345679,1.4011506172839507,3.2222222222222223,8.037037037037036,16.320987654320987,5.530864197530864,28.641975308641975,3.5982925925925926,1.5022037037037037,3.617283950617284,7.037037037037037,14.382716049382717
game_536,usa,morocco,3599.99,0,28,3.3074,1.2869,0,4,20,2.1853000000000002,0.7594,2,7,14,11,22,0,4.555555555555555,26.45679012345679,3.0134,1.304879012345679,2.962962962962963,7.716049382716049,15.74074074074074,4.864197530864198,28.88888888888889,3.0533086419753084,1.2670530864197531,3.049382716049383,5.91358024691358,11.950617283950617
game_537,panama,netherlands,3599.99,2,25,2.9263,1.5016,1,4,24,2.787,0.9194,2,7,14,6,12,0,5.1234567901234565,27.28395061728395,3.142332098765432,1.3436135802469136,3.1358024691358026,5.481481481481482,11.246913580246913,4.790123456790123,25.925925925925927,2.9594024691358025,1.2544691358024693,2.9753086419753085,5.555555555555555,11.333333333333334
game_538,oman,mexico,3600.02,2,28,2.8158000000000003,1.201,3,6,17,1.5282,1.0123,4,6,12,9,18,0,4.506172839506172,26.51851851851852,2.9891518518518523,1.303187654320988,2.9382716049382718,9.234567901234568,18.97530864197531,4.2592592592592595,29.135802469135804,3.2398679012345672,1.3482617283950618,2.8641975308641974,7.246913580246914,14.604938271604938
game_539,uae,uk,3600.02,8,29,3.4067,1.246,5,6,27,2.8978,1.5755,3,6,14,6,12,1,3.814814814814815,23.728395061728396,2.5677617283950616,1.1056777777777778,2.432098765432099,5.938271604938271,12.345679012345679,4.839506172839506,27.71604938271605,3.37549012345679,1.4304518518518516,2.9753086419753085,4.9753086419753085,10.135802469135802
game_54,germany,philippines,3600.0,9,32,3.7561999999999998,1.7204,5,4,22,2.2807,0.9185,2,6,12,5,10,1,4.753086419753086,24.938271604938272,2.905567901234568,1.2682283950617284,3.0617283950617282,5.555555555555555,11.209876543209877,3.7037037037037037,25.65432098765432,2.6086962962962965,1.1367271604938272,2.419753086419753,5.395061728395062,11.0
game_540,indonesia,south_korea,3600.0,11,34,3.2643999999999997,1.2284,7,2,26,2.9536000000000002,0.9238999999999999,1,9,18,7,14,1,4.098765432098766,26.22222222222222,2.625135802469136,1.078646913580247,2.6419753086419755,5.0,10.209876543209877,5.407407407407407,30.049382716049383,3.171649382716049,1.3116901234567901,3.54320987654321,8.0,16.48148148148148
game_541,peru,guatemala,3599.99,5,35,3.5223,1.1659,4,0,25,2.583,0.8866999999999999,0,5,10,5,10,1,4.888888888888889,28.098765432098766,2.9756493827160493,1.2712135802469136,3.111111111111111,6.246913580246914,12.74074074074074,4.308641975308642,28.950617283950617,3.124753086419753,1.2649444444444444,2.8518518518518516,6.691358024691358,13.604938271604938
game_542,switzerland,iceland,4296.4,5,27,2.2323,1.0725,3,3,30,3.4017000000000004,1.0055,2,7,14,4,8,1,3.753086419753086,25.506172839506174,2.50690987654321,1.0702975308641973,2.4444444444444446,7.345679012345679,14.987654320987655,4.481481481481482,25.234567901234566,2.7982802469135803,1.2996395061728396,2.9135802469135803,7.160493827160494,14.790123456790123
game_543,mongolia,france,3599.98,3,33,3.4827000000000004,1.3533,2,4,26,2.5421,1.1082,3,1,2,8,16,0,3.6666666666666665,24.506172839506174,2.2730407407407407,0.9966234567901234,2.185185185185185,6.580246913580247,13.419753086419753,4.506172839506172,27.45679012345679,3.260620987654321,1.3301913580246914,2.9382716049382718,5.407407407407407,10.987654320987655
game_544,canada,singapore,3600.0099999999998,10,32,3.3608000000000002,1.3811,6,4,21,1.9881,0.9552,2,6,12,5,10,1,4.209876543209877,26.864197530864196,2.9354703703703704,1.256658024691358,2.6666666666666665,5.91358024691358,12.08641975308642,4.938271604938271,28.0,3.1485506172839504,1.3064172839506174,3.123456790123457,7.197530864197531,14.691358024691358
game_545,vietnam,kazakhstan,3600.02,2,19,1.9889,1.2142,2,1,20,2.4434,1.2045,1,7,14,3,6,1,4.111111111111111,25.28395061728395,2.7628333333333335,1.1977679012345679,2.728395061728395,6.8765432098765435,14.296296296296296,3.765432098765432,24.271604938271604,2.5600234567901237,1.1075061728395061,2.3703703703703702,5.135802469135802,10.469135802469136
game_546,netherlands,thailand,3600.0,8,22,2.3598000000000003,0.8761,7,5,22,2.382,1.0964,3,10,20,7,14,1,4.7407407407407405,25.950617283950617,2.9646765432098765,1.2550037037037038,2.9135802469135803,5.506172839506172,11.234567901234568,5.493827160493828,28.691358024691358,3.6093197530864196,1.5085827160493828,3.5925925925925926,7.012345679012346,14.333333333333334
game_547,india,canada,3599.99,0,21,2.2172,1.2307,1,2,27,2.7878,1.2405,2,7,14,8,16,0,4.2592592592592595,29.037037037037038,2.9273913580246917,1.2154641975308642,2.7160493827160495,5.567901234567901,11.333333333333334,4.308641975308642,26.925925925925927,2.9425444444444446,1.258393827160494,2.7160493827160495,5.888888888888889,12.037037037037036
game_548,ethiopia,uae,3649.23,2,25,3.0088,0.9773999999999999,1,3,19,1.6193,0.9137,2,3,6,4,11,0,4.950617283950617,26.753086419753085,2.9186555555555556,1.2757037037037036,3.2839506172839505,7.271604938271605,14.777777777777779,3.876543209876543,23.85185185185185,2.589828395061728,1.10978024691358,2.4691358024691357,5.962962962962963,12.382716049382717
game_549,iceland,oman,3599.98,4,30,4.0595,1.4779,2,0,30,2.8144,1.4575,0,4,8,13,26,1,4.469135802469136,25.234567901234566,2.7901592592592594,1.2938074074074075,2.9135802469135803,7.160493827160494,14.790123456790123,4.530864197530864,26.493827160493826,2.9891691358024692,1.3000209876543212,2.9753086419753085,9.148148148148149,18.80246913580247
game_55,serbia,peru,3599.98,3,24,2.9132,1.6229,2,7,31,2.7614,1.1522000000000001,4,5,10,7,14,0,5.1234567901234565,30.012345679012345,3.387344444444444,1.3975185185185186,3.2962962962962963,6.395061728395062,13.0,4.864197530864198,28.14814814814815,2.9850432098765434,1.2713827160493827,3.111111111111111,6.222222222222222,12.691358024691358
game_550,serbia,vietnam,3600.0,7,28,3.8527,1.3283,5,1,25,2.3941,1.1185,1,7,14,8,16,1,5.074074074074074,29.962962962962962,3.3757456790123452,1.4011555555555555,3.259259259259259,6.37037037037037,12.950617283950617,4.1234567901234565,25.209876543209877,2.7578308641975307,1.1989493827160496,2.740740740740741,6.864197530864198,14.271604938271604
game_551,saudi_arabia,peru,3599.9900000000002,0,16,1.7976999999999999,1.4264,1,3,24,2.4471,1.2424,2,5,10,7,14,0,3.8271604938271606,23.839506172839506,2.681074074074074,1.1937283950617283,2.3950617283950617,6.0,12.209876543209877,4.91358024691358,28.234567901234566,2.9889234567901233,1.270269135802469,3.1358024691358026,6.222222222222222,12.691358024691358
game_552,germany,mexico,4572.83,6,34,3.7984999999999998,1.5163,3,4,28,3.1894,1.6035,2,5,10,14,28,1,4.790123456790123,24.91358024691358,2.905045679012346,1.2707481481481482,3.0864197530864197,5.567901234567901,11.234567901234568,4.283950617283951,29.0,3.2193592592592593,1.3409629629629631,2.888888888888889,7.185185185185185,14.481481481481481
game_553,mongolia,philippines,3600.0,2,23,1.8616,1.1159000000000001,1,7,34,3.247,1.1926,4,4,8,5,10,0,3.6790123456790123,24.62962962962963,2.293054320987654,0.9995543209876544,2.197530864197531,6.54320987654321,13.345679012345679,3.6666666666666665,25.506172839506174,2.5967666666666664,1.1333432098765432,2.3950617283950617,5.395061728395062,11.0
game_554,switzerland,kazakhstan,3600.0099999999998,3,27,2.7222,1.4113,3,7,31,3.1463,0.9961,4,8,16,3,6,0,3.7777777777777777,25.506172839506174,2.500861728395062,1.0661148148148147,2.4444444444444446,7.333333333333333,14.962962962962964,3.691358024691358,24.135802469135804,2.551345679012346,1.110079012345679,2.3333333333333335,5.135802469135802,10.469135802469136
game_555,morocco,uk,3599.9900000000002,9,39,4.7907,1.6931,6,2,24,2.1109999999999998,1.1806,1,1,2,6,12,1,4.802469135802469,28.65432098765432,3.021143209876543,1.255525925925926,3.0,6.037037037037037,12.197530864197532,4.888888888888889,27.753086419753085,3.385203703703704,1.4353271604938271,3.0,4.9753086419753085,10.135802469135802
game_556,new_zealand,china,3599.99,1,25,2.5462000000000002,1.2114,2,1,22,2.5964,1.4363,1,4,8,5,10,1,4.08641975308642,26.54320987654321,2.947140740740741,1.285316049382716,2.6790123456790123,6.827160493827161,13.925925925925926,4.728395061728395,26.34567901234568,3.127414814814815,1.3883728395061727,2.9382716049382718,5.679012345679013,11.580246913580247
game_557,pakistan,brazil,3600.0099999999998,8,35,4.4621,1.9473,5,4,10,1.2171,0.9253,2,8,18,13,26,1,4.987654320987654,29.901234567901234,3.459769135802469,1.393716049382716,3.185185185185185,8.0,16.22222222222222,5.197530864197531,26.567901234567902,3.348916049382716,1.4217827160493828,3.382716049382716,6.91358024691358,14.11111111111111
game_558,usa,france,3599.98,4,24,2.9157,1.5583,2,6,23,2.9951,1.4244,3,9,18,5,10,0,4.506172839506172,26.506172839506174,3.018235802469136,1.3015283950617285,2.9382716049382718,7.691358024691358,15.691358024691358,4.481481481481482,27.493827160493826,3.2550283950617285,1.3262876543209876,2.9382716049382718,5.444444444444445,11.061728395061728
game_559,rwanda,panama,3599.9900000000002,0,27,2.9675000000000002,1.4628,0,1,28,2.9416,1.2073,1,9,18,7,14,0,4.08641975308642,25.91358024691358,2.7264432098765434,1.2483580246913581,2.493827160493827,8.160493827160494,16.641975308641975,5.135802469135802,27.246913580246915,3.142143209876543,1.347246913580247,3.1358024691358026,5.481481481481482,11.246913580246913
game_56,brazil,guatemala,3600.01,7,30,3.0253,1.3982999999999999,4,3,43,4.2247,1.529,2,8,16,4,8,1,5.160493827160494,26.320987654320987,3.3265925925925925,1.415943209876543,3.3580246913580245,6.9753086419753085,14.234567901234568,4.271604938271605,28.728395061728396,3.104485185185185,1.2570148148148148,2.8271604938271606,6.703703703703703,13.62962962962963
game_560,china,serbia,3600.02,3,34,4.2433,1.518,2,0,20,1.9230999999999998,0.9908,0,4,8,9,18,1,4.703703703703703,26.19753086419753,3.1070827160493826,1.3873641975308642,2.925925925925926,5.691358024691358,11.604938271604938,5.160493827160494,30.061728395061728,3.399567901234568,1.4053222222222224,3.3209876543209877,6.345679012345679,12.901234567901234
game_561,rwanda,canada,3600.0,3,20,2.1195,1.2159,2,5,27,2.9664,1.2167,3,6,12,3,6,0,4.049382716049383,26.0,2.7369123456790128,1.2514061728395063,2.4691358024691357,8.197530864197532,16.71604938271605,4.271604938271605,26.925925925925927,2.94033950617284,1.2586876543209877,2.7037037037037037,5.950617283950617,12.160493827160494
game_562,guatemala,pakistan,3600.02,8,31,3.3120000000000003,1.522,5,7,43,4.6358,1.7847,4,9,18,5,10,1,4.209876543209877,28.876543209876544,3.115753086419753,1.2571012345679011,2.7901234567901234,6.6419753086419755,13.506172839506172,5.0,29.80246913580247,3.457624691358024,1.3957234567901236,3.197530864197531,8.037037037037036,16.320987654320987
game_563,philippines,saudi_arabia,3599.99,4,22,2.3699,1.0731,4,2,14,1.4386,1.0078,1,4,8,5,10,1,3.7037037037037037,25.65432098765432,2.607595061728395,1.1348185185185184,2.3950617283950617,5.407407407407407,11.024691358024691,3.802469135802469,23.864197530864196,2.6855074074074072,1.1988962962962961,2.3950617283950617,6.0,12.209876543209877
game_564,morocco,usa,4213.95,8,40,4.9608,1.6702,4,7,30,3.0503,1.0935,5,7,14,11,22,0,4.814814814814815,28.641975308641975,3.019043209876543,1.2558086419753087,3.0246913580246915,5.962962962962963,12.049382716049383,4.469135802469136,26.432098765432098,3.0165740740740743,1.3072666666666666,2.9012345679012346,7.666666666666667,15.641975308641975
game_565,iceland,india,3600.0099999999998,7,25,2.6577,1.144,4,0,31,2.7119999999999997,1.1997,0,3,6,3,6,1,4.432098765432099,25.296296296296298,2.8074654320987653,1.2979296296296297,2.888888888888889,7.172839506172839,14.814814814814815,4.2592592592592595,28.91358024691358,2.921282716049383,1.2158469135802468,2.728395061728395,5.617283950617284,11.432098765432098
game_566,oman,singapore,3600.0,6,35,4.3039,1.8963,3,3,25,2.869,1.4934,2,12,24,7,14,1,4.45679012345679,26.432098765432098,2.9707802469135807,1.294603703703704,2.9382716049382718,9.160493827160494,18.82716049382716,4.950617283950617,27.950617283950617,3.137675308641975,1.299772839506173,3.123456790123457,7.172839506172839,14.641975308641975
game_567,france,panama,3600.02,3,26,2.9508,1.5298,4,5,26,3.3578,2.0831,3,4,8,7,16,1,4.518518518518518,27.45679012345679,3.255575308641975,1.3249864197530865,2.925925925925926,5.45679012345679,11.08641975308642,5.08641975308642,27.271604938271604,3.137004938271605,1.3364345679012346,3.111111111111111,5.481481481481482,11.222222222222221
game_568,ethiopia,vietnam,3600.01,6,31,3.9424,1.4028,4,3,19,1.7635999999999998,0.7813,2,3,6,11,22,1,4.901234567901234,26.679012345679013,2.90712962962963,1.2704518518518517,3.246913580246914,7.271604938271605,14.777777777777779,4.098765432098766,25.28395061728395,2.765614814814815,1.2031123456790123,2.728395061728395,6.827160493827161,14.197530864197532
game_569,mexico,uk,3600.02,4,29,3.5778,1.7617,3,0,26,2.8763,1.3177999999999999,0,5,10,8,16,1,4.283950617283951,28.987654320987655,3.214564197530864,1.33900987654321,2.876543209876543,7.296296296296297,14.703703703703704,4.91358024691358,27.728395061728396,3.375755555555555,1.4336333333333333,3.0123456790123457,4.950617283950617,10.08641975308642
game_57,vietnam,mongolia,3600.0099999999998,5,23,2.4981,1.1393,3,4,23,2.5895,1.4793,2,4,8,3,6,1,4.074074074074074,25.234567901234566,2.756546913580247,1.1986925925925926,2.7160493827160495,6.91358024691358,14.37037037037037,3.654320987654321,24.62962962962963,2.284067901234568,0.995067901234568,2.185185185185185,6.555555555555555,13.37037037037037
game_570,netherlands,indonesia,3599.99,5,18,2.1159,1.0141,3,4,22,1.8193,1.0674000000000001,2,6,12,2,4,1,4.777777777777778,26.0,2.967687654320988,1.2533,2.962962962962963,5.555555555555555,11.333333333333334,4.185185185185185,26.37037037037037,2.6429765432098766,1.0806345679012344,2.7037037037037037,5.08641975308642,10.382716049382717
game_571,new_zealand,germany,3600.01,2,21,2.6682,1.2898,2,3,14,1.6578,1.3381,3,8,16,9,18,0,4.074074074074074,26.59259259259259,2.9456345679012346,1.2843481481481482,2.6790123456790123,6.777777777777778,13.82716049382716,4.827160493827161,25.160493827160494,2.931474074074074,1.2729481481481482,3.0864197530864197,5.518518518518518,11.135802469135802
game_572,south_korea,thailand,4134.08,4,34,3.5187,1.8363,4,6,31,3.738,1.6072,5,11,24,5,13,0,5.382716049382716,29.950617283950617,3.164672839506172,1.300425925925926,3.506172839506173,7.950617283950617,16.358024691358025,5.481481481481482,28.580246913580247,3.592579012345679,1.5022765432098766,3.567901234567901,7.037037037037037,14.345679012345679
game_573,uae,peru,5368.26,3,34,3.6612999999999998,1.4029,2,5,39,3.2478000000000002,1.458,3,3,6,10,20,0,3.876543209876543,23.666666666666668,2.564618518518518,1.1037407407407407,2.4691358024691357,5.9753086419753085,12.444444444444445,4.888888888888889,28.049382716049383,2.979038271604938,1.2676074074074073,3.123456790123457,6.185185185185185,12.617283950617283
game_574,mongolia,switzerland,4501.41,4,25,2.3112,0.9782,2,4,30,2.9052,1.0825,3,11,22,9,18,0,3.654320987654321,24.604938271604937,2.2875037037037034,1.0012543209876543,2.185185185185185,6.45679012345679,13.17283950617284,3.765432098765432,25.469135802469136,2.498602469135802,1.0701740740740742,2.4444444444444446,7.320987654320987,14.938271604938272
game_575,kazakhstan,brazil,3600.0,2,23,2.0977,1.2505,1,3,30,4.2753,1.5528,2,7,14,5,10,0,3.753086419753086,24.234567901234566,2.5642913580246915,1.106938271604938,2.3703703703703702,5.08641975308642,10.37037037037037,5.209876543209877,26.320987654320987,3.3111604938271606,1.4140358024691357,3.382716049382716,7.012345679012346,14.308641975308642
game_576,india,new_zealand,4729.15,3,24,2.5811,1.1571,2,5,39,3.8205,1.4575,3,8,16,6,12,0,4.222222222222222,29.0,2.922898765432099,1.2163728395061728,2.7037037037037037,5.555555555555555,11.308641975308642,4.037037037037037,26.37037037037037,2.9314086419753087,1.2822777777777778,2.6666666666666665,6.802469135802469,13.876543209876543
game_577,switzerland,saudi_arabia,3600.0099999999998,2,17,1.6595,0.8807,2,7,29,3.0942,0.9848,4,9,20,4,8,0,3.7901234567901234,25.62962962962963,2.5139814814814816,1.0726654320987654,2.45679012345679,7.320987654320987,14.91358024691358,3.740740740740741,23.679012345679013,2.665067901234568,1.1991802469135802,2.3580246913580245,6.012345679012346,12.234567901234568
game_578,usa,peru,4122.08,3,21,2.3923,1.3686,3,7,35,3.5166,1.5146,4,7,14,6,12,0,4.518518518518518,26.54320987654321,3.0246975308641972,1.3038703703703705,2.925925925925926,7.716049382716049,15.74074074074074,4.864197530864198,28.098765432098766,2.9757197530864197,1.2669086419753086,3.111111111111111,6.234567901234568,12.716049382716049
game_579,iceland,serbia,3600.01,8,28,2.9987,1.0837999999999999,5,2,23,2.3379,1.2584,2,6,12,5,10,1,4.419753086419753,25.25925925925926,2.8032555555555554,1.2986728395061728,2.876543209876543,7.135802469135802,14.74074074074074,5.135802469135802,30.02469135802469,3.394446913580247,1.4020185185185186,3.2962962962962963,6.395061728395062,13.0
game_58,usa,singapore,3600.0,7,30,4.0328,1.3769,4,0,23,2.2963,1.1718,0,5,10,9,18,1,4.469135802469136,26.432098765432098,3.0044444444444443,1.3037679012345678,2.9135802469135803,7.7407407407407405,15.790123456790123,4.987654320987654,27.97530864197531,3.1447456790123454,1.3037432098765431,3.1481481481481484,7.148148148148148,14.592592592592593
game_580,germany,kazakhstan,3600.0,6,19,2.5829,1.023,3,0,21,2.0595,1.1416,0,5,10,6,12,1,4.790123456790123,25.098765432098766,2.9200530864197534,1.2768382716049382,3.0864197530864197,5.567901234567901,11.234567901234568,3.7777777777777777,24.25925925925926,2.564762962962963,1.1082827160493827,2.382716049382716,5.098765432098766,10.395061728395062
game_581,brazil,china,3599.9900000000002,0,28,3.0359,1.6203,1,2,17,1.835,1.1222,2,7,14,3,6,0,5.246913580246914,26.34567901234568,3.3264617283950617,1.4132024691358023,3.3950617283950617,6.987654320987654,14.25925925925926,4.716049382716049,26.40740740740741,3.136814814814815,1.3922506172839504,2.925925925925926,5.703703703703703,11.62962962962963
game_582,rwanda,pakistan,3600.0099999999998,3,27,2.6658999999999997,1.1616,4,2,25,3.2637,1.4085,1,11,22,4,8,1,4.049382716049383,25.91358024691358,2.730166666666667,1.2520765432098766,2.4444444444444446,8.135802469135802,16.59259259259259,5.061728395061729,30.02469135802469,3.4745641975308645,1.400367901234568,3.234567901234568,8.049382716049383,16.34567901234568
game_583,uk,morocco,3599.99,5,28,2.8002000000000002,1.3226,3,3,20,2.0194,1.2197,2,4,8,3,6,1,4.851851851851852,27.703703703703702,3.3766950617283946,1.4335740740740741,2.9753086419753085,5.0,10.185185185185185,4.8765432098765435,28.88888888888889,3.055356790123457,1.2613703703703703,3.049382716049383,6.012345679012346,12.148148148148149
game_584,guatemala,mexico,4075.51,4,32,2.9989000000000003,1.1204,4,8,39,3.8463000000000003,1.1317,5,10,20,9,18,0,4.2592592592592595,28.864197530864196,3.1196185185185183,1.2620592592592592,2.802469135802469,6.62962962962963,13.481481481481481,4.234567901234568,28.864197530864196,3.2112493827160495,1.3467876543209878,2.8518518518518516,7.246913580246914,14.604938271604938
game_585,france,oman,3599.98,7,26,3.6225,1.3575000000000002,4,6,22,2.6197999999999997,0.7394000000000001,5,8,16,13,26,0,4.469135802469136,27.45679012345679,3.2472827160493827,1.3271135802469136,2.925925925925926,5.407407407407407,10.987654320987655,4.45679012345679,26.59259259259259,2.991571604938272,1.3088864197530865,2.9135802469135803,9.148148148148149,18.80246913580247
game_586,ethiopia,indonesia,4511.4,4,39,4.251,1.7148,4,4,36,3.1056,1.0945,3,6,12,7,14,1,4.925925925925926,26.580246913580247,2.9033197530864197,1.2666,3.246913580246914,7.234567901234568,14.703703703703704,4.185185185185185,26.19753086419753,2.6270962962962963,1.0803,2.691358024691358,5.0246913580246915,10.25925925925926
game_587,netherlands,panama,3935.04,7,27,2.7416,1.2713,4,5,24,2.916,1.1200999999999999,3,7,14,1,2,1,4.753086419753086,25.88888888888889,2.959962962962963,1.2501246913580248,2.950617283950617,5.54320987654321,11.308641975308642,5.08641975308642,27.296296296296298,3.142459259259259,1.3483234567901234,3.111111111111111,5.555555555555555,11.395061728395062
game_588,south_korea,canada,3600.0099999999998,4,32,3.6684,1.348,2,1,25,2.6551,1.2952,1,6,12,7,14,1,5.382716049382716,29.97530864197531,3.1628246913580242,1.3064543209876542,3.5308641975308643,8.012345679012345,16.506172839506174,4.320987654320987,26.950617283950617,2.944182716049383,1.2577185185185187,2.728395061728395,5.901234567901234,12.061728395061728
game_589,singapore,vietnam,3600.01,5,25,2.9788,1.4393,3,3,24,2.8165,1.2572,2,11,22,6,12,1,4.925925925925926,27.950617283950617,3.1363197530864193,1.3004407407407408,3.111111111111111,7.1234567901234565,14.54320987654321,4.098765432098766,25.22222222222222,2.7526160493827163,1.197237037037037,2.728395061728395,6.888888888888889,14.320987654320987
game_59,thailand,kazakhstan,3600.0,6,18,2.4251,1.3988,5,6,19,1.9215,1.3421,4,6,12,6,12,1,5.481481481481482,28.74074074074074,3.6087876543209876,1.5048493827160494,3.567901234567901,7.0246913580246915,14.358024691358025,3.7037037037037037,24.28395061728395,2.566466666666667,1.1058074074074074,2.3333333333333335,5.098765432098766,10.395061728395062
game_590,mongolia,thailand,3599.9900000000002,9,27,2.6329000000000002,1.0849,5,0,22,2.4224,1.4113,2,3,6,11,24,1,3.5925925925925926,24.580246913580247,2.283532098765432,0.9999370370370371,2.1481481481481484,6.555555555555555,13.37037037037037,5.555555555555555,28.691358024691358,3.608820987654321,1.5046950617283952,3.6049382716049383,6.962962962962963,14.209876543209877
game_591,uae,philippines,4407.49,3,32,3.3239,1.2949,3,1,34,3.0393,1.2202,2,3,6,4,8,1,3.876543209876543,23.691358024691358,2.568783950617284,1.105074074074074,2.45679012345679,5.9753086419753085,12.444444444444445,3.740740740740741,25.506172839506174,2.599330864197531,1.1330024691358023,2.419753086419753,5.407407407407407,11.024691358024691
game_592,peru,thailand,3600.02,1,26,2.5493,1.0783,2,6,29,3.3995,1.409,6,9,18,4,8,0,4.938271604938271,28.209876543209877,2.987661728395062,1.272295061728395,3.1358024691358026,6.197530864197531,12.641975308641975,5.481481481481482,28.604938271604937,3.596758024691358,1.5047234567901233,3.5555555555555554,7.049382716049383,14.407407407407407
game_593,usa,ethiopia,3599.99,7,32,3.6361,1.3712,4,4,21,2.162,1.0146,2,7,14,6,12,1,4.469135802469136,26.40740740740741,3.009341975308642,1.3038382716049384,2.9135802469135803,7.716049382716049,15.74074074074074,4.925925925925926,26.80246913580247,2.92910987654321,1.2752444444444444,3.271604938271605,7.234567901234568,14.703703703703704
game_594,saudi_arabia,netherlands,3600.0,3,19,1.8897,1.157,2,0,21,2.5414,1.166,0,11,22,4,8,1,3.7901234567901234,23.80246913580247,2.679938271604938,1.1970543209876543,2.382716049382716,5.925925925925926,12.061728395061728,4.839506172839506,25.962962962962962,2.9624345679012345,1.2514246913580247,3.0,5.580246913580247,11.382716049382717
game_595,india,oman,3600.0,9,37,4.0516,0.9451,6,4,24,2.7603,1.0576,2,4,8,9,18,1,4.148148148148148,28.839506172839506,2.9047444444444444,1.2189901234567901,2.654320987654321,5.604938271604938,11.407407407407407,4.481481481481482,26.567901234567902,2.989837037037037,1.3049580246913581,2.950617283950617,9.197530864197532,18.901234567901234
game_596,serbia,iceland,3599.99,4,35,3.7270000000000003,1.2661,4,0,23,2.4978000000000002,1.3523,0,9,18,8,16,1,5.111111111111111,29.876543209876544,3.3772975308641975,1.4019234567901235,3.271604938271605,6.345679012345679,12.901234567901234,4.518518518518518,25.320987654320987,2.8094395061728394,1.295358024691358,2.9382716049382718,7.111111111111111,14.691358024691358
game_597,pakistan,canada,4116.23,4,29,3.1345,1.2215,2,4,39,4.6247,1.593,3,12,24,6,12,0,5.037037037037037,29.97530864197531,3.476159259259259,1.4026765432098764,3.2222222222222223,7.950617283950617,16.14814814814815,4.283950617283951,26.77777777777778,2.919866666666667,1.254041975308642,2.7037037037037037,5.91358024691358,12.08641975308642
game_598,uae,china,3682.42,5,20,1.8647,1.3104,5,6,40,4.1878,1.508,4,4,8,4,8,1,3.8518518518518516,23.839506172839506,2.5867987654320985,1.1048827160493826,2.432098765432099,5.962962962962963,12.419753086419753,4.666666666666667,26.123456790123456,3.107767901234568,1.3874876543209875,2.9012345679012346,5.691358024691358,11.604938271604938
game_599,morocco,mexico,3600.02,5,25,2.2076000000000002,1.1765,3,5,25,2.3031,1.4544000000000001,4,2,4,6,12,0,4.851851851851852,28.82716049382716,3.053033333333333,1.2619037037037035,3.037037037037037,6.0246913580246915,12.17283950617284,4.271604938271605,29.037037037037038,3.2303012345679014,1.3428037037037037,2.8641975308641974,7.283950617283951,14.679012345679013
game_6,indonesia,new_zealand,3619.73,6,26,2.8807,1.2227999999999999,4,10,30,3.5877,1.3389,5,5,10,4,8,0,4.160493827160494,26.320987654320987,2.629872839506173,1.078716049382716,2.6790123456790123,5.049382716049383,10.308641975308642,3.9753086419753085,26.48148148148148,2.9342827160493825,1.283741975308642,2.6419753086419755,6.827160493827161,13.925925925925926
game_60,canada,mexico,3600.0,5,32,3.7547,1.4806000000000001,3,9,28,2.7776,1.3487,5,6,12,7,14,0,4.271604938271605,26.864197530864196,2.9306074074074075,1.2554296296296297,2.7037037037037037,5.91358024691358,12.08641975308642,4.222222222222222,29.0,3.2244432098765428,1.3441086419753088,2.8518518518518516,7.271604938271605,14.654320987654321
game_600,mongolia,indonesia,3599.99,0,19,1.8524,1.1621000000000001,0,3,21,1.8021,0.987,2,4,8,6,12,0,3.7037037037037037,24.679012345679013,2.293167901234568,0.9989839506172841,2.2098765432098766,6.54320987654321,13.345679012345679,4.197530864197531,26.382716049382715,2.643188888888889,1.0816271604938272,2.7037037037037037,5.037037037037037,10.283950617283951
game_601,germany,rwanda,3599.98,4,24,2.9439,1.0979,4,4,23,2.8409,1.3587,2,5,10,7,14,1,4.814814814814815,25.037037037037038,2.9155962962962962,1.2759135802469137,3.074074074074074,5.567901234567901,11.234567901234568,4.037037037037037,25.962962962962962,2.7280061728395064,1.2496432098765433,2.4691358024691357,8.185185185185185,16.691358024691358
game_602,panama,brazil,3600.0,4,33,4.0459000000000005,1.6364999999999998,4,0,20,2.0994,1.2657,0,7,14,13,29,1,5.098765432098766,27.185185185185187,3.1285098765432098,1.3419481481481481,3.0987654320987654,5.481481481481482,11.246913580246913,5.246913580246914,26.444444444444443,3.3380234567901237,1.4175802469135803,3.4074074074074074,6.91358024691358,14.074074074074074
game_603,vietnam,south_korea,3600.01,4,22,2.3522,1.1195,2,5,26,3.1703,1.4143,4,9,20,8,16,0,4.08641975308642,25.246913580246915,2.758348148148148,1.1989370370370371,2.728395061728395,6.851851851851852,14.222222222222221,5.37037037037037,30.049382716049383,3.168974074074074,1.305635802469136,3.506172839506173,7.987654320987654,16.45679012345679
game_604,philippines,singapore,4764.26,3,36,4.1925,1.533,3,4,32,3.8680000000000003,1.4613,2,8,16,11,22,1,3.7160493827160495,25.48148148148148,2.585093827160494,1.1291407407407406,2.4074074074074074,5.3580246913580245,10.925925925925926,4.938271604938271,27.864197530864196,3.1253419753086416,1.3001691358024692,3.123456790123457,7.1234567901234565,14.54320987654321
game_605,guatemala,france,3599.9900000000002,2,27,2.7814,1.4355,1,9,23,2.0577,0.9586,5,7,14,4,8,0,4.283950617283951,28.925925925925927,3.122303703703704,1.2581691358024691,2.8395061728395063,6.666666666666667,13.555555555555555,4.444444444444445,27.493827160493826,3.266601234567901,1.3320382716049384,2.9135802469135803,5.45679012345679,11.08641975308642
game_606,new_zealand,uk,3600.0,2,24,2.6644,1.2881,1,4,20,2.8385,1.4296,2,6,12,4,8,0,4.074074074074074,26.555555555555557,2.9456814814814813,1.2843691358024691,2.691358024691358,6.802469135802469,13.876543209876543,4.864197530864198,27.80246913580247,3.3762222222222222,1.4322530864197531,2.9876543209876543,5.0,10.185185185185185
game_607,thailand,canada,3600.01,19,38,4.4997,1.8192,10,5,22,2.1323,1.0341,3,7,14,9,18,1,5.320987654320987,28.493827160493826,3.583175308641975,1.4996592592592592,3.506172839506173,7.012345679012346,14.333333333333334,4.271604938271605,26.987654320987655,2.9506370370370374,1.260941975308642,2.7037037037037037,5.8765432098765435,12.012345679012345
game_608,france,philippines,4915.56,8,32,3.4209,1.604,5,9,44,4.8227,1.6125,6,7,14,8,16,0,4.45679012345679,27.382716049382715,3.2497716049382714,1.3240703703703705,2.9135802469135803,5.419753086419753,11.012345679012345,3.6419753086419755,25.382716049382715,2.577313580246914,1.1281592592592593,2.3703703703703702,5.3580246913580245,10.925925925925926
game_609,panama,saudi_arabia,3600.0099999999998,2,30,3.4268,1.6713,1,4,25,2.5473,1.3808,2,4,10,5,10,0,5.1234567901234565,27.22222222222222,3.136153086419753,1.3415185185185186,3.1358024691358026,5.518518518518518,11.296296296296296,3.7777777777777777,23.728395061728396,2.6718197530864196,1.1942913580246914,2.382716049382716,6.0,12.209876543209877
game_61,indonesia,uae,3600.01,7,22,1.6115,1.0044,4,4,31,3.2452,1.7584,3,5,10,2,6,1,4.148148148148148,26.37037037037037,2.645541975308642,1.0814123456790123,2.6790123456790123,5.049382716049383,10.308641975308642,3.8641975308641974,23.703703703703702,2.5697555555555556,1.099351851851852,2.45679012345679,5.987654320987654,12.444444444444445
game_610,china,india,3600.0,0,12,1.4894,1.0673,0,4,35,3.4955,1.1277,3,9,18,5,10,0,4.7407407407407405,26.469135802469136,3.1410814814814816,1.3929283950617284,2.950617283950617,5.62962962962963,11.481481481481481,4.209876543209877,28.864197530864196,2.91160987654321,1.2167358024691357,2.691358024691358,5.592592592592593,11.382716049382717
game_611,morocco,iceland,3654.19,2,34,3.0832,1.3795,2,4,27,2.5144,1.5459,3,7,14,3,6,0,4.888888888888889,28.71604938271605,3.0422234567901234,1.2593975308641976,3.049382716049383,5.962962962962963,12.049382716049383,4.469135802469136,25.271604938271604,2.8092345679012345,1.2929679012345678,2.9012345679012346,7.172839506172839,14.814814814814815
game_612,serbia,ethiopia,3953.14,8,34,4.1967,1.0752,5,7,36,3.8931,1.2899,4,11,22,11,22,1,5.061728395061729,29.88888888888889,3.3714987654320985,1.4042802469135802,3.259259259259259,6.320987654320987,12.851851851851851,4.888888888888889,26.617283950617285,2.9077382716049383,1.2718456790123456,3.246913580246914,7.172839506172839,14.580246913580247
game_613,mexico,uae,3600.0099999999998,6,30,3.1181,1.1985999999999999,4,0,16,1.3422,0.9522,0,3,6,6,12,1,4.2592592592592595,28.97530864197531,3.220239506172839,1.3459617283950618,2.8641975308641974,7.320987654320987,14.753086419753087,3.9135802469135803,23.88888888888889,2.593249382716049,1.1093049382716047,2.493827160493827,5.938271604938271,12.37037037037037
game_614,pakistan,netherlands,5325.26,4,43,4.2292000000000005,1.4107,3,1,41,5.3192,1.1695,2,14,28,7,14,1,5.037037037037037,29.80246913580247,3.4626444444444444,1.4003407407407407,3.2098765432098766,7.925925925925926,16.098765432098766,4.827160493827161,25.71604938271605,2.9281407407407407,1.2513814814814817,2.9753086419753085,5.54320987654321,11.308641975308642
game_615,rwanda,usa,3927.35,12,34,3.994,1.2082,8,8,27,3.3715,1.2596,7,6,15,12,26,1,3.9382716049382718,25.82716049382716,2.7137703703703706,1.2515012345679013,2.3950617283950617,8.197530864197532,16.679012345679013,4.45679012345679,26.469135802469136,3.0126086419753086,1.305216049382716,2.876543209876543,7.654320987654321,15.592592592592593
game_616,germany,brazil,4259.53,6,21,2.129,0.8018,3,8,32,4.7345,1.4401000000000002,4,9,18,7,14,0,4.790123456790123,25.074074074074073,2.925656790123457,1.2795691358024692,3.0864197530864197,5.518518518518518,11.135802469135802,5.148148148148148,26.296296296296298,3.305491358024691,1.415427160493827,3.3580246913580245,6.987654320987654,14.25925925925926
game_617,switzerland,oman,3599.99,3,35,3.9905000000000004,1.1099999999999999,3,7,28,3.2165,1.0901,4,6,12,15,30,0,3.7777777777777777,25.40740740740741,2.4852037037037036,1.0698345679012344,2.4444444444444446,7.3580246913580245,15.012345679012345,4.444444444444445,26.51851851851852,2.9842049382716054,1.3045567901234567,2.925925925925926,9.123456790123457,18.753086419753085
game_618,uk,new_zealand,3600.0,2,17,2.0299,1.2128,1,3,30,3.0603,1.3917,2,5,10,5,10,0,4.888888888888889,27.839506172839506,3.386204938271605,1.4349296296296297,3.0,4.987654320987654,10.160493827160494,4.061728395061729,26.48148148148148,2.9407938271604936,1.2830901234567902,2.6790123456790123,6.814814814814815,13.901234567901234
game_619,indonesia,vietnam,3599.99,0,26,3.0715,1.0397,0,5,24,2.7328,1.0096,3,4,8,5,10,0,4.234567901234568,26.320987654320987,2.6275172839506173,1.0809765432098766,2.728395061728395,5.061728395061729,10.333333333333334,4.074074074074074,25.22222222222222,2.7536493827160493,1.2002938271604937,2.7160493827160495,6.901234567901234,14.345679012345679
game_62,guatemala,saudi_arabia,3599.99,3,21,2.2497,1.1358000000000001,2,1,30,2.8996,1.0198,1,3,6,5,10,1,4.271604938271605,29.0,3.128867901234568,1.2618691358024692,2.8271604938271606,6.716049382716049,13.654320987654321,3.814814814814815,23.666666666666668,2.6674703703703706,1.1987481481481481,2.3950617283950617,6.0,12.209876543209877
game_620,singapore,peru,3599.99,0,22,2.8764000000000003,1.2529,0,5,29,3.1418,1.1459,3,5,10,5,10,0,4.987654320987654,27.987654320987655,3.137583950617284,1.302741975308642,3.1481481481481484,7.197530864197531,14.691358024691358,4.888888888888889,28.17283950617284,2.980346913580247,1.2714604938271605,3.123456790123457,6.246913580246914,12.74074074074074
game_621,mongolia,kazakhstan,3600.0,5,23,2.3697,1.2128999999999999,3,0,18,1.5985,1.0513,0,1,2,6,12,1,3.6419753086419755,24.62962962962963,2.2867814814814813,0.9983567901234568,2.1728395061728394,6.580246913580247,13.419753086419753,3.7777777777777777,24.296296296296298,2.5704543209876545,1.1093975308641975,2.382716049382716,5.098765432098766,10.395061728395062
game_622,guatemala,south_korea,3600.0,3,25,2.9891,1.5787,2,4,30,2.6535,1.0988,4,9,18,10,20,0,4.271604938271605,28.950617283950617,3.1197395061728392,1.2564012345679012,2.8271604938271606,6.6419753086419755,13.506172839506172,5.382716049382716,30.0,3.175354320987654,1.309530864197531,3.506172839506173,7.962962962962963,16.40740740740741
game_623,usa,saudi_arabia,3599.9900000000002,0,33,3.3733,1.4712,0,6,24,2.8357,0.7034,5,11,22,6,12,0,4.555555555555555,26.395061728395063,3.0125864197530863,1.3026037037037037,2.962962962962963,7.666666666666667,15.641975308641975,3.753086419753086,23.74074074074074,2.6682592592592593,1.2026543209876541,2.345679012345679,5.987654320987654,12.185185185185185
game_624,uae,thailand,4348.38,7,18,1.6406,0.8926,4,6,32,3.8182,1.3384,3,10,22,7,14,1,3.8271604938271606,23.864197530864196,2.589565432098765,1.1100407407407407,2.4444444444444446,5.888888888888889,12.246913580246913,5.481481481481482,28.567901234567902,3.591588888888889,1.505595061728395,3.5925925925925926,7.012345679012346,14.333333333333334
game_625,mongolia,panama,4759.7300000000005,5,32,2.9254,1.2834,3,6,37,4.8449,1.7008,4,9,18,11,22,0,3.6419753086419755,24.51851851851852,2.2799209876543207,0.9974864197530865,2.1728395061728394,6.481481481481482,13.222222222222221,5.074074074074074,27.135802469135804,3.118645679012346,1.3411543209876542,3.0987654320987654,5.432098765432099,11.148148148148149
game_626,france,new_zealand,3600.0,8,25,2.9106,1.2078,4,4,18,2.1807,1.4033,3,8,16,8,16,1,4.45679012345679,27.469135802469136,3.256071604938272,1.3289617283950617,2.925925925925926,5.407407407407407,10.987654320987655,4.049382716049383,26.62962962962963,2.951653086419753,1.282946913580247,2.6666666666666665,6.777777777777778,13.82716049382716
game_627,rwanda,canada,3600.0099999999998,2,21,2.1707,1.1078999999999999,1,10,24,2.7934,1.1728999999999998,5,7,14,7,14,0,4.061728395061729,25.987654320987655,2.73628024691358,1.2527395061728395,2.4814814814814814,8.185185185185185,16.691358024691358,4.209876543209877,26.962962962962962,2.9424753086419755,1.2592283950617285,2.6790123456790123,5.901234567901234,12.061728395061728
game_628,serbia,germany,3599.9900000000002,9,36,4.8846,1.458,5,2,23,2.3539,1.0555,1,3,6,8,16,1,5.049382716049383,29.864197530864196,3.363006172839506,1.3995543209876544,3.259259259259259,6.419753086419753,13.049382716049383,4.839506172839506,25.049382716049383,2.9228802469135804,1.276437037037037,3.111111111111111,5.530864197530864,11.160493827160494
game_629,singapore,morocco,3600.0,4,27,2.2392,1.3279999999999998,3,0,21,2.4081,1.0286,1,6,12,4,8,1,4.938271604938271,27.925925925925927,3.14545061728395,1.3018148148148148,3.111111111111111,7.185185185185185,14.666666666666666,4.91358024691358,28.876543209876544,3.050558024691358,1.2637296296296296,3.0617283950617282,6.0,12.123456790123457
game_63,new_zealand,serbia,3600.03,10,27,3.1903,1.1885,6,5,24,2.9715,1.6806,4,11,22,8,16,1,3.9753086419753085,26.51851851851852,2.939188888888889,1.2855987654320988,2.6296296296296298,6.7407407407407405,13.753086419753087,5.098765432098766,30.012345679012345,3.3866246913580245,1.3968061728395063,3.271604938271605,6.3580246913580245,12.925925925925926
game_630,guatemala,south_korea,3600.0,10,35,5.1437,0.88,5,2,27,1.9337,0.7381,2,5,13,14,31,1,4.185185185185185,28.82716049382716,3.0931395061728395,1.2650271604938272,2.7901234567901234,6.691358024691358,13.567901234567902,5.407407407407407,30.037037037037038,3.1842407407407407,1.313983950617284,3.5308641975308643,7.91358024691358,16.271604938271604
game_631,brazil,pakistan,3599.98,4,21,2.6283,1.4181,3,9,37,3.4603,1.4735,5,6,12,4,8,0,5.197530864197531,26.432098765432098,3.331493827160494,1.4156987654320987,3.3703703703703702,7.0,14.283950617283951,4.9753086419753085,29.876543209876544,3.4721370370370366,1.3995654320987654,3.185185185185185,8.049382716049383,16.34567901234568
game_632,india,china,3600.0,4,22,1.9589,1.079,2,0,27,3.2239,1.29,0,7,14,6,12,1,4.209876543209877,29.02469135802469,2.93058024691358,1.217337037037037,2.7037037037037037,5.567901234567901,11.333333333333334,4.7407407407407405,26.28395061728395,3.119667901234568,1.3901790123456788,2.950617283950617,5.666666666666667,11.555555555555555
game_633,uk,ethiopia,3599.98,8,37,4.572900000000001,1.8019,5,10,32,3.3374,1.6464,6,4,8,5,10,0,4.814814814814815,27.59259259259259,3.35480987654321,1.4276567901234567,2.950617283950617,5.0,10.185185185185185,4.851851851851852,26.666666666666668,2.914598765432099,1.2674444444444444,3.2222222222222223,7.246913580246914,14.728395061728396
game_634,kazakhstan,philippines,3600.0,1,13,1.492,0.871,1,0,17,1.7298,0.9617,0,4,8,5,10,1,3.765432098765432,24.358024691358025,2.5717691358024695,1.1116234567901235,2.3703703703703702,5.1234567901234565,10.444444444444445,3.753086419753086,25.71604938271605,2.6154975308641975,1.1361938271604939,2.4444444444444446,5.395061728395062,11.0
game_635,iceland,peru,3600.01,2,15,1.5964,0.9383,1,6,27,2.5273,0.9909,4,7,14,8,18,0,4.493827160493828,25.419753086419753,2.820567901234568,1.3004691358024691,2.925925925925926,7.1234567901234565,14.716049382716049,4.8765432098765435,28.19753086419753,2.9879333333333333,1.273374074074074,3.111111111111111,6.209876543209877,12.641975308641975
game_636,switzerland,netherlands,3600.01,5,24,1.9068,1.2025,3,6,25,2.4144,1.3091,4,6,12,2,4,0,3.753086419753086,25.54320987654321,2.5109283950617285,1.0686925925925925,2.4444444444444446,7.3580246913580245,15.012345679012345,4.765432098765432,25.91358024691358,2.9640024691358025,1.249658024691358,2.950617283950617,5.604938271604938,11.432098765432098
game_637,indonesia,oman,3600.0,3,32,3.3369,1.1688,2,8,24,2.7134,1.3772,4,7,14,8,16,0,4.197530864197531,26.246913580246915,2.6242407407407407,1.0793827160493825,2.7037037037037037,5.0246913580246915,10.25925925925926,4.432098765432099,26.567901234567902,2.9904160493827163,1.3010123456790124,2.925925925925926,9.209876543209877,18.925925925925927
game_638,thailand,mongolia,3600.0,6,32,4.3575,1.5875,4,2,23,1.4987,0.8036,1,6,15,14,30,1,5.481481481481482,28.567901234567902,3.5849308641975304,1.5025197530864196,3.580246913580247,7.0246913580246915,14.320987654320987,3.6790123456790123,24.62962962962963,2.2975345679012342,1.00340987654321,2.197530864197531,6.419753086419753,13.074074074074074
game_639,saudi_arabia,south_korea,3599.99,5,19,2.3015999999999996,0.7515000000000001,3,3,16,1.4338,0.9238,2,4,8,8,16,1,3.765432098765432,23.80246913580247,2.674853086419753,1.2020604938271604,2.3703703703703702,6.012345679012346,12.234567901234568,5.395061728395062,30.17283950617284,3.190412345679012,1.3116913580246914,3.5308641975308643,7.987654320987654,16.45679012345679
game_64,thailand,ethiopia,3599.99,4,25,2.9768000000000003,1.3752,2,7,21,2.1217,0.7702,4,8,18,9,18,0,5.506172839506172,28.65432098765432,3.6019765432098763,1.5051407407407407,3.6049382716049383,7.0,14.283950617283951,4.888888888888889,26.80246913580247,2.9296074074074077,1.2782617283950617,3.246913580246914,7.197530864197531,14.62962962962963
game_640,canada,rwanda,3861.7400000000002,5,36,4.4098,1.4241,3,8,26,2.6328,1.1216,4,7,14,7,14,0,4.271604938271605,26.814814814814813,2.92251975308642,1.2561271604938273,2.7037037037037037,5.901234567901234,12.061728395061728,3.9876543209876543,25.925925925925927,2.7305753086419755,1.2525703703703703,2.4444444444444446,8.185185185185185,16.691358024691358
game_641,switzerland,pakistan,3822.3900000000003,5,21,2.4222,0.8903,4,4,30,3.2808,1.4258,3,8,16,12,24,1,3.753086419753086,25.580246913580247,2.5045654320987656,1.072546913580247,2.432098765432099,7.333333333333333,14.962962962962964,5.037037037037037,29.962962962962962,3.474353086419753,1.4001543209876544,3.2098765432098766,7.950617283950617,16.14814814814815
game_642,panama,serbia,3599.9900000000002,14,40,4.5136,1.27,9,5,25,2.6183,1.1859,3,4,8,10,20,1,4.9753086419753085,27.098765432098766,3.1227358024691356,1.346472839506173,3.037037037037037,5.518518518518518,11.320987654320987,5.098765432098766,30.0,3.390985185185185,1.4029135802469135,3.2839506172839505,6.333333333333333,12.876543209876543
game_643,iceland,uae,3599.97,5,24,2.0888999999999998,1.0486,4,0,14,1.1242,0.7467,0,3,6,2,4,1,4.45679012345679,25.308641975308642,2.814487654320988,1.2991074074074076,2.888888888888889,7.172839506172839,14.814814814814815,3.9135802469135803,23.91358024691358,2.5959407407407404,1.111841975308642,2.493827160493827,5.987654320987654,12.469135802469136
game_644,india,indonesia,3600.01,2,29,2.8398,1.4926,2,11,45,5.2062,1.203,6,11,24,7,14,0,4.234567901234568,28.938271604938272,2.919704938271605,1.212230864197531,2.7037037037037037,5.518518518518518,11.209876543209877,4.098765432098766,26.08641975308642,2.601162962962963,1.0789604938271604,2.654320987654321,5.0246913580246915,10.25925925925926
game_645,morocco,brazil,3600.01,3,38,3.4795,1.4883,2,6,25,2.9789,1.276,3,6,12,3,8,0,4.8765432098765435,28.666666666666668,3.0373308641975307,1.2580543209876542,3.049382716049383,5.9753086419753085,12.074074074074074,5.172839506172839,26.382716049382715,3.3271654320987656,1.417453086419753,3.3703703703703702,7.037037037037037,14.333333333333334
game_646,singapore,germany,3600.0,4,22,2.428,1.5871,2,1,25,3.5427,1.6145,1,8,19,4,8,1,4.938271604938271,27.987654320987655,3.1431197530864194,1.2986160493827161,3.123456790123457,7.160493827160494,14.580246913580247,4.851851851851852,25.02469135802469,2.9082037037037036,1.2695358024691357,3.111111111111111,5.580246913580247,11.25925925925926
game_647,ethiopia,kazakhstan,3600.02,5,30,3.6328,1.4359,3,2,27,2.2163,0.7094,1,3,6,4,8,1,4.91358024691358,26.691358024691358,2.910951851851852,1.270043209876543,3.259259259259259,7.271604938271605,14.777777777777779,3.753086419753086,24.185185185185187,2.5628271604938275,1.1136185185185183,2.3703703703703702,5.1234567901234565,10.444444444444445
game_648,oman,china,3600.0,0,19,2.0825,0.9921,0,2,15,1.55,1.1563,1,4,8,6,12,0,4.530864197530864,26.62962962962963,2.998204938271605,1.3057666666666667,2.9753086419753085,9.25925925925926,19.02469135802469,4.716049382716049,26.432098765432098,3.1403333333333334,1.3918296296296295,2.9382716049382718,5.666666666666667,11.555555555555555
game_649,new_zealand,vietnam,3600.01,2,25,3.3582,1.5384,2,6,15,1.8560999999999999,0.9911,3,8,16,7,14,0,4.074074074074074,26.54320987654321,2.9371160493827158,1.2812790123456792,2.6790123456790123,6.777777777777778,13.82716049382716,4.061728395061729,25.333333333333332,2.764472839506173,1.2005222222222223,2.7160493827160495,6.8765432098765435,14.296296296296296
game_65,india,rwanda,3599.9700000000003,4,19,2.1747,1.2161,2,1,25,2.5636,1.5169,1,4,8,8,16,1,4.209876543209877,29.061728395061728,2.9279160493827163,1.2156444444444445,2.7037037037037037,5.604938271604938,11.407407407407407,4.074074074074074,25.938271604938272,2.7314296296296297,1.24769012345679,2.4814814814814814,8.17283950617284,16.666666666666668
game_650,guatemala,uk,3600.02,5,18,1.7709000000000001,0.9013,3,3,35,4.1006,1.5952,2,7,14,1,2,1,4.246913580246914,29.037037037037038,3.1347790123456787,1.264764197530864,2.814814814814815,6.666666666666667,13.555555555555555,4.8765432098765435,27.617283950617285,3.360640740740741,1.4302086419753086,2.9876543209876543,5.037037037037037,10.25925925925926
game_651,philippines,france,3600.0,9,35,3.9168,1.3006,5,1,19,2.402,1.1911,1,4,8,5,13,1,3.6419753086419755,25.493827160493826,2.5884975308641978,1.1320098765432098,2.382716049382716,5.407407407407407,11.024691358024691,4.54320987654321,27.54320987654321,3.2623506172839507,1.3291679012345679,2.962962962962963,5.444444444444445,11.024691358024691
game_652,mexico,peru,5152.22,2,39,4.8976999999999995,1.558,1,4,36,3.061,1.1246,2,5,10,10,20,0,4.308641975308642,28.864197530864196,3.198269135802469,1.3415246913580248,2.9012345679012346,7.296296296296297,14.703703703703704,4.901234567901234,28.08641975308642,2.9813444444444444,1.2717234567901234,3.1358024691358026,6.185185185185185,12.617283950617283
game_653,rwanda,serbia,3933.09,4,25,2.4951,1.1637,2,6,25,2.699,0.9438,3,9,18,5,10,0,4.037037037037037,25.938271604938272,2.7322753086419755,1.2520506172839507,2.4691358024691357,8.160493827160494,16.641975308641975,5.08641975308642,30.0,3.3899888888888885,1.4059024691358024,3.2839506172839505,6.395061728395062,13.0
game_654,panama,saudi_arabia,3703.52,5,30,3.6152,1.1631,3,4,19,2.2068,1.2107,2,5,10,8,16,1,5.08641975308642,27.22222222222222,3.1338271604938273,1.3477925925925927,3.111111111111111,5.506172839506172,11.296296296296296,3.7777777777777777,23.80246913580247,2.6760234567901233,1.1963913580246912,2.382716049382716,5.962962962962963,12.135802469135802
game_655,ethiopia,thailand,3600.02,6,34,4.0641,1.3729,3,7,26,2.7968,1.7051,4,5,10,9,20,0,4.901234567901234,26.641975308641975,2.9056271604938275,1.2708209876543208,3.259259259259259,7.246913580246914,14.728395061728396,5.469135802469136,28.641975308641975,3.6041987654320984,1.501067901234568,3.580246913580247,6.987654320987654,14.25925925925926
game_656,new_zealand,morocco,3600.02,0,28,2.7891,1.1224,0,7,16,1.9098,0.8144,4,8,16,7,14,0,4.098765432098766,26.506172839506174,2.944141975308642,1.286414814814815,2.7037037037037037,6.777777777777778,13.82716049382716,4.827160493827161,28.938271604938272,3.05670987654321,1.2663740740740739,3.0246913580246915,5.962962962962963,12.049382716049383
game_657,china,indonesia,4483.28,1,24,2.9899,1.7593,1,3,38,3.5980999999999996,1.3782,2,7,14,4,8,0,4.728395061728395,26.320987654320987,3.1225567901234568,1.3843851851851852,2.9382716049382718,5.654320987654321,11.530864197530864,4.197530864197531,26.17283950617284,2.621016049382716,1.0767975308641975,2.7037037037037037,5.061728395061729,10.333333333333334
game_658,germany,pakistan,3600.0299999999997,4,20,2.7345,1.1579,3,11,30,3.7115,1.432,6,4,8,7,14,0,4.814814814814815,25.08641975308642,2.9181814814814815,1.2751728395061728,3.0864197530864197,5.580246913580247,11.25925925925926,4.950617283950617,29.962962962962962,3.4690358024691355,1.4000777777777778,3.1728395061728394,8.012345679012345,16.271604938271604
game_659,peru,switzerland,3599.98,4,25,2.4495,0.8899,3,2,29,3.0,1.0029,2,8,16,6,12,1,4.901234567901234,28.22222222222222,2.988893827160494,1.2746209876543209,3.123456790123457,6.209876543209877,12.666666666666666,3.7901234567901234,25.48148148148148,2.497432098765432,1.0711567901234569,2.45679012345679,7.3580246913580245,15.012345679012345
game_66,indonesia,pakistan,3600.0,0,21,2.3975,0.9962,0,2,29,3.4085,1.3465,1,4,8,10,20,0,4.234567901234568,26.382716049382715,2.635838271604938,1.0815135802469136,2.728395061728395,5.061728395061729,10.333333333333334,5.061728395061729,29.97530864197531,3.4727765432098763,1.4011333333333333,3.234567901234568,7.9753086419753085,16.19753086419753
game_660,oman,guatemala,3600.03,7,33,3.5692000000000004,1.3723,4,8,36,4.2315000000000005,1.4679,5,9,18,8,16,0,4.444444444444445,26.45679012345679,2.979850617283951,1.301072839506173,2.925925925925926,9.197530864197532,18.901234567901234,4.209876543209877,28.814814814814813,3.104401234567901,1.2577691358024692,2.7901234567901234,6.654320987654321,13.530864197530864
game_661,mexico,philippines,3599.98,10,28,2.7998,1.2873,5,5,23,2.3956,1.5547,3,4,8,3,6,1,4.209876543209877,29.0,3.2241691358024687,1.3448666666666667,2.8518518518518516,7.308641975308642,14.728395061728396,3.691358024691358,25.641975308641975,2.607277777777778,1.128872839506173,2.4074074074074074,5.419753086419753,11.049382716049383
game_662,france,usa,3731.82,5,29,3.7546999999999997,1.1603999999999999,3,7,30,3.5532000000000004,1.4567999999999999,4,5,10,9,18,0,4.493827160493828,27.419753086419753,3.2456506172839505,1.329546913580247,2.9382716049382718,5.444444444444445,11.061728395061728,4.469135802469136,26.432098765432098,3.0103654320987654,1.3027814814814815,2.9135802469135803,7.691358024691358,15.691358024691358
game_663,canada,mongolia,4071.76,4,32,4.2341,1.628,3,8,22,2.0867,1.0891,4,6,12,11,22,0,4.283950617283951,26.864197530864196,2.924688888888889,1.25360987654321,2.7037037037037037,5.91358024691358,12.08641975308642,3.6049382716049383,24.641975308641975,2.290275308641975,0.9998851851851852,2.1604938271604937,6.45679012345679,13.17283950617284
game_664,netherlands,india,3600.0099999999998,2,10,1.0942,0.6247,1,0,29,2.6010999999999997,1.064,0,8,16,3,6,1,4.814814814814815,26.098765432098766,2.9803012345679014,1.2581074074074075,2.9876543209876543,5.530864197530864,11.283950617283951,4.2592592592592595,28.938271604938272,2.922651851851852,1.2175222222222224,2.728395061728395,5.617283950617284,11.432098765432098
game_665,iceland,kazakhstan,3600.01,5,14,1.7092,1.0214,3,4,24,2.6539,1.2355,2,8,16,7,14,1,4.45679012345679,25.432098765432098,2.819175308641975,1.2994432098765434,2.9012345679012346,7.111111111111111,14.691358024691358,3.728395061728395,24.22222222222222,2.557424691358025,1.1071234567901234,2.3580246913580245,5.08641975308642,10.37037037037037
game_666,vietnam,brazil,3600.0,6,37,4.5451999999999995,1.086,4,1,22,3.2944999999999998,1.7953,1,6,12,13,26,1,4.061728395061729,25.061728395061728,2.7312740740740744,1.1993506172839508,2.7037037037037037,6.888888888888889,14.320987654320987,5.234567901234568,26.419753086419753,3.323269135802469,1.4110419753086418,3.3950617283950617,6.91358024691358,14.11111111111111
game_667,uk,uae,3599.99,5,30,3.8118,1.2285,4,6,22,2.6401,1.2294,3,4,8,8,16,1,4.851851851851852,27.679012345679013,3.364206172839506,1.434735802469136,2.962962962962963,5.0,10.185185185185185,3.8395061728395063,23.814814814814813,2.577225925925926,1.1058827160493827,2.45679012345679,5.91358024691358,12.320987654320987
game_668,south_korea,singapore,3600.0,12,45,6.3542000000000005,1.3242,7,2,22,2.468,1.079,3,8,16,12,26,1,5.283950617283951,29.814814814814813,3.1296666666666666,1.306748148148148,3.4691358024691357,7.987654320987654,16.45679012345679,4.962962962962963,27.987654320987655,3.142625925925926,1.304888888888889,3.111111111111111,7.111111111111111,14.493827160493828
game_669,uae,usa,3599.99,2,27,3.5459,1.1971,2,5,21,1.7355,0.998,3,2,4,10,20,0,3.888888888888889,23.753086419753085,2.5660432098765433,1.1062814814814814,2.4691358024691357,5.987654320987654,12.469135802469136,4.493827160493828,26.54320987654321,3.032806172839506,1.3084456790123458,2.925925925925926,7.679012345679013,15.666666666666666
game_67,china,brazil,3600.0,5,27,2.809,0.897,3,4,25,2.8869,1.5190000000000001,2,3,6,8,16,1,4.679012345679013,26.28395061728395,3.12479012345679,1.3950308641975306,2.9135802469135803,5.703703703703703,11.62962962962963,5.197530864197531,26.382716049382715,3.3283012345679013,1.4144530864197529,3.382716049382716,6.9753086419753085,14.234567901234568
game_670,thailand,south_korea,4824.85,7,46,6.1415999999999995,1.6863,5,11,46,4.8203,1.6935,6,13,26,12,24,0,5.469135802469136,28.395061728395063,3.562904938271605,1.5013,3.567901234567901,6.938271604938271,14.185185185185185,5.296296296296297,29.80246913580247,3.1486037037037033,1.3021888888888888,3.4814814814814814,7.938271604938271,16.358024691358025
game_671,rwanda,vietnam,3974.0,2,44,5.1494,1.5043,2,6,22,2.267,1.0525,3,9,18,9,18,0,4.061728395061729,25.703703703703702,2.6995061728395067,1.2478456790123458,2.4691358024691357,8.160493827160494,16.641975308641975,4.061728395061729,25.246913580246915,2.7594000000000003,1.1997641975308644,2.7160493827160495,6.851851851851852,14.246913580246913
game_672,ethiopia,new_zealand,3600.0099999999998,4,18,2.5825,0.8518,2,0,21,1.9415,0.6945,0,6,12,8,16,1,4.925925925925926,26.839506172839506,2.9239185185185184,1.2772543209876543,3.271604938271605,7.234567901234568,14.703703703703704,4.098765432098766,26.59259259259259,2.9546061728395063,1.2916975308641976,2.7037037037037037,6.777777777777778,13.82716049382716
game_673,kazakhstan,indonesia,3599.98,6,30,3.4997,1.3311,3,3,18,2.2243,1.7039,2,7,14,6,12,1,3.7037037037037037,24.14814814814815,2.546982716049383,1.1059432098765432,2.345679012345679,5.08641975308642,10.37037037037037,4.197530864197531,26.419753086419753,2.6379765432098763,1.0727765432098764,2.7037037037037037,5.037037037037037,10.283950617283951
game_674,iceland,mexico,3599.98,10,29,3.3671,1.443,5,6,32,3.6297,1.6891,4,13,29,12,24,1,4.395061728395062,25.246913580246915,2.7987074074074076,1.2942382716049383,2.876543209876543,7.049382716049383,14.530864197530864,4.2592592592592595,28.950617283950617,3.213923456790123,1.3399061728395063,2.8641975308641974,7.209876543209877,14.530864197530864
game_675,china,switzerland,3600.0,7,39,4.9177,1.4877,4,2,31,2.2983000000000002,1.2441,1,8,16,10,20,1,4.654320987654321,26.135802469135804,3.0987567901234567,1.3877382716049382,2.9012345679012346,5.6419753086419755,11.506172839506172,3.7901234567901234,25.45679012345679,2.506095061728395,1.068179012345679,2.4691358024691357,7.308641975308642,14.91358024691358
game_676,pakistan,oman,3600.01,14,36,4.9089,1.3224,8,1,22,2.3567,1.1985999999999999,1,6,12,8,16,1,4.91358024691358,29.88888888888889,3.4542530864197527,1.4014308641975308,3.1481481481481484,8.024691358024691,16.296296296296298,4.518518518518518,26.59259259259259,2.99481975308642,1.3032172839506173,2.962962962962963,9.209876543209877,18.925925925925927
game_677,philippines,canada,3683.18,4,25,2.33,1.2192,2,2,15,1.56,0.8511,1,3,6,5,10,1,3.7037037037037037,25.617283950617285,2.6080876543209874,1.1330148148148147,2.419753086419753,5.419753086419753,11.049382716049383,4.308641975308642,27.074074074074073,2.9577024691358025,1.2632012345679011,2.728395061728395,5.925925925925926,12.11111111111111
game_678,serbia,india,4269.83,2,34,3.5257,1.2169,1,2,44,4.3078,1.5692,2,8,16,6,12,0,5.135802469135802,29.88888888888889,3.379782716049383,1.402530864197531,3.308641975308642,6.3580246913580245,12.925925925925926,4.234567901234568,28.753086419753085,2.9015814814814815,1.2112851851851854,2.7037037037037037,5.580246913580247,11.358024691358025
game_679,germany,saudi_arabia,3600.0099999999998,3,23,2.8254,1.2406,2,2,20,2.363,1.5691,1,3,6,5,10,1,4.827160493827161,25.049382716049383,2.9170592592592595,1.2741518518518518,3.0987654320987654,5.592592592592593,11.283950617283951,3.802469135802469,23.790123456790123,2.674095061728395,1.1919666666666666,2.3950617283950617,6.0,12.209876543209877
game_68,south_korea,morocco,3600.0,5,37,3.6182000000000003,1.7107,3,8,26,2.702,1.0053,4,6,12,6,12,0,5.37037037037037,29.91358024691358,3.163444444444444,1.3019765432098764,3.5185185185185186,8.012345679012345,16.506172839506174,4.814814814814815,28.814814814814813,3.0469296296296298,1.2640172839506172,3.0246913580246915,5.9753086419753085,12.074074074074074
game_680,singapore,panama,3600.0,1,24,2.3966,1.2235,2,15,44,6.6135,1.1723999999999999,8,11,22,2,6,0,4.9753086419753085,27.962962962962962,3.143507407407407,1.303104938271605,3.123456790123457,7.1234567901234565,14.54320987654321,4.962962962962963,27.049382716049383,3.096811111111111,1.3476777777777778,3.049382716049383,5.54320987654321,11.345679012345679
game_681,peru,netherlands,4342.09,2,22,2.0647,0.9546,1,3,15,1.2842,0.6124,2,5,12,4,8,0,4.925925925925926,28.25925925925926,2.9936444444444446,1.2738222222222222,3.1481481481481484,6.246913580246914,12.716049382716049,4.802469135802469,26.037037037037038,2.977955555555556,1.2582592592592594,2.9753086419753085,5.580246913580247,11.382716049382717
game_682,france,morocco,4462.2,10,50,4.8849,1.8059,6,7,30,2.8454,1.4617,5,1,2,4,8,1,4.432098765432099,27.160493827160494,3.2316975308641975,1.321577777777778,2.9012345679012346,5.493827160493828,11.160493827160494,4.827160493827161,28.765432098765434,3.045159259259259,1.2583827160493828,3.0123456790123457,6.0,12.123456790123457
game_683,mongolia,uk,3600.01,3,22,2.556,1.0015,2,2,19,2.2014,1.3614,1,3,6,6,15,1,3.6666666666666665,24.641975308641975,2.2844814814814813,1.0009666666666668,2.185185185185185,6.555555555555555,13.37037037037037,4.888888888888889,27.814814814814813,3.384087654320988,1.433095061728395,3.0,4.9753086419753085,10.098765432098766
game_684,canada,rwanda,3599.97,4,15,1.738,0.8382000000000001,2,1,20,2.0765,1.2894999999999999,1,6,12,6,12,1,4.283950617283951,27.074074074074073,2.955504938271605,1.2633604938271605,2.7160493827160495,5.91358024691358,12.08641975308642,4.074074074074074,26.0,2.737443209876543,1.2504975308641975,2.4814814814814814,8.197530864197532,16.71604938271605
game_685,china,thailand,4187.75,6,29,4.2292000000000005,1.7293,5,7,25,2.7332,1.3624,4,4,8,11,22,1,4.666666666666667,26.25925925925926,3.107256790123457,1.3847555555555555,2.888888888888889,5.691358024691358,11.604938271604938,5.469135802469136,28.65432098765432,3.604983950617284,1.5052987654320988,3.580246913580247,6.962962962962963,14.234567901234568
game_686,vietnam,guatemala,3600.02,2,16,1.1978,1.0,1,9,34,4.6719,1.0546,6,8,19,2,4,0,4.111111111111111,25.320987654320987,2.7726,1.2004123456790123,2.740740740740741,6.864197530864198,14.234567901234568,4.197530864197531,28.839506172839506,3.098964197530864,1.2628716049382718,2.7777777777777777,6.728395061728395,13.679012345679013
game_687,mexico,saudi_arabia,3600.01,4,23,2.1089,1.1446,2,2,20,2.6066000000000003,0.9873000000000001,1,10,20,4,8,1,4.283950617283951,29.061728395061728,3.2326987654320987,1.3466283950617286,2.888888888888889,7.234567901234568,14.580246913580247,3.802469135802469,23.790123456790123,2.6710876543209876,1.1991493827160493,2.3950617283950617,6.012345679012346,12.234567901234568
game_688,usa,south_korea,3600.01,8,28,3.5291,1.1349,4,0,27,2.8774,1.2802,0,6,12,8,16,1,4.45679012345679,26.45679012345679,3.010662962962963,1.3067555555555557,2.9135802469135803,7.728395061728395,15.765432098765432,5.432098765432099,30.037037037037038,3.1725901234567897,1.3072913580246914,3.5555555555555554,7.987654320987654,16.45679012345679
game_689,singapore,indonesia,3599.98,3,26,2.8334,1.4034,2,4,32,3.3156,1.5717,3,8,16,4,11,0,4.950617283950617,27.938271604938272,3.1381148148148146,1.300883950617284,3.123456790123457,7.160493827160494,14.617283950617283,4.185185185185185,26.246913580246915,2.6245037037037036,1.0744086419753085,2.691358024691358,5.061728395061729,10.296296296296296
game_69,switzerland,uk,4144.77,5,34,3.6304999999999996,1.7664,3,4,31,3.4631,1.5729,2,9,18,8,16,1,3.753086419753086,25.419753086419753,2.489648148148148,1.0617308641975307,2.4444444444444446,7.320987654320987,14.938271604938272,4.864197530864198,27.666666666666668,3.3685111111111112,1.430483950617284,2.9876543209876543,4.950617283950617,10.08641975308642
game_690,ethiopia,germany,3600.01,3,31,3.9222,1.5655000000000001,3,7,37,4.2607,1.5332,4,9,18,7,14,0,4.938271604938271,26.679012345679013,2.9073790123456793,1.2684432098765432,3.259259259259259,7.197530864197531,14.62962962962963,4.777777777777778,24.876543209876544,2.8993395061728395,1.2705395061728395,3.074074074074074,5.54320987654321,11.185185185185185
game_691,peru,panama,3600.0,0,22,2.4255,1.0455,0,6,24,2.5221999999999998,1.1471,3,6,12,5,10,0,4.950617283950617,28.25925925925926,2.9891901234567904,1.2727,3.1604938271604937,6.234567901234568,12.716049382716049,5.074074074074074,27.296296296296298,3.147320987654321,1.3479901234567901,3.111111111111111,5.506172839506172,11.296296296296296
game_692,new_zealand,france,3600.01,4,23,2.9904,1.5763,2,5,35,5.1787,0.9898,3,10,20,7,14,0,4.049382716049383,26.567901234567902,2.941656790123457,1.2808111111111111,2.6790123456790123,6.753086419753086,13.777777777777779,4.493827160493828,27.34567901234568,3.2280703703703706,1.331653086419753,2.9382716049382718,5.419753086419753,11.012345679012345
game_693,uk,pakistan,3600.0,9,21,3.4958,1.1434,6,2,29,3.4068,1.2798,1,5,10,7,14,1,4.802469135802469,27.790123456790123,3.3681074074074075,1.4357864197530863,2.9382716049382718,4.987654320987654,10.160493827160494,5.061728395061729,29.97530864197531,3.472797530864198,1.4019567901234569,3.234567901234568,8.012345679012345,16.271604938271604
game_694,uae,kazakhstan,3600.0,1,13,1.334,1.0373,1,6,36,3.8191,1.7942,5,11,22,4,8,0,3.9012345679012346,23.925925925925927,2.5933506172839507,1.1082543209876543,2.4814814814814814,5.8765432098765435,12.246913580246913,3.7037037037037037,24.074074074074073,2.54303950617284,1.1002259259259257,2.3209876543209877,5.1234567901234565,10.444444444444445
game_695,netherlands,morocco,3600.0,4,29,3.3319,1.3918,3,5,24,2.1722,0.9597,4,5,10,5,10,0,4.790123456790123,25.864197530864196,2.9526753086419757,1.248637037037037,2.962962962962963,5.567901234567901,11.358024691358025,4.851851851851852,28.839506172839506,3.0534703703703703,1.2645802469135803,3.0246913580246915,5.987654320987654,12.098765432098766
game_696,iceland,india,3600.02,5,31,3.2039,1.9568,4,9,38,3.3984,1.1578,5,7,16,3,6,0,4.45679012345679,25.22222222222222,2.8007222222222223,1.287895061728395,2.888888888888889,7.1234567901234565,14.691358024691358,4.148148148148148,28.82716049382716,2.9128086419753085,1.2163641975308643,2.6666666666666665,5.617283950617284,11.432098765432098
game_697,serbia,mongolia,3600.0,0,29,3.5306,1.4163000000000001,1,4,21,1.5373,0.7759,2,3,6,10,20,0,5.160493827160494,29.950617283950617,3.379722222222222,1.400069135802469,3.308641975308642,6.419753086419753,13.049382716049383,3.654320987654321,24.65432098765432,2.297058024691358,1.0037518518518518,2.185185185185185,6.469135802469136,13.197530864197532
game_698,switzerland,oman,3600.0099999999998,12,33,3.8571,1.0146,7,4,23,2.3463,1.1107,2,4,8,9,18,1,3.6666666666666665,25.432098765432098,2.4868506172839506,1.0710123456790124,2.3950617283950617,7.382716049382716,15.061728395061728,4.481481481481482,26.580246913580247,2.9949481481481484,1.3043024691358027,2.950617283950617,9.197530864197532,18.901234567901234
game_699,kazakhstan,usa,3600.0,3,23,2.6947,1.394,3,7,22,2.9680999999999997,1.2317,4,4,8,4,8,0,3.740740740740741,24.234567901234566,2.556920987654321,1.1051666666666666,2.345679012345679,5.1234567901234565,10.444444444444445,4.469135802469136,26.530864197530864,3.017588888888889,1.3055604938271606,2.9135802469135803,7.753086419753086,15.814814814814815
game_7,germany,rwanda,3919.65,6,27,2.9504,1.1474,4,8,23,2.5971,1.1325,5,7,14,7,14,0,4.790123456790123,25.0,2.915516049382716,1.2753024691358024,3.074074074074074,5.54320987654321,11.185185185185185,3.9876543209876543,25.962962962962962,2.731016049382716,1.252435802469136,2.432098765432099,8.185185185185185,16.691358024691358
game_70,mexico,oman,3600.0,0,19,1.8582999999999998,1.3388,0,2,24,2.2227,1.1509,2,5,10,8,16,0,4.333333333333333,29.11111111111111,3.2357925925925923,1.344230864197531,2.9135802469135803,7.296296296296297,14.703703703703704,4.506172839506172,26.567901234567902,2.996474074074074,1.3038061728395063,2.950617283950617,9.209876543209877,18.925925925925927
game_700,philippines,thailand,3600.0099999999998,5,19,1.8334,0.7791,3,7,23,2.6473,1.3198,4,3,6,5,10,0,3.691358024691358,25.691358024691358,2.6142185185185185,1.138448148148148,2.4074074074074074,5.419753086419753,11.049382716049383,5.469135802469136,28.679012345679013,3.6060444444444446,1.5058246913580247,3.580246913580247,7.037037037037037,14.382716049382717
game_701,rwanda,vietnam,3600.0099999999998,2,19,2.2083,1.5536,1,6,13,1.628,0.7663,3,6,12,3,9,0,4.061728395061729,26.012345679012345,2.735816049382716,1.2472370370370371,2.4814814814814814,8.197530864197532,16.71604938271605,4.061728395061729,25.358024691358025,2.767288888888889,1.2032975308641976,2.7160493827160495,6.925925925925926,14.358024691358025
game_702,mongolia,ethiopia,3600.0,4,24,2.2269,1.0315,3,0,20,1.9525000000000001,1.1809,0,4,8,11,22,1,3.654320987654321,24.617283950617285,2.2885444444444443,1.0005962962962964,2.1728395061728394,6.54320987654321,13.345679012345679,4.9753086419753085,26.814814814814813,2.9316962962962965,1.2731913580246914,3.2962962962962963,7.172839506172839,14.580246913580247
game_703,netherlands,peru,3600.0099999999998,2,20,2.3668,0.9313,1,4,26,2.6084,0.92,2,12,24,6,12,0,4.814814814814815,25.97530864197531,2.96459012345679,1.2543222222222223,2.9876543209876543,5.481481481481482,11.185185185185185,4.901234567901234,28.209876543209877,2.986932098765432,1.2742493827160493,3.1358024691358026,6.234567901234568,12.716049382716049
game_704,indonesia,mexico,3987.06,3,26,2.3110999999999997,0.6499,2,4,30,3.4042,1.2637,3,5,10,8,16,0,4.197530864197531,26.320987654320987,2.6369049382716048,1.085788888888889,2.7037037037037037,5.049382716049383,10.308641975308642,4.283950617283951,28.97530864197531,3.2167074074074073,1.3451580246913581,2.876543209876543,7.2592592592592595,14.62962962962963
game_705,new_zealand,india,3600.02,1,24,2.9176,1.463,1,4,21,2.038,1.1899,2,6,12,9,18,0,4.08641975308642,26.555555555555557,2.942555555555556,1.28220987654321,2.691358024691358,6.802469135802469,13.876543209876543,4.209876543209877,29.037037037037038,2.9296037037037035,1.215967901234568,2.7037037037037037,5.54320987654321,11.283950617283951
game_706,pakistan,canada,3600.01,2,21,2.1158,0.9377,1,10,29,3.3773999999999997,1.2817,7,11,24,4,8,0,5.061728395061729,30.074074074074073,3.4887358024691357,1.4061802469135802,3.234567901234568,7.962962962962963,16.14814814814815,4.209876543209877,26.901234567901234,2.9352654320987654,1.257885185185185,2.654320987654321,5.938271604938271,12.135802469135802
game_707,germany,switzerland,3600.0,9,26,3.0962,1.1146,5,2,23,2.1831,0.8031,1,4,8,9,21,1,4.753086419753086,25.012345679012345,2.913716049382716,1.2757074074074075,3.0617283950617282,5.580246913580247,11.25925925925926,3.7901234567901234,25.555555555555557,2.5075172839506172,1.0736234567901235,2.4691358024691357,7.320987654320987,14.901234567901234
game_708,singapore,china,3600.01,9,30,3.4767,1.2636,5,6,21,2.5063,1.4948,4,2,4,7,14,1,4.8765432098765435,27.88888888888889,3.1301728395061725,1.30260987654321,3.0864197530864197,7.234567901234568,14.765432098765432,4.666666666666667,26.358024691358025,3.128527160493827,1.3876506172839507,2.9012345679012346,5.654320987654321,11.530864197530864
game_709,oman,france,3600.0,4,25,3.1718,0.7751,2,4,22,2.553,1.4037,3,10,20,7,14,0,4.481481481481482,26.555555555555557,2.9847567901234573,1.3084456790123458,2.950617283950617,9.185185185185185,18.876543209876544,4.506172839506172,27.506172839506174,3.2604864197530863,1.3265432098765433,2.9382716049382718,5.419753086419753,11.012345679012345
game_71,mongolia,usa,3600.02,1,36,3.4813,1.1962,1,7,32,3.4551,1.3555000000000001,4,4,8,7,14,0,3.691358024691358,24.469135802469136,2.2730580246913576,0.998562962962963,2.197530864197531,6.54320987654321,13.345679012345679,4.469135802469136,26.40740740740741,3.0115765432098764,1.3040320987654321,2.9135802469135803,7.716049382716049,15.74074074074074
game_710,iceland,uk,3600.0,2,18,1.7496,1.0361,1,7,31,3.8576,1.3315000000000001,4,8,16,3,6,0,4.493827160493828,25.382716049382715,2.8186765432098766,1.2992617283950618,2.925925925925926,7.111111111111111,14.691358024691358,4.827160493827161,27.666666666666668,3.363640740740741,1.4334641975308642,2.962962962962963,5.012345679012346,10.209876543209877
game_711,guatemala,serbia,3600.0099999999998,2,26,2.9785,1.4459,3,6,31,2.9298,0.9198,4,6,12,5,10,0,4.283950617283951,28.938271604938272,3.11987037037037,1.2580407407407408,2.814814814814815,6.679012345679013,13.580246913580247,5.08641975308642,29.925925925925927,3.3871395061728395,1.4061987654320989,3.271604938271605,6.395061728395062,13.0
game_712,brazil,saudi_arabia,3600.01,2,25,2.9438,1.3414,2,2,21,1.7972000000000001,0.9363,1,2,4,5,10,1,5.222222222222222,26.382716049382715,3.327598765432099,1.4166456790123456,3.382716049382716,7.049382716049383,14.382716049382717,3.802469135802469,23.77777777777778,2.68108024691358,1.1997790123456789,2.3950617283950617,6.0,12.209876543209877
game_713,south_korea,panama,3600.0,3,32,3.0815,1.5475,2,4,22,2.705,1.3879000000000001,3,9,18,2,4,0,5.395061728395062,29.97530864197531,3.17007037037037,1.3039913580246913,3.5308641975308643,7.9753086419753085,16.432098765432098,5.098765432098766,27.320987654320987,3.1450641975308637,1.3450172839506171,3.111111111111111,5.54320987654321,11.37037037037037
game_714,rwanda,brazil,3600.0,1,26,2.2401,0.728,1,8,26,3.3905,1.2265,4,7,14,4,8,0,4.074074074074074,25.925925925925927,2.7354234567901234,1.2574296296296297,2.4814814814814814,8.185185185185185,16.691358024691358,5.148148148148148,26.37037037037037,3.3220839506172846,1.418064197530864,3.3580246913580245,7.0246913580246915,14.333333333333334
game_715,pakistan,serbia,3599.98,6,30,3.3975999999999997,1.3271,3,0,25,2.9617,1.2467,1,7,14,7,14,1,5.012345679012346,29.962962962962962,3.472911111111111,1.4013728395061729,3.2098765432098766,8.012345679012345,16.271604938271604,5.160493827160494,30.0,3.3867456790123454,1.4021629629629628,3.308641975308642,6.37037037037037,12.950617283950617
game_716,india,germany,3600.0,3,33,3.334,1.6446,3,7,28,3.2087,1.3176999999999999,4,7,14,3,6,0,4.222222222222222,28.88888888888889,2.913603703703704,1.2103543209876544,2.691358024691358,5.567901234567901,11.333333333333334,4.777777777777778,24.987654320987655,2.9123271604938274,1.2731999999999999,3.074074074074074,5.592592592592593,11.283950617283951
game_717,panama,ethiopia,3599.99,6,32,3.9949,1.3985,3,0,21,1.7566,1.0888,0,3,6,10,20,1,5.074074074074074,27.19753086419753,3.1291395061728395,1.3448864197530863,3.111111111111111,5.530864197530864,11.345679012345679,4.9753086419753085,26.80246913580247,2.9341148148148153,1.2743283950617283,3.2962962962962963,7.185185185185185,14.604938271604938
game_718,morocco,saudi_arabia,3600.01,7,34,4.5182,1.7028,5,2,24,2.1349,1.0238,1,6,12,12,24,1,4.827160493827161,28.71604938271605,3.024507407407407,1.255406172839506,3.0123456790123457,5.9753086419753085,12.074074074074074,3.802469135802469,23.74074074074074,2.676911111111111,1.1986987654320989,2.3950617283950617,5.91358024691358,12.037037037037036
game_719,indonesia,oman,3600.03,2,18,1.9353,1.0565,2,3,24,2.8363,1.2532999999999999,4,5,10,8,16,0,4.209876543209877,26.419753086419753,2.641544444444444,1.0807691358024691,2.7037037037037037,5.049382716049383,10.308641975308642,4.493827160493828,26.567901234567902,2.988898765432099,1.302541975308642,2.925925925925926,9.209876543209877,18.925925925925927
game_72,philippines,germany,3600.01,5,29,3.4831,1.4746,3,4,27,3.0562,1.4301,2,2,4,5,10,1,3.691358024691358,25.567901234567902,2.593851851851852,1.1298617283950616,2.4074074074074074,5.432098765432099,11.074074074074074,4.814814814814815,25.0,2.91420987654321,1.2718123456790125,3.0987654320987654,5.567901234567901,11.234567901234568
game_720,peru,china,3600.0099999999998,7,23,2.1016,0.972,4,5,15,2.0259,0.7419,3,7,14,4,8,1,4.864197530864198,28.246913580246915,2.993188888888889,1.2736074074074073,3.111111111111111,6.222222222222222,12.691358024691358,4.679012345679013,26.432098765432098,3.134458024691358,1.3969456790123456,2.9135802469135803,5.691358024691358,11.604938271604938
game_721,netherlands,kazakhstan,3599.9900000000002,7,33,3.932,1.2268,4,0,22,1.8367,0.8054,0,2,4,4,8,1,4.753086419753086,25.814814814814813,2.945266666666667,1.2506740740740743,2.950617283950617,5.604938271604938,11.432098765432098,3.7777777777777777,24.246913580246915,2.5675135802469136,1.1124333333333332,2.382716049382716,5.1234567901234565,10.444444444444445
game_722,new_zealand,philippines,3600.0,4,32,3.6296,2.0434,3,4,22,2.2580999999999998,0.9467,4,6,12,7,14,0,4.049382716049383,26.45679012345679,2.9337654320987654,1.2750444444444444,2.6666666666666665,6.802469135802469,13.876543209876543,3.7037037037037037,25.65432098765432,2.608975308641975,1.136379012345679,2.3950617283950617,5.37037037037037,10.950617283950617
game_723,usa,iceland,3600.0099999999998,7,26,3.2316000000000003,1.7747,4,8,29,3.3285,0.9884,5,6,12,4,8,0,4.469135802469136,26.48148148148148,3.014335802469136,1.298856790123457,2.9135802469135803,7.728395061728395,15.765432098765432,4.419753086419753,25.246913580246915,2.799183950617284,1.2998506172839508,2.876543209876543,7.160493827160494,14.790123456790123
game_724,thailand,uk,3599.9900000000002,3,30,4.1584,2.2849,2,6,36,3.7466,1.1965,3,6,12,9,18,0,5.518518518518518,28.59259259259259,3.5873888888888885,1.49390987654321,3.6049382716049383,7.0246913580246915,14.358024691358025,4.839506172839506,27.604938271604937,3.365011111111111,1.4351308641975309,2.9753086419753085,4.938271604938271,10.061728395061728
game_725,switzerland,mexico,3599.98,8,25,2.6332,0.7298,4,0,27,2.5078,1.3649,0,4,8,9,18,1,3.7160493827160495,25.530864197530864,2.5019604938271605,1.0745283950617284,2.432098765432099,7.382716049382716,15.061728395061728,4.333333333333333,29.012345679012345,3.227774074074074,1.3439086419753086,2.9135802469135803,7.246913580246914,14.604938271604938
game_726,guatemala,mongolia,4035.64,6,34,3.4797000000000002,1.0969,3,4,21,1.9074,0.7072,2,8,16,7,14,1,4.234567901234568,28.839506172839506,3.1136827160493823,1.2623493827160492,2.814814814814815,6.654320987654321,13.530864197530864,3.654320987654321,24.65432098765432,2.292488888888889,1.0046000000000002,2.185185185185185,6.506172839506172,13.271604938271604
game_727,france,canada,4047.0,10,37,5.0809,1.3367,6,9,24,2.3762,1.2254,5,3,6,8,16,1,4.432098765432099,27.320987654320987,3.229277777777778,1.3273703703703705,2.9012345679012346,5.469135802469136,11.11111111111111,4.222222222222222,26.962962962962962,2.947625925925926,1.2585802469135803,2.6790123456790123,5.888888888888889,12.037037037037036
game_728,vietnam,south_korea,3600.0,10,19,2.3672,0.9027000000000001,6,4,29,3.1452,1.0538,3,5,10,8,16,1,4.012345679012346,25.28395061728395,2.758162962962963,1.2016135802469137,2.6790123456790123,6.901234567901234,14.345679012345679,5.382716049382716,30.012345679012345,3.1692839506172836,1.3100864197530864,3.5185185185185186,7.987654320987654,16.45679012345679
game_729,singapore,uae,4477.21,6,33,3.2137000000000002,1.5968,4,8,32,3.468,1.3253,5,10,20,5,12,0,4.91358024691358,27.85185185185185,3.1334197530864194,1.2984962962962963,3.0987654320987654,7.135802469135802,14.567901234567902,3.814814814814815,23.691358024691358,2.567004938271605,1.1046987654320988,2.432098765432099,5.950617283950617,12.37037037037037
game_73,iceland,panama,3600.0,3,20,1.929,1.2687,2,5,33,3.8994,1.4545,3,11,22,4,8,0,4.481481481481482,25.358024691358025,2.8164617283950615,1.2963901234567903,2.9135802469135803,7.074074074074074,14.617283950617283,5.08641975308642,27.185185185185187,3.1303185185185183,1.344195061728395,3.111111111111111,5.518518518518518,11.320987654320987
game_730,pakistan,rwanda,3600.01,10,38,4.3201,1.2875,7,0,25,2.8363,0.9578,0,7,14,5,10,1,4.962962962962963,29.864197530864196,3.461522222222222,1.4018617283950618,3.1604938271604937,8.012345679012345,16.271604938271604,4.08641975308642,25.938271604938272,2.728062962962963,1.2545925925925925,2.493827160493827,8.209876543209877,16.74074074074074
game_731,morocco,serbia,3599.99,2,37,4.8748000000000005,1.6045,2,6,28,2.6961,1.2381,3,8,16,12,24,0,4.888888888888889,28.679012345679013,3.0201049382716048,1.2566197530864196,3.049382716049383,5.950617283950617,12.024691358024691,5.08641975308642,29.962962962962962,3.3900246913580245,1.402269135802469,3.2839506172839505,6.308641975308642,12.82716049382716
game_732,saudi_arabia,india,5973.0199999999995,3,48,5.114,1.544,2,1,42,3.9941,1.4419,1,11,22,13,29,1,3.7901234567901234,23.444444444444443,2.6401320987654318,1.1922765432098765,2.382716049382716,5.925925925925926,12.061728395061728,4.246913580246914,28.77777777777778,2.9054543209876544,1.2128567901234568,2.7160493827160495,5.493827160493828,11.148148148148149
game_733,panama,switzerland,3599.97,7,24,2.5375,0.9705,5,2,20,1.7688,1.0797999999999999,1,7,14,5,10,1,5.061728395061729,27.296296296296298,3.147132098765432,1.3501703703703702,3.0864197530864197,5.481481481481482,11.246913580246913,3.7901234567901234,25.59259259259259,2.5126320987654323,1.0702074074074073,2.4691358024691357,7.37037037037037,15.037037037037036
game_734,usa,oman,4337.9,7,32,3.7781000000000002,1.6716,4,8,33,3.5262,1.5799,5,6,14,13,26,0,4.469135802469136,26.40740740740741,3.007588888888889,1.3001296296296296,2.9135802469135803,7.728395061728395,15.74074074074074,4.432098765432099,26.45679012345679,2.9803814814814817,1.29850987654321,2.9135802469135803,9.148148148148149,18.80246913580247
game_735,ethiopia,china,3600.01,4,26,2.825,1.2912,2,2,22,2.5493,1.2145000000000001,1,4,8,6,12,1,4.925925925925926,26.74074074074074,2.920924691358025,1.2718296296296296,3.271604938271605,7.2592592592592595,14.753086419753087,4.716049382716049,26.34567901234568,3.1279962962962964,1.391111111111111,2.9382716049382718,5.666666666666667,11.555555555555555
game_736,germany,indonesia,3599.98,0,25,3.138,1.3495,0,7,28,2.7837,0.8617,5,4,8,3,6,0,4.864197530864198,25.02469135802469,2.9132,1.2728074074074074,3.123456790123457,5.580246913580247,11.25925925925926,4.148148148148148,26.296296296296298,2.63107037037037,1.083174074074074,2.6666666666666665,5.074074074074074,10.358024691358025
game_737,vietnam,philippines,3993.11,4,40,4.8235,1.2781,2,3,21,2.3453,1.3671,3,9,18,8,16,0,4.08641975308642,25.02469135802469,2.7278382716049383,1.1969790123456792,2.728395061728395,6.851851851851852,14.246913580246913,3.7160493827160495,25.666666666666668,2.6078987654320986,1.1311888888888888,2.4074074074074074,5.3580246913580245,10.925925925925926
game_738,iceland,mongolia,3600.0,6,20,2.1243,1.1347,4,3,20,2.2721,1.0048,2,13,26,7,14,1,4.444444444444445,25.358024691358025,2.8140506172839506,1.2980444444444446,2.888888888888889,7.049382716049383,14.567901234567902,3.6666666666666665,24.666666666666668,2.287986419753086,1.000925925925926,2.185185185185185,6.506172839506172,13.271604938271604
game_739,netherlands,uk,4595.7,5,39,4.6165,1.9975,3,3,27,2.9322,1.2414,2,5,10,6,12,1,4.777777777777778,25.74074074074074,2.936816049382716,1.2411592592592593,2.962962962962963,5.567901234567901,11.358024691358025,4.8765432098765435,27.71604938271605,3.375065432098765,1.4345765432098765,2.9876543209876543,4.9753086419753085,10.135802469135802
game_74,netherlands,france,3600.0,10,32,3.6959999999999997,1.5715,5,5,30,3.3245,1.3042,3,7,14,8,16,1,4.716049382716049,25.82716049382716,2.9481802469135805,1.2464185185185186,2.9382716049382718,5.54320987654321,11.308641975308642,4.493827160493828,27.40740740740741,3.250961728395062,1.3277716049382717,2.9382716049382718,5.407407407407407,10.987654320987655
game_740,new_zealand,uae,3600.0,9,40,4.5079,1.4133,9,1,16,1.6516,0.7034,1,3,6,7,14,1,3.9876543209876543,26.358024691358025,2.922922222222222,1.2828234567901233,2.5925925925925926,6.839506172839506,13.950617283950617,3.9012345679012346,23.88888888888889,2.5894296296296297,1.1123765432098764,2.4814814814814814,5.925925925925926,12.345679012345679
game_741,thailand,guatemala,3599.98,5,23,2.1063,1.0555,3,2,29,3.1948000000000003,1.5676,2,9,18,2,4,1,5.493827160493828,28.679012345679013,3.612723456790124,1.5090876543209877,3.5925925925925926,6.987654320987654,14.283950617283951,4.283950617283951,28.901234567901234,3.1172,1.2565382716049383,2.8271604938271606,6.728395061728395,13.679012345679013
game_742,kazakhstan,france,4862.91,4,21,2.2686,1.0146,2,6,25,2.7651,1.2867,3,3,6,6,12,0,3.728395061728395,24.25925925925926,2.5621814814814816,1.1098506172839506,2.3580246913580245,5.135802469135802,10.469135802469136,4.481481481481482,27.469135802469136,3.2578679012345675,1.3279876543209876,2.9382716049382718,5.432098765432099,11.037037037037036
game_743,south_korea,mexico,3600.01,11,30,2.9086,1.0776999999999999,7,8,29,3.3427000000000002,1.4645,6,11,22,10,20,1,5.296296296296297,30.0,3.172204938271605,1.3097913580246914,3.4691358024691357,7.950617283950617,16.382716049382715,4.234567901234568,28.987654320987655,3.2174666666666667,1.342679012345679,2.8395061728395063,7.234567901234568,14.580246913580247
game_744,singapore,canada,3600.01,0,34,3.7405,1.8071,0,2,31,3.5915999999999997,1.6137,2,6,12,7,14,0,4.987654320987654,27.839506172839506,3.1269160493827157,1.2959,3.1481481481481484,7.185185185185185,14.666666666666666,4.308641975308642,26.876543209876544,2.932620987654321,1.2537864197530866,2.7160493827160495,5.901234567901234,12.061728395061728
game_745,peru,brazil,3600.01,12,34,4.5245,0.8852,7,0,16,1.822,1.1336,1,6,12,11,22,1,4.802469135802469,28.11111111111111,2.9632765432098767,1.274679012345679,3.074074074074074,6.234567901234568,12.716049382716049,5.246913580246914,26.493827160493826,3.3414481481481486,1.419211111111111,3.3950617283950617,6.938271604938271,14.160493827160494
game_746,guatemala,vietnam,3600.01,6,38,4.7665,2.0761,4,8,37,3.0422000000000002,1.1118999999999999,6,6,12,5,10,0,4.234567901234568,28.790123456790123,3.097796296296296,1.2502604938271606,2.802469135802469,6.679012345679013,13.580246913580247,4.037037037037037,25.061728395061728,2.7498296296296294,1.199030864197531,2.6790123456790123,6.901234567901234,14.345679012345679
game_747,brazil,germany,3600.0,4,23,2.8657,1.299,3,4,21,2.2261,1.3782,2,3,6,4,8,1,5.197530864197531,26.40740740740741,3.3285629629629634,1.417169135802469,3.3703703703703702,7.037037037037037,14.358024691358025,4.814814814814815,25.074074074074073,2.924458024691358,1.272453086419753,3.0987654320987654,5.580246913580247,11.25925925925926
game_748,south_korea,china,3600.02,8,37,3.7837,1.6434,5,0,25,2.5414,1.416,0,3,6,8,16,1,5.333333333333333,29.91358024691358,3.161401234567901,1.3028074074074074,3.493827160493827,8.049382716049383,16.580246913580247,4.7407407407407405,26.308641975308642,3.1280938271604937,1.3886234567901234,2.950617283950617,5.6419753086419755,11.506172839506172
game_749,usa,indonesia,3599.98,8,26,3.1075,1.5914,4,4,28,3.2391,0.8457,3,9,18,4,10,1,4.45679012345679,26.48148148148148,3.015867901234568,1.3011197530864198,2.9135802469135803,7.691358024691358,15.691358024691358,4.185185185185185,26.296296296296298,2.625448148148148,1.0833716049382716,2.691358024691358,5.061728395061729,10.308641975308642
game_75,uae,kazakhstan,3599.99,2,22,2.5628,1.2618,2,0,20,1.6049,0.9992,1,3,6,5,10,1,3.888888888888889,23.814814814814813,2.57818024691358,1.1054827160493828,2.4691358024691357,5.9753086419753085,12.444444444444445,3.7777777777777777,24.271604938271604,2.570375308641976,1.1100407407407407,2.3703703703703702,5.111111111111111,10.419753086419753
game_750,guatemala,germany,3600.0099999999998,0,30,3.3745,1.2754,0,8,33,3.6792,1.0904,5,10,20,3,6,0,4.308641975308642,28.88888888888889,3.114981481481481,1.2601456790123455,2.8518518518518516,6.62962962962963,13.481481481481481,4.765432098765432,24.925925925925927,2.9065185185185185,1.2760061728395062,3.0617283950617282,5.592592592592593,11.283950617283951
game_751,ethiopia,thailand,3600.0,8,32,3.6887999999999996,1.2469999999999999,5,5,33,4.3661,1.7841,4,5,10,8,16,1,4.8765432098765435,26.666666666666668,2.910260493827161,1.2723753086419753,3.234567901234568,7.246913580246914,14.728395061728396,5.493827160493828,28.555555555555557,3.5848246913580244,1.5000925925925928,3.580246913580247,7.0,14.308641975308642
game_752,philippines,india,3599.99,1,16,1.5581,1.0547,1,0,25,2.0867,1.2486,0,3,6,5,10,1,3.740740740740741,25.728395061728396,2.6176172839506173,1.1350456790123455,2.432098765432099,5.419753086419753,11.049382716049383,4.2592592592592595,28.987654320987655,2.9290024691358023,1.2152432098765433,2.728395061728395,5.592592592592593,11.382716049382717
game_753,morocco,rwanda,3599.9900000000002,2,31,2.8539,1.1471,2,2,37,3.5895,1.4673,1,6,12,8,16,1,4.888888888888889,28.753086419753085,3.045054320987654,1.2622666666666666,3.049382716049383,5.9753086419753085,12.074074074074074,4.061728395061729,25.790123456790123,2.7187641975308643,1.2483024691358027,2.4814814814814814,8.17283950617284,16.666666666666668
game_754,vietnam,pakistan,3647.74,4,20,2.6383,1.5969,4,7,39,4.9761,1.5056,5,12,24,13,26,0,4.08641975308642,25.271604938271604,2.754816049382716,1.193043209876543,2.7037037037037037,6.814814814814815,14.17283950617284,5.0,29.85185185185185,3.4534234567901234,1.3991691358024692,3.185185185185185,7.938271604938271,16.123456790123456
game_755,saudi_arabia,singapore,3655.67,4,27,2.8085,1.5271,3,4,21,1.9513,1.161,2,3,6,2,4,1,3.7777777777777777,23.703703703703702,2.6685950617283947,1.192485185185185,2.3703703703703702,6.0246913580246915,12.25925925925926,4.938271604938271,28.0,3.1490049382716045,1.3038765432098767,3.123456790123457,7.234567901234568,14.765432098765432
game_756,netherlands,oman,3599.98,5,34,4.7095,1.2591,5,0,22,2.3044,0.9367,0,7,14,15,30,1,4.777777777777778,25.80246913580247,2.9356679012345683,1.2502753086419753,2.9382716049382718,5.54320987654321,11.308641975308642,4.530864197530864,26.59259259259259,2.995465432098766,1.3064506172839507,2.9753086419753085,9.123456790123457,18.753086419753085
game_757,uk,iceland,4438.24,8,26,3.3806,1.4644,4,3,23,2.5679,1.5238,3,10,22,10,23,1,4.814814814814815,27.728395061728396,3.3695296296296293,1.4318234567901234,2.962962962962963,4.925925925925926,10.012345679012345,4.481481481481482,25.320987654320987,2.808574074074074,1.293240740740741,2.9012345679012346,7.08641975308642,14.604938271604938
game_758,france,china,5058.2,4,35,4.1718,1.4532,2,6,34,4.0988999999999995,1.6440000000000001,3,7,14,9,18,0,4.506172839506172,27.34567901234568,3.240501234567901,1.3259320987654322,2.950617283950617,5.419753086419753,11.012345679012345,4.666666666666667,26.19753086419753,3.1088654320987654,1.3858086419753084,2.9135802469135803,5.62962962962963,11.481481481481481
game_759,serbia,panama,3599.9900000000002,3,31,3.6369,1.4598,4,6,35,3.5258000000000003,1.4354,3,9,18,8,19,1,5.1234567901234565,29.925925925925927,3.3784098765432096,1.399532098765432,3.271604938271605,6.345679012345679,12.901234567901234,5.074074074074074,27.160493827160494,3.1349308641975306,1.3444308641975309,3.111111111111111,5.469135802469136,11.185185185185185
game_76,vietnam,singapore,4804.400000000001,4,33,3.9971,1.6196,3,4,36,4.2133,1.7545,2,6,16,8,16,1,4.08641975308642,25.11111111111111,2.738040740740741,1.192762962962963,2.7160493827160495,6.888888888888889,14.271604938271604,4.938271604938271,27.814814814814813,3.1210790123456786,1.2965493827160495,3.123456790123457,7.160493827160494,14.617283950617283
game_760,peru,mongolia,3600.02,8,34,4.231,1.6743999999999999,4,6,20,1.8697000000000001,0.9706,3,8,16,8,16,1,4.851851851851852,28.11111111111111,2.9669000000000003,1.2649358024691357,3.111111111111111,6.209876543209877,12.666666666666666,3.6296296296296298,24.666666666666668,2.292954320987654,1.001348148148148,2.1728395061728394,6.493827160493828,13.246913580246913
game_761,brazil,canada,3893.81,4,24,3.1611000000000002,1.7423,4,4,33,3.6871,1.1484999999999999,3,6,12,4,8,1,5.197530864197531,26.395061728395063,3.3249160493827166,1.4116962962962962,3.3580246913580245,7.0,14.283950617283951,4.283950617283951,26.85185185185185,2.9314419753086423,1.2595296296296297,2.7037037037037037,5.938271604938271,12.135802469135802
game_762,kazakhstan,new_zealand,3600.0,7,24,3.2393,1.0869,4,0,21,2.4169,1.3319,0,4,8,15,30,1,3.691358024691358,24.22222222222222,2.5501975308641978,1.108958024691358,2.3333333333333335,5.1234567901234565,10.444444444444445,4.098765432098766,26.59259259259259,2.948737037037037,1.2838283950617284,2.7037037037037037,6.691358024691358,13.654320987654321
game_763,uae,mexico,3600.01,7,27,3.0946000000000002,1.1952,5,4,32,3.1319000000000004,0.909,3,5,10,10,20,1,3.8271604938271606,23.753086419753085,2.5716148148148146,1.1063049382716048,2.432098765432099,5.950617283950617,12.395061728395062,4.283950617283951,28.950617283950617,3.2200691358024693,1.349537037037037,2.876543209876543,7.234567901234568,14.580246913580247
game_764,south_korea,switzerland,3600.0,5,41,4.6415,1.3011,4,3,24,2.7025,0.9346,3,9,18,9,18,1,5.37037037037037,29.864197530864196,3.1508111111111106,1.3070333333333333,3.506172839506173,7.9753086419753085,16.432098765432098,3.7777777777777777,25.54320987654321,2.501104938271605,1.0719999999999998,2.4444444444444446,7.320987654320987,14.938271604938272
game_765,peru,usa,3600.0,10,29,3.0049,1.5773,5,2,25,2.9464,1.6662,1,8,16,5,10,1,4.827160493827161,28.17283950617284,2.982037037037037,1.2661345679012346,3.0987654320987654,6.209876543209877,12.666666666666666,4.530864197530864,26.493827160493826,3.0178567901234565,1.3001962962962963,2.950617283950617,7.7407407407407405,15.790123456790123
game_766,china,switzerland,3600.02,13,34,4.099600000000001,1.5791,9,7,27,2.7106,0.9703999999999999,4,9,18,8,16,1,4.580246913580247,26.19753086419753,3.1088567901234567,1.3866098765432098,2.8395061728395063,5.62962962962963,11.481481481481481,3.728395061728395,25.506172839506174,2.501004938271605,1.071558024691358,2.432098765432099,7.333333333333333,14.962962962962964
game_767,saudi_arabia,pakistan,3599.9900000000002,4,18,2.2331,0.8821,2,10,36,4.0476,1.3576,7,10,20,8,16,0,3.7777777777777777,23.814814814814813,2.6756987654320987,1.2004481481481482,2.382716049382716,5.938271604938271,12.08641975308642,4.962962962962963,29.88888888888889,3.4648864197530864,1.4009962962962963,3.1604938271604937,8.0,16.246913580246915
game_768,rwanda,mexico,3599.99,0,28,2.8918,1.2718,0,3,26,3.1818,1.2918,3,9,18,7,16,0,4.08641975308642,25.901234567901234,2.727377777777778,1.250716049382716,2.493827160493827,8.160493827160494,16.641975308641975,4.296296296296297,29.02469135802469,3.219453086419753,1.3448111111111112,2.876543209876543,7.271604938271605,14.62962962962963
game_769,uk,guatemala,3600.0099999999998,5,38,4.1996,1.4672,4,0,17,1.6284,1.0311,0,1,2,8,16,1,4.851851851851852,27.580246913580247,3.359418518518519,1.4317888888888888,2.962962962962963,5.037037037037037,10.25925925925926,4.308641975308642,29.049382716049383,3.136538271604938,1.2631617283950618,2.8518518518518516,6.654320987654321,13.530864197530864
game_77,peru,canada,3600.02,4,21,2.0354,1.3269,2,1,14,1.4348,1.073,1,8,16,5,10,1,4.901234567901234,28.271604938271604,2.994006172839506,1.269225925925926,3.1358024691358026,6.209876543209877,12.666666666666666,4.320987654320987,27.08641975308642,2.9592481481481485,1.2604617283950619,2.728395061728395,5.925925925925926,12.11111111111111
game_770,serbia,thailand,3599.99,6,31,2.955,1.6672,5,5,30,3.507,1.4813,3,7,14,7,14,1,5.08641975308642,29.925925925925927,3.3868283950617286,1.3969716049382717,3.259259259259259,6.37037037037037,12.950617283950617,5.493827160493828,28.59259259259259,3.5954308641975308,1.5038308641975309,3.5925925925925926,7.012345679012346,14.333333333333334
game_771,india,philippines,5508.95,6,42,3.8184,1.3239,3,5,33,3.5682,1.0582,4,10,20,5,10,0,4.185185185185185,28.77777777777778,2.9076234567901236,1.2143135802469136,2.691358024691358,5.530864197530864,11.25925925925926,3.691358024691358,25.51851851851852,2.5928012345679017,1.1350024691358025,2.3950617283950617,5.395061728395062,11.0
game_772,kazakhstan,oman,3600.0099999999998,0,22,2.3177,1.4079,0,2,19,2.2207,1.4158,1,5,10,5,10,0,3.7777777777777777,24.246913580246915,2.5615753086419755,1.104995061728395,2.382716049382716,5.111111111111111,10.419753086419753,4.506172839506172,26.62962962962963,2.996498765432099,1.3005358024691358,2.962962962962963,9.246913580246913,19.0
game_773,morocco,indonesia,5319.01,3,24,2.8825,1.337,2,6,35,2.753,1.1069,3,11,22,16,32,0,4.8765432098765435,28.839506172839506,3.0447012345679014,1.2599222222222222,3.049382716049383,5.91358024691358,11.950617283950617,4.160493827160494,26.209876543209877,2.6314493827160494,1.0801469135802468,2.691358024691358,4.91358024691358,10.037037037037036
game_774,singapore,ethiopia,3600.01,6,27,3.6106,1.1400000000000001,4,12,27,2.8799,1.402,7,4,8,10,20,0,4.91358024691358,27.925925925925927,3.1285197530864193,1.3041358024691359,3.0987654320987654,7.209876543209877,14.716049382716049,4.827160493827161,26.728395061728396,2.920246913580247,1.2704617283950617,3.2098765432098766,7.185185185185185,14.604938271604938
game_775,new_zealand,south_korea,3599.99,10,24,2.5781,1.3592,6,8,37,4.0871,1.75,5,5,10,6,12,1,3.9753086419753085,26.555555555555557,2.9467469135802467,1.2834913580246914,2.6296296296296298,6.814814814814815,13.901234567901234,5.333333333333333,29.91358024691358,3.1576555555555554,1.3014913580246914,3.493827160493827,8.012345679012345,16.506172839506174
game_776,france,vietnam,3600.0,3,33,5.1015999999999995,1.3758000000000001,3,3,16,1.8258,1.4531,2,1,2,10,20,1,4.518518518518518,27.37037037037037,3.229022222222222,1.3268876543209878,2.9382716049382718,5.493827160493828,11.160493827160494,4.098765432098766,25.320987654320987,2.764846913580247,1.1948185185185185,2.728395061728395,6.839506172839506,14.222222222222221
game_777,uae,mongolia,3600.01,0,28,3.0841,1.4861,0,2,20,1.7121,0.7611,1,7,14,9,18,0,3.9135802469135803,23.74074074074074,2.571744444444444,1.1027135802469137,2.493827160493827,5.925925925925926,12.345679012345679,3.6790123456790123,24.666666666666668,2.2949,1.0039345679012346,2.197530864197531,6.481481481481482,13.222222222222221
game_778,germany,panama,3599.98,10,27,3.1995,1.5103,7,3,21,2.3964,1.5222,3,5,10,6,12,1,4.7407407407407405,25.0,2.912440740740741,1.2708222222222223,3.037037037037037,5.567901234567901,11.234567901234568,5.111111111111111,27.333333333333332,3.148874074074074,1.3433592592592594,3.111111111111111,5.493827160493828,11.271604938271604
game_779,netherlands,canada,3600.02,12,28,3.2975,1.2637,6,3,22,2.4326000000000003,1.0275,2,11,22,7,14,1,4.691358024691358,25.876543209876544,2.9531,1.2502185185185186,2.925925925925926,5.493827160493828,11.209876543209877,4.296296296296297,26.987654320987655,2.9469296296296297,1.2610234567901235,2.7160493827160495,5.901234567901234,12.061728395061728
game_78,rwanda,uae,3600.01,6,28,2.6279,1.2103,3,4,20,2.0807,0.8867,2,8,18,3,6,1,4.012345679012346,25.901234567901234,2.730635802469136,1.2514753086419754,2.45679012345679,8.17283950617284,16.641975308641975,3.8641975308641974,23.839506172839506,2.584132098765432,1.1101135802469135,2.4691358024691357,5.9753086419753085,12.444444444444445
game_780,brazil,iceland,3600.01,14,42,5.513999999999999,1.8152,8,0,8,0.5651,0.4921,0,3,6,11,22,1,5.074074074074074,26.17283950617284,3.295867901234568,1.410796296296296,3.308641975308642,7.037037037037037,14.358024691358025,4.518518518518518,25.506172839506174,2.8333,1.305977777777778,2.9382716049382718,7.074074074074074,14.617283950617283
game_781,thailand,rwanda,3600.0099999999998,4,15,1.7168,1.1233,2,2,19,1.806,1.293,1,5,10,4,8,1,5.506172839506172,28.77777777777778,3.6175320987654325,1.5082506172839507,3.6049382716049383,7.037037037037037,14.382716049382717,4.061728395061729,26.012345679012345,2.7407827160493827,1.2504543209876544,2.4814814814814814,8.222222222222221,16.765432098765434
game_782,oman,usa,3599.98,10,34,4.4731000000000005,1.8553,5,3,28,3.4273,1.4535,3,6,12,9,18,1,4.407407407407407,26.444444444444443,2.968691358024692,1.2951098765432099,2.9135802469135803,9.234567901234568,18.97530864197531,4.518518518518518,26.45679012345679,3.0119197530864197,1.302822222222222,2.925925925925926,7.691358024691358,15.691358024691358
game_783,mongolia,philippines,3990.25,2,17,1.5090999999999999,1.117,1,3,36,3.4912,1.5336,2,5,10,2,4,0,3.6790123456790123,24.703703703703702,2.2974061728395063,0.9995407407407407,2.197530864197531,6.530864197530864,13.320987654320987,3.7160493827160495,25.48148148148148,2.5937518518518523,1.129133333333333,2.419753086419753,5.432098765432099,11.074074074074074
game_784,pakistan,singapore,3600.0,4,33,3.908,1.6236,2,0,22,2.5459,1.3028,0,4,8,7,14,1,5.037037037037037,29.925925925925927,3.4666098765432096,1.3977123456790124,3.2222222222222223,8.049382716049383,16.34567901234568,4.987654320987654,27.987654320987655,3.141664197530864,1.302125925925926,3.1481481481481484,7.172839506172839,14.641975308641975
game_785,china,guatemala,3599.99,4,28,3.0782,1.3759000000000001,3,0,20,1.7144,0.8075,0,5,10,7,14,1,4.691358024691358,26.271604938271604,3.1214666666666666,1.3891185185185184,2.9135802469135803,5.679012345679013,11.580246913580247,4.308641975308642,29.012345679012345,3.1354765432098763,1.2659222222222222,2.8518518518518516,6.666666666666667,13.555555555555555
game_786,indonesia,panama,3862.4700000000003,3,22,2.4142,1.0221,2,2,22,2.608,1.288,1,5,10,7,14,1,4.197530864197531,26.37037037037037,2.635632098765432,1.081193827160494,2.7037037037037037,5.049382716049383,10.308641975308642,5.1234567901234565,27.320987654320987,3.1462617283950616,1.3462506172839506,3.1358024691358026,5.481481481481482,11.246913580246913
game_787,iceland,peru,4885.84,8,39,4.3378,1.3586,6,8,37,3.3603,1.5542,5,5,10,9,18,1,4.419753086419753,25.123456790123456,2.786723456790124,1.2952802469135805,2.8641975308641974,7.148148148148148,14.765432098765432,4.851851851851852,28.074074074074073,2.9776493827160495,1.2664197530864196,3.0987654320987654,6.197530864197531,12.641975308641975
game_788,germany,serbia,3600.01,4,33,3.669,1.2827,2,10,25,2.5412,1.2052,5,3,6,7,14,0,4.814814814814815,24.925925925925927,2.9066444444444444,1.273632098765432,3.0987654320987654,5.592592592592593,11.283950617283951,5.037037037037037,30.0,3.391937037037037,1.4026753086419752,3.259259259259259,6.37037037037037,12.950617283950617
game_789,mexico,switzerland,3600.02,6,22,2.1758,1.0828,3,9,23,2.3634,0.7746999999999999,6,7,14,6,12,0,4.2592592592592595,29.074074074074073,3.2318728395061727,1.3473913580246915,2.876543209876543,7.271604938271605,14.654320987654321,3.7037037037037037,25.555555555555557,2.5052913580246914,1.0739740740740742,2.4074074074074074,7.3580246913580245,15.012345679012345
game_79,oman,china,3747.88,8,33,3.6321,1.6672,5,7,19,2.0905,1.0891,4,5,10,9,18,1,4.432098765432099,26.45679012345679,2.979074074074074,1.2974320987654322,2.9135802469135803,9.246913580246913,19.0,4.654320987654321,26.382716049382715,3.133660493827161,1.3926592592592593,2.9012345679012346,5.62962962962963,11.481481481481481
game_790,canada,kazakhstan,3600.0,7,27,3.865,1.146,4,2,14,1.682,1.0568,1,7,14,10,20,1,4.246913580246914,26.925925925925927,2.929245679012346,1.2595604938271605,2.691358024691358,5.901234567901234,12.061728395061728,3.753086419753086,24.34567901234568,2.569423456790124,1.1093296296296296,2.3703703703703702,5.049382716049383,10.296296296296296
game_791,uk,france,3600.0,4,14,1.7785,1.3307,2,1,25,2.9406,1.3778,1,4,8,3,6,1,4.864197530864198,27.876543209876544,3.3893086419753087,1.4334740740740741,2.9876543209876543,5.0,10.185185185185185,4.54320987654321,27.469135802469136,3.255701234567901,1.3268629629629631,2.962962962962963,5.469135802469136,11.11111111111111
game_792,morocco,uae,3600.02,0,15,1.5499,0.6619,0,8,38,3.67,1.4298,4,6,12,7,14,0,4.91358024691358,28.950617283950617,3.061153086419753,1.2682567901234567,3.074074074074074,5.9753086419753085,12.074074074074074,3.814814814814815,23.617283950617285,2.5645111111111114,1.1034086419753086,2.4444444444444446,5.925925925925926,12.345679012345679
game_793,new_zealand,ethiopia,3599.96,6,30,3.8055,1.1556,4,2,15,1.3914,0.8477,2,3,6,13,29,1,4.0246913580246915,26.48148148148148,2.9315938271604938,1.2860049382716048,2.654320987654321,6.839506172839506,13.950617283950617,4.950617283950617,26.876543209876544,2.9386234567901237,1.2773049382716049,3.271604938271605,7.148148148148148,14.493827160493828
game_794,saudi_arabia,vietnam,3947.69,8,23,2.7808,1.3417,4,1,31,3.0455,1.4309,3,8,16,5,10,1,3.728395061728395,23.753086419753085,2.668937037037037,1.194774074074074,2.3580246913580245,5.962962962962963,12.135802469135802,4.1234567901234565,25.135802469135804,2.749788888888889,1.1950925925925926,2.7160493827160495,6.901234567901234,14.345679012345679
game_795,south_korea,netherlands,3600.0,1,27,2.8756,1.0002,2,10,26,2.903,1.3314,7,11,22,7,14,0,5.419753086419753,30.037037037037038,3.1726123456790116,1.310748148148148,3.5308641975308643,7.950617283950617,16.382716049382715,4.716049382716049,25.901234567901234,2.957970370370371,1.2493827160493827,2.9135802469135803,5.54320987654321,11.308641975308642
game_796,rwanda,guatemala,3600.01,2,23,2.0141,1.1232,1,1,23,2.2264,1.002,2,6,12,3,6,0,4.061728395061729,25.962962962962962,2.7382135802469136,1.2525506172839507,2.4814814814814814,8.197530864197532,16.71604938271605,4.296296296296297,28.97530864197531,3.1291555555555552,1.263520987654321,2.8271604938271606,6.716049382716049,13.654320987654321
game_797,mongolia,serbia,3600.0,3,17,1.3989,0.7566,2,0,30,3.3718,1.4665,0,7,14,7,16,1,3.6666666666666665,24.703703703703702,2.2987666666666664,1.00399012345679,2.185185185185185,6.506172839506172,13.271604938271604,5.160493827160494,29.938271604938272,3.3816827160493825,1.3994493827160495,3.3209876543209877,6.37037037037037,12.925925925925926
game_798,saudi_arabia,philippines,3600.01,5,24,2.8243,1.274,3,4,20,1.748,1.1642,2,3,6,6,12,1,3.765432098765432,23.74074074074074,2.6684,1.1956098765432097,2.3703703703703702,6.0246913580246915,12.25925925925926,3.7037037037037037,25.679012345679013,2.615272839506173,1.133693827160494,2.419753086419753,5.382716049382716,10.975308641975309
game_799,thailand,panama,3599.9700000000003,5,29,3.7393,1.646,3,0,26,2.5473,1.3881999999999999,0,4,8,6,12,1,5.493827160493828,28.604938271604937,3.5925629629629627,1.5017975308641975,3.5925925925925926,7.049382716049383,14.407407407407407,5.148148148148148,27.271604938271604,3.147011111111111,1.3450135802469136,3.1481481481481484,5.493827160493828,11.271604938271604
game_8,china,singapore,3600.02,6,28,3.2329,1.5078,3,5,27,2.7965,1.0976,4,5,10,4,8,0,4.666666666666667,26.271604938271604,3.1195567901234567,1.38749012345679,2.9135802469135803,5.679012345679013,11.580246913580247,4.925925925925926,27.925925925925927,3.13857037037037,1.3046592592592594,3.0987654320987654,7.209876543209877,14.716049382716049
game_80,philippines,saudi_arabia,5437.07,2,30,3.0126,1.4417,1,4,24,2.6724,0.9698,2,9,18,6,12,0,3.728395061728395,25.555555555555557,2.5996604938271606,1.1302679012345678,2.432098765432099,5.345679012345679,10.901234567901234,3.7777777777777777,23.74074074074074,2.6702753086419753,1.1993654320987652,2.382716049382716,5.987654320987654,12.185185185185185
game_800,ethiopia,morocco,3600.0,12,35,3.6764,1.2184,6,7,45,4.7382,1.5934,4,12,24,8,18,1,4.827160493827161,26.62962962962963,2.9104135802469138,1.2727283950617283,3.2222222222222223,7.160493827160494,14.555555555555555,4.827160493827161,28.580246913580247,3.021791358024691,1.2567567901234566,3.0246913580246915,5.950617283950617,12.0
game_801,china,indonesia,3800.0099999999998,5,23,2.8122,1.0809,4,6,34,2.704,1.0314,3,6,12,4,8,1,4.679012345679013,26.333333333333332,3.1247506172839508,1.3927604938271605,2.9012345679012346,5.666666666666667,11.555555555555555,4.160493827160494,26.22222222222222,2.632054320987654,1.0810790123456788,2.691358024691358,5.061728395061729,10.333333333333334
game_802,india,new_zealand,3599.98,8,25,3.0976,1.3221,4,3,21,2.0903,1.5813,3,1,2,7,14,1,4.160493827160494,28.987654320987655,2.9165222222222225,1.2143358024691357,2.6790123456790123,5.6419753086419755,11.481481481481481,4.061728395061729,26.59259259259259,2.952769135802469,1.2807493827160494,2.6666666666666665,6.790123456790123,13.851851851851851
game_803,south_korea,pakistan,3599.99,6,31,3.5067000000000004,1.3205,3,0,23,2.7544,1.4937,1,4,8,10,20,1,5.3580246913580245,29.987654320987655,3.1648209876543203,1.306793827160494,3.5185185185185186,8.037037037037036,16.555555555555557,5.08641975308642,30.049382716049383,3.480851851851852,1.3993160493827161,3.234567901234568,7.9753086419753085,16.19753086419753
game_804,switzerland,peru,3600.0,0,13,1.0268,0.702,1,4,26,2.2523,1.1641,3,7,14,4,8,0,3.814814814814815,25.679012345679013,2.5217925925925924,1.0748716049382716,2.4691358024691357,7.345679012345679,14.987654320987655,4.901234567901234,28.209876543209877,2.9913283950617284,1.2712358024691357,3.123456790123457,6.2592592592592595,12.765432098765432
game_805,uk,oman,3599.99,4,34,4.8595,1.7781,2,6,25,3.1031,1.4457,3,6,14,7,14,0,4.864197530864198,27.62962962962963,3.351271604938271,1.4279506172839507,2.9876543209876543,4.9753086419753085,10.11111111111111,4.45679012345679,26.555555555555557,2.985604938271605,1.3001666666666667,2.9382716049382718,9.222222222222221,18.950617283950617
game_806,france,germany,3599.99,2,25,3.2045,1.7025,2,3,24,2.6824,1.6625999999999999,3,2,4,9,20,0,4.530864197530864,27.469135802469136,3.2524432098765432,1.3228543209876544,2.950617283950617,5.481481481481482,11.135802469135802,4.827160493827161,25.037037037037038,2.918824691358025,1.268941975308642,3.0864197530864197,5.518518518518518,11.11111111111111
game_807,usa,kazakhstan,3599.9900000000002,10,23,2.7857000000000003,1.5354,5,2,23,2.5308,0.96,1,7,14,3,6,1,4.432098765432099,26.51851851851852,3.0198407407407406,1.3018111111111113,2.9012345679012346,7.716049382716049,15.74074074074074,3.753086419753086,24.234567901234566,2.5589444444444447,1.1105246913580247,2.3703703703703702,5.135802469135802,10.469135802469136
game_808,canada,brazil,3599.99,0,25,2.3635,0.8543,0,7,26,3.5254,1.4547999999999999,4,9,18,6,12,0,4.333333333333333,26.950617283950617,2.947782716049383,1.2631617283950618,2.740740740740741,5.8765432098765435,12.012345679012345,5.160493827160494,26.37037037037037,3.320418518518519,1.4152456790123455,3.3580246913580245,7.0,14.283950617283951
game_809,iceland,vietnam,3600.0,2,22,2.9972999999999996,1.2601,1,1,21,2.1307,0.9676,2,8,16,8,16,0,4.493827160493828,25.333333333333332,2.803272839506173,1.2964962962962965,2.925925925925926,7.111111111111111,14.691358024691358,4.1234567901234565,25.25925925925926,2.761082716049383,1.2008123456790123,2.728395061728395,6.864197530864198,14.271604938271604
game_81,serbia,ethiopia,3600.02,8,21,2.4779,1.2336,4,6,26,3.077,1.2428,3,9,18,8,16,1,5.061728395061729,30.049382716049383,3.3927185185185187,1.4023246913580247,3.271604938271605,6.345679012345679,12.901234567901234,4.901234567901234,26.74074074074074,2.917813580246914,1.272427160493827,3.259259259259259,7.209876543209877,14.654320987654321
game_810,mexico,singapore,3599.9900000000002,6,31,4.4604,1.5741,3,7,22,2.6647,1.1631,4,9,18,8,16,0,4.2592592592592595,28.962962962962962,3.2036679012345677,1.341325925925926,2.876543209876543,7.246913580246914,14.604938271604938,4.901234567901234,27.987654320987655,3.140197530864197,1.3038506172839508,3.0987654320987654,7.160493827160494,14.617283950617283
game_811,netherlands,uae,3600.01,3,26,2.5116,1.3443,2,0,32,2.8615,0.9992,0,4,8,3,6,1,4.802469135802469,25.901234567901234,2.9628024691358026,1.2492234567901235,2.9753086419753085,5.580246913580247,11.382716049382717,3.9135802469135803,23.691358024691358,2.5744925925925926,1.1087246913580246,2.493827160493827,5.9753086419753085,12.444444444444445
game_812,thailand,singapore,3599.98,3,28,3.465,1.5918,2,13,31,3.9341999999999997,1.2883,7,10,20,8,16,0,5.518518518518518,28.617283950617285,3.5959493827160496,1.5024666666666666,3.6049382716049383,6.9753086419753085,14.25925925925926,4.827160493827161,27.876543209876544,3.1245246913580242,1.302304938271605,3.0617283950617282,7.160493827160494,14.617283950617283
game_813,ethiopia,serbia,3600.02,4,36,4.8349,1.6905000000000001,3,6,36,3.5224,1.1174,4,5,10,8,16,0,4.925925925925926,26.617283950617285,2.8961111111111113,1.2669,3.259259259259259,7.246913580246914,14.728395061728396,5.08641975308642,29.864197530864196,3.379823456790123,1.4037592592592592,3.271604938271605,6.3580246913580245,12.925925925925926
game_814,saudi_arabia,philippines,3600.01,2,23,3.0806,1.4647000000000001,1,3,19,1.8221,0.82,2,5,10,6,12,0,3.802469135802469,23.753086419753085,2.6652358024691356,1.1932555555555555,2.3950617283950617,6.0,12.209876543209877,3.7160493827160495,25.691358024691358,2.614358024691358,1.1379432098765432,2.419753086419753,5.382716049382716,10.975308641975309
game_815,usa,france,3599.99,6,24,3.1607000000000003,1.0261,3,6,30,3.1835,1.3999,4,6,12,8,16,0,4.481481481481482,26.506172839506174,3.0152111111111113,1.3080987654320988,2.925925925925926,7.728395061728395,15.765432098765432,4.481481481481482,27.40740740740741,3.252702469135803,1.32659012345679,2.925925925925926,5.407407407407407,10.987654320987655
game_816,peru,india,5376.91,1,29,2.7498,1.1929,1,3,49,4.9612,1.4733,2,11,24,8,16,0,4.938271604938271,28.17283950617284,2.9851864197530866,1.2708802469135803,3.1481481481481484,6.172839506172839,12.567901234567902,4.222222222222222,28.691358024691358,2.893514814814815,1.2124691358024693,2.7037037037037037,5.555555555555555,11.308641975308642
game_817,south_korea,germany,3600.0,9,33,3.6563,1.5591,6,2,17,1.8164,1.2011,1,3,6,3,6,1,5.320987654320987,29.962962962962962,3.162974074074074,1.303848148148148,3.4814814814814814,8.049382716049383,16.580246913580247,4.839506172839506,25.123456790123456,2.929516049382716,1.2746395061728395,3.111111111111111,5.592592592592593,11.283950617283951
game_818,kazakhstan,uae,3616.12,4,22,1.8359,1.0661,3,3,18,2.1355999999999997,1.0191,2,3,6,3,6,1,3.728395061728395,24.246913580246915,2.5675234567901235,1.1092148148148147,2.345679012345679,5.135802469135802,10.469135802469136,3.876543209876543,23.864197530864196,2.583454320987654,1.108479012345679,2.4691358024691357,5.9753086419753085,12.444444444444445
game_819,indonesia,iceland,3600.01,2,22,2.2208,0.9969,1,4,16,1.7971,1.0334,2,4,8,5,10,0,4.209876543209877,26.37037037037037,2.63801975308642,1.0815049382716049,2.7160493827160495,5.061728395061729,10.333333333333334,4.469135802469136,25.40740740740741,2.81809012345679,1.2992950617283952,2.9135802469135803,7.148148148148148,14.765432098765432
game_82,india,panama,3600.0,7,33,3.7183,1.3584,5,2,19,1.628,1.0309,1,1,2,8,16,1,4.172839506172839,28.88888888888889,2.9088592592592595,1.2138876543209876,2.6666666666666665,5.6419753086419755,11.481481481481481,5.1234567901234565,27.358024691358025,3.1583604938271606,1.3494246913580246,3.1358024691358026,5.469135802469136,11.222222222222221
game_820,switzerland,rwanda,3599.99,1,14,1.4919,0.5358,1,0,32,3.4107,1.3548,0,5,10,5,10,1,3.802469135802469,25.666666666666668,2.516050617283951,1.0769234567901236,2.4691358024691357,7.37037037037037,15.037037037037036,4.08641975308642,25.85185185185185,2.720971604938272,1.2496913580246916,2.493827160493827,8.209876543209877,16.74074074074074
game_821,canada,pakistan,3600.0,7,30,3.8896,1.5485,4,2,30,3.633,1.2896,1,7,14,9,20,1,4.246913580246914,26.88888888888889,2.9289419753086423,1.2545913580246912,2.691358024691358,5.901234567901234,12.061728395061728,5.061728395061729,29.962962962962962,3.470004938271605,1.4018358024691357,3.234567901234568,7.987654320987654,16.19753086419753
game_822,uk,china,3599.98,4,23,2.8324,1.2611,3,2,26,3.0324,1.5354,2,2,4,5,10,1,4.864197530864198,27.765432098765434,3.3762975308641976,1.4343333333333332,2.9753086419753085,5.0246913580246915,10.234567901234568,4.716049382716049,26.296296296296298,3.122032098765432,1.3871493827160493,2.925925925925926,5.679012345679013,11.580246913580247
game_823,new_zealand,panama,3600.0099999999998,0,23,2.7580999999999998,1.5049000000000001,0,4,26,2.8912999999999998,1.1049,2,6,12,4,8,0,4.098765432098766,26.567901234567902,2.9445246913580245,1.2816925925925926,2.7037037037037037,6.802469135802469,13.876543209876543,5.098765432098766,27.271604938271604,3.1427641975308642,1.348511111111111,3.123456790123457,5.518518518518518,11.320987654320987
game_824,vietnam,guatemala,3600.01,4,32,3.1336,1.0647,2,6,18,1.9435,1.2684,3,6,12,6,12,0,4.08641975308642,25.123456790123456,2.748701234567901,1.1996135802469137,2.728395061728395,6.888888888888889,14.320987654320987,4.234567901234568,29.037037037037038,3.132648148148148,1.260232098765432,2.814814814814815,6.679012345679013,13.580246913580247
game_825,morocco,netherlands,3600.0,0,24,2.1599,1.1028,0,4,24,2.4356,1.1885,2,8,16,7,14,0,4.91358024691358,28.839506172839506,3.0536222222222222,1.2628135802469136,3.074074074074074,5.950617283950617,12.024691358024691,4.790123456790123,25.925925925925927,2.963740740740741,1.2511469135802469,2.9753086419753085,5.54320987654321,11.308641975308642
game_826,mongolia,brazil,3600.0,2,17,1.2823,0.7424999999999999,2,0,35,4.6061,1.7343,0,7,14,6,12,1,3.6790123456790123,24.703703703703702,2.300206172839506,1.0041641975308642,2.185185185185185,6.506172839506172,13.271604938271604,5.246913580246914,26.25925925925926,3.3070765432098765,1.411795061728395,3.4074074074074074,7.0,14.283950617283951
game_827,south_korea,thailand,3600.0099999999998,7,23,2.0091,0.9524,4,9,35,5.0622,1.3309,5,8,16,3,6,0,5.345679012345679,30.08641975308642,3.1833098765432095,1.3113382716049382,3.506172839506173,7.987654320987654,16.45679012345679,5.444444444444445,28.530864197530864,3.5762308641975307,1.5056876543209876,3.567901234567901,7.061728395061729,14.432098765432098
game_828,uk,morocco,4693.57,6,40,4.0728,1.6116,3,7,30,3.4008000000000003,1.1125,4,6,12,5,10,0,4.839506172839506,27.555555555555557,3.3609839506172845,1.4300061728395062,2.9753086419753085,4.9753086419753085,10.135802469135802,4.827160493827161,28.765432098765434,3.0383024691358025,1.2626938271604937,3.0246913580246915,5.987654320987654,12.098765432098766
game_829,china,rwanda,3599.99,4,25,2.7374,1.9075,3,7,25,2.0557,1.0631,4,4,8,4,8,0,4.691358024691358,26.308641975308642,3.125674074074074,1.3825555555555555,2.9135802469135803,5.691358024691358,11.604938271604938,4.0,25.938271604938272,2.7377000000000002,1.2532925925925926,2.4444444444444446,8.222222222222221,16.765432098765434
game_83,pakistan,switzerland,3599.99,3,30,3.6781,1.5122,2,2,24,2.1224,1.1128,1,8,16,9,18,1,5.049382716049383,29.962962962962962,3.4694481481481483,1.3990876543209876,3.2222222222222223,8.0,16.246913580246915,3.7901234567901234,25.54320987654321,2.5082666666666666,1.0697999999999999,2.4691358024691357,7.320987654320987,14.938271604938272
game_830,new_zealand,mongolia,3600.0,6,19,2.51,0.7858999999999999,3,0,17,1.3809,0.8108000000000001,0,4,8,5,10,1,4.0246913580246915,26.617283950617285,2.9475876543209876,1.2905691358024691,2.6666666666666665,6.827160493827161,13.925925925925926,3.7037037037037037,24.703703703703702,2.2989888888888887,1.003320987654321,2.2098765432098766,6.530864197530864,13.320987654320987
game_831,pakistan,usa,3599.98,11,42,5.7939,1.4175,7,2,16,1.6213,1.0477,1,7,16,10,20,1,4.950617283950617,29.814814814814813,3.4433271604938267,1.4002567901234568,3.1604938271604937,8.012345679012345,16.246913580246915,4.530864197530864,26.604938271604937,3.034216049382716,1.3078320987654322,2.950617283950617,7.679012345679013,15.666666666666666
game_832,vietnam,saudi_arabia,3990.75,3,28,2.9167,1.4854,2,5,29,3.5058,1.7681,3,7,16,8,18,0,4.098765432098766,25.17283950617284,2.751379012345679,1.1944197530864198,2.728395061728395,6.8765432098765435,14.271604938271604,3.765432098765432,23.679012345679013,2.6599864197530865,1.1895098765432097,2.3703703703703702,5.962962962962963,12.11111111111111
game_833,oman,peru,3600.02,2,25,2.444,1.5382,1,9,27,3.747,0.8361,5,9,18,4,8,0,4.506172839506172,26.555555555555557,2.9937419753086423,1.2990246913580248,2.962962962962963,9.197530864197532,18.901234567901234,4.839506172839506,28.19753086419753,2.9728753086419757,1.275285185185185,3.0987654320987654,6.2592592592592595,12.765432098765432
game_834,mexico,ethiopia,3599.98,8,27,2.6978,1.3025,5,6,31,2.9167,1.6673,3,5,10,5,10,1,4.234567901234568,29.012345679012345,3.2254283950617286,1.344679012345679,2.8518518518518516,7.296296296296297,14.703703703703704,4.901234567901234,26.679012345679013,2.919792592592593,1.2671864197530864,3.259259259259259,7.246913580246914,14.728395061728396
game_835,indonesia,kazakhstan,3600.0299999999997,5,20,2.3411,1.2784,3,2,24,2.3495,1.1961,1,3,6,4,8,1,4.172839506172839,26.395061728395063,2.636534567901234,1.0780296296296294,2.691358024691358,5.074074074074074,10.358024691358025,3.753086419753086,24.22222222222222,2.561182716049383,1.1076098765432099,2.3703703703703702,5.1234567901234565,10.444444444444445
game_836,panama,iceland,3599.98,4,21,2.4765,1.068,2,2,18,1.8935,1.2943,1,1,2,7,14,1,5.098765432098766,27.333333333333332,3.147885185185185,1.3489666666666666,3.123456790123457,5.555555555555555,11.395061728395062,4.493827160493828,25.382716049382715,2.8169,1.2960740740740742,2.925925925925926,7.1234567901234565,14.716049382716049
game_837,singapore,serbia,3599.99,2,21,2.0827,1.143,1,5,29,3.8814,1.5697,3,10,20,4,8,0,4.962962962962963,28.0,3.1473827160493824,1.3040987654320988,3.1358024691358026,7.135802469135802,14.567901234567902,5.098765432098766,29.950617283950617,3.3753913580246913,1.3981753086419753,3.2839506172839505,6.407407407407407,13.024691358024691
game_838,france,switzerland,3600.0,3,19,2.0327,1.2556,2,5,23,2.1766,1.2394,3,5,10,4,8,0,4.518518518518518,27.54320987654321,3.26690987654321,1.3283716049382717,2.950617283950617,5.444444444444445,11.061728395061728,3.753086419753086,25.555555555555557,2.5075975308641976,1.0682370370370369,2.4444444444444446,7.382716049382716,15.061728395061728
game_839,guatemala,uae,3600.01,0,24,2.9425,1.1255,0,0,20,1.2919,0.6871,1,2,4,9,20,0,4.308641975308642,28.962962962962962,3.1203148148148148,1.2619962962962963,2.8518518518518516,6.728395061728395,13.679012345679013,3.9135802469135803,23.839506172839506,2.5938703703703703,1.1125777777777777,2.4814814814814814,5.901234567901234,12.271604938271604
game_84,morocco,kazakhstan,3600.0,2,27,3.2091000000000003,1.0257,1,7,24,2.8609,1.1739,4,7,14,5,13,0,4.888888888888889,28.80246913580247,3.040669135802469,1.2637654320987655,3.0617283950617282,5.962962962962963,12.049382716049383,3.691358024691358,24.22222222222222,2.5548691358024693,1.1078839506172837,2.3333333333333335,5.111111111111111,10.382716049382717
game_840,canada,india,3600.0,0,17,1.9556,0.8759,0,6,25,2.7071,1.301,3,9,21,10,20,0,4.333333333333333,27.049382716049383,2.9528185185185185,1.2628950617283952,2.740740740740741,5.8765432098765435,11.975308641975309,4.185185185185185,28.987654320987655,2.9213432098765435,1.2145962962962964,2.691358024691358,5.530864197530864,11.25925925925926
game_841,philippines,brazil,3599.9900000000002,2,34,3.8844999999999996,1.0997,2,3,20,2.2004,1.1248,3,2,4,9,18,0,3.728395061728395,25.506172839506174,2.5888962962962965,1.1344901234567901,2.419753086419753,5.432098765432099,11.074074074074074,5.209876543209877,26.444444444444443,3.3367765432098766,1.4193197530864197,3.3703703703703702,6.962962962962963,14.209876543209877
game_842,netherlands,germany,3599.9900000000002,6,28,3.6208,1.5291,3,2,24,2.8981000000000003,0.9752000000000001,1,7,18,9,18,1,4.765432098765432,25.876543209876544,2.9491086419753088,1.2469419753086421,2.962962962962963,5.54320987654321,11.25925925925926,4.839506172839506,25.037037037037038,2.916161728395062,1.2774283950617284,3.111111111111111,5.518518518518518,11.135802469135802
game_843,usa,china,3600.0,2,25,3.1759,1.3405,2,2,34,4.2211,1.5703,1,7,14,7,16,1,4.530864197530864,26.493827160493826,3.0150234567901233,1.3042172839506172,2.9382716049382718,7.716049382716049,15.74074074074074,4.716049382716049,26.19753086419753,3.1073567901234567,1.3867185185185185,2.9382716049382718,5.654320987654321,11.506172839506172
game_844,saudi_arabia,thailand,3600.0,1,19,1.7490999999999999,0.9217,2,0,35,4.2356,1.1694,0,6,12,5,10,1,3.814814814814815,23.80246913580247,2.681674074074074,1.1999592592592592,2.382716049382716,5.987654320987654,12.185185185185185,5.555555555555555,28.530864197530864,3.586435802469136,1.5076814814814816,3.6296296296296298,7.037037037037037,14.382716049382717
game_845,kazakhstan,pakistan,3600.0,3,23,2.6546000000000003,1.4546,2,6,31,3.7258999999999998,1.8702,3,3,6,5,10,0,3.740740740740741,24.234567901234566,2.5574160493827165,1.1044185185185185,2.3580246913580245,5.135802469135802,10.469135802469136,5.012345679012346,29.950617283950617,3.4688580246913574,1.394667901234568,3.2098765432098766,8.037037037037036,16.320987654320987
game_846,peru,singapore,3600.03,2,24,2.3776,1.0437,2,2,22,3.2274,0.7497,1,8,19,3,6,1,4.925925925925926,28.234567901234566,2.9897814814814816,1.272722222222222,3.1358024691358026,6.209876543209877,12.62962962962963,4.962962962962963,27.987654320987655,3.1332506172839505,1.3089543209876544,3.1358024691358026,7.222222222222222,14.74074074074074
game_847,germany,panama,3600.0,4,25,3.1,1.2835,2,6,21,2.416,1.2997,3,2,4,5,10,0,4.814814814814815,25.02469135802469,2.9136691358024693,1.2736222222222222,3.0987654320987654,5.604938271604938,11.308641975308642,5.074074074074074,27.333333333333332,3.148632098765432,1.346106172839506,3.111111111111111,5.506172839506172,11.296296296296296
game_848,indonesia,morocco,4789.9800000000005,2,43,4.1171,1.3591,2,1,30,2.8529,1.3868,1,3,6,9,18,1,4.209876543209877,26.11111111111111,2.6146086419753085,1.0770333333333333,2.7037037037037037,5.074074074074074,10.358024691358025,4.901234567901234,28.765432098765434,3.0450666666666666,1.2593074074074073,3.0617283950617282,5.938271604938271,12.0
game_849,india,guatemala,3600.0,12,35,3.4584,1.2897,7,0,28,2.5450999999999997,1.0741,0,5,10,8,18,1,4.111111111111111,28.864197530864196,2.912067901234568,1.214735802469136,2.6419753086419755,5.592592592592593,11.382716049382717,4.308641975308642,28.91358024691358,3.125220987654321,1.2626308641975308,2.8518518518518516,6.654320987654321,13.506172839506172
game_85,usa,uk,4391.51,2,33,4.1215,1.7205,2,2,27,3.0697,1.3808,1,7,14,9,18,1,4.530864197530864,26.395061728395063,3.003349382716049,1.299525925925926,2.9382716049382718,7.716049382716049,15.74074074074074,4.888888888888889,27.71604938271605,3.373367901234568,1.4328555555555555,3.0,4.938271604938271,10.061728395061728
game_850,mongolia,rwanda,3599.99,4,26,2.9347,1.0887,2,4,19,1.81,0.9379,3,4,8,14,31,0,3.654320987654321,24.59259259259259,2.279806172839506,0.9998901234567902,2.185185185185185,6.54320987654321,13.345679012345679,4.037037037037037,26.012345679012345,2.7407333333333335,1.2548382716049384,2.45679012345679,8.098765432098766,16.48148148148148
game_851,new_zealand,mexico,3600.0,3,15,1.55,0.8745,3,2,21,2.751,1.3479999999999999,1,10,20,10,20,1,4.061728395061729,26.666666666666668,2.9594395061728394,1.2894753086419755,2.6666666666666665,6.753086419753086,13.777777777777779,4.308641975308642,29.08641975308642,3.2247716049382715,1.3441172839506175,2.9012345679012346,7.234567901234568,14.580246913580247
game_852,france,ethiopia,3600.01,5,31,3.4199,1.4847,4,4,22,2.3181000000000003,1.5107,3,3,6,7,14,1,4.493827160493828,27.395061728395063,3.2497839506172843,1.3255432098765432,2.925925925925926,5.469135802469136,11.11111111111111,4.925925925925926,26.790123456790123,2.927182716049383,1.2691197530864198,3.259259259259259,7.222222222222222,14.679012345679013
game_853,oman,vietnam,3599.98,7,27,3.5255,1.3259,6,3,26,3.3817,1.0847,2,7,14,8,18,1,4.444444444444445,26.530864197530864,2.9803901234567904,1.3016456790123456,2.9012345679012346,9.222222222222221,18.950617283950617,4.098765432098766,25.19753086419753,2.7456382716049386,1.1993666666666667,2.728395061728395,6.864197530864198,14.246913580246913
game_854,serbia,canada,3599.97,4,30,3.1951,1.6231,2,0,22,2.0147,1.0776,0,4,8,3,6,1,5.111111111111111,29.938271604938272,3.3838641975308636,1.3975160493827161,3.2962962962962963,6.407407407407407,13.024691358024691,4.333333333333333,26.987654320987655,2.952088888888889,1.260404938271605,2.740740740740741,5.950617283950617,12.160493827160494
game_855,iceland,philippines,3600.0099999999998,4,28,3.373,1.8348,2,2,18,1.5979,1.0817,1,5,10,4,8,1,4.469135802469136,25.25925925925926,2.7986345679012348,1.2894012345679013,2.9135802469135803,7.148148148148148,14.765432098765432,3.728395061728395,25.703703703703702,2.617125925925926,1.1347123456790122,2.432098765432099,5.407407407407407,11.024691358024691
game_856,switzerland,uae,3600.0,8,25,1.9747,1.0523,4,2,21,2.2233,1.2792,2,9,18,5,10,1,3.7160493827160495,25.530864197530864,2.51009012345679,1.0705469135802468,2.432098765432099,7.320987654320987,14.938271604938272,3.888888888888889,23.82716049382716,2.5823716049382717,1.1052679012345679,2.4691358024691357,5.950617283950617,12.395061728395062
game_857,brazil,south_korea,3600.0,6,26,3.6497,1.3236,4,4,25,2.1219,1.3135000000000001,2,6,12,11,22,1,5.172839506172839,26.37037037037037,3.3188839506172845,1.4168654320987653,3.3580246913580245,7.0,14.283950617283951,5.382716049382716,30.061728395061728,3.181917283950617,1.3068802469135803,3.5308641975308643,7.950617283950617,16.382716049382715
game_858,saudi_arabia,germany,3599.99,4,18,2.2473,1.0849,2,8,25,2.6275,1.2044,5,7,14,5,10,0,3.7777777777777777,23.814814814814813,2.6755234567901236,1.1979444444444443,2.382716049382716,5.9753086419753085,12.160493827160494,4.765432098765432,25.02469135802469,2.9195024691358027,1.2745987654320987,3.0617283950617282,5.567901234567901,11.234567901234568
game_859,morocco,uae,3600.0,2,49,5.3136,1.6598,2,6,21,1.6939,0.7928999999999999,3,5,10,9,18,0,4.888888888888889,28.530864197530864,3.0146876543209875,1.2559370370370369,3.049382716049383,5.987654320987654,12.098765432098766,3.8395061728395063,23.82716049382716,2.588907407407407,1.1112716049382716,2.45679012345679,5.901234567901234,12.296296296296296
game_86,indonesia,iceland,3600.0,4,25,2.473,1.47,3,2,22,2.4622,1.5423,1,3,6,7,14,1,4.185185185185185,26.333333333333332,2.634906172839506,1.0756641975308643,2.691358024691358,5.074074074074074,10.358024691358025,4.493827160493828,25.333333333333332,2.809879012345679,1.2930123456790124,2.925925925925926,7.1234567901234565,14.716049382716049
game_860,uk,serbia,3600.02,15,40,6.1366,1.5527,8,5,20,2.302,1.0096,3,5,10,16,32,1,4.728395061728395,27.555555555555557,3.335504938271605,1.4307333333333332,2.9135802469135803,4.987654320987654,10.160493827160494,5.098765432098766,30.061728395061728,3.39489012345679,1.40509012345679,3.2839506172839505,6.2592592592592595,12.728395061728396
game_861,thailand,netherlands,3600.0,4,24,2.4822,1.5015,3,2,24,2.4674,1.0316,2,6,12,4,8,1,5.506172839506172,28.666666666666668,3.608082716049383,1.5035814814814814,3.5925925925925926,7.0246913580246915,14.358024691358025,4.814814814814815,25.925925925925927,2.9633481481481483,1.253083950617284,2.9753086419753085,5.580246913580247,11.382716049382717
game_862,rwanda,new_zealand,3642.48,6,23,2.6924,1.1329,3,4,18,2.1,0.7343,2,11,22,6,12,1,4.012345679012346,25.962962962962962,2.7298395061728398,1.2524308641975308,2.45679012345679,8.135802469135802,16.59259259259259,4.049382716049383,26.62962962962963,2.9526493827160496,1.2912061728395061,2.6790123456790123,6.802469135802469,13.876543209876543
game_863,pakistan,philippines,3600.0,4,18,1.9426,1.0995,3,0,24,2.5841,1.0076,0,8,19,2,4,1,5.037037037037037,30.11111111111111,3.490874074074074,1.4041827160493827,3.2098765432098766,8.0,16.209876543209877,3.753086419753086,25.62962962962963,2.6049506172839507,1.135627160493827,2.4444444444444446,5.432098765432099,11.074074074074074
game_864,oman,france,3600.01,4,29,3.5457,1.5045,2,2,26,3.0933,1.5882,1,4,8,5,13,1,4.481481481481482,26.506172839506174,2.9801407407407408,1.299440740740741,2.950617283950617,9.25925925925926,19.02469135802469,4.530864197530864,27.45679012345679,3.253816049382716,1.3242654320987655,2.962962962962963,5.444444444444445,11.024691358024691
game_865,singapore,usa,3600.0,4,26,2.8571,1.311,2,6,32,3.6705,1.2835,3,7,14,7,14,0,4.938271604938271,27.938271604938272,3.137822222222222,1.3020246913580247,3.123456790123457,7.172839506172839,14.641975308641975,4.481481481481482,26.40740740740741,3.008917283950617,1.304920987654321,2.925925925925926,7.716049382716049,15.74074074074074
game_866,panama,indonesia,3599.98,6,26,2.8447,1.4862,4,1,25,2.7661,0.6204000000000001,1,7,14,1,2,1,5.074074074074074,27.271604938271604,3.1433395061728397,1.3438037037037038,3.0987654320987654,5.481481481481482,11.246913580246913,4.222222222222222,26.333333333333332,2.6312876543209875,1.086153086419753,2.7160493827160495,5.098765432098766,10.407407407407407
game_867,mexico,south_korea,3599.9900000000002,2,32,3.4508,1.4983,1,5,29,2.708,1.0822,3,6,12,5,10,0,4.308641975308642,28.950617283950617,3.216132098765432,1.3422617283950617,2.9012345679012346,7.283950617283951,14.679012345679013,5.37037037037037,30.012345679012345,3.174681481481481,1.309735802469136,3.5185185185185186,8.024691358024691,16.530864197530864
game_868,guatemala,india,3600.0,5,27,3.0295,1.1748,4,6,29,2.383,1.2351999999999999,3,7,14,8,16,1,4.246913580246914,28.925925925925927,3.1192407407407403,1.2613876543209877,2.802469135802469,6.666666666666667,13.555555555555555,4.185185185185185,28.938271604938272,2.9253444444444443,1.2154086419753085,2.691358024691358,5.555555555555555,11.308641975308642
game_869,iceland,china,3600.0,2,21,2.4972000000000003,1.238,1,1,25,3.012,0.9805,2,10,20,8,16,0,4.493827160493828,25.34567901234568,2.809446913580247,1.296769135802469,2.925925925925926,7.08641975308642,14.641975308641975,4.728395061728395,26.308641975308642,3.122283950617284,1.394,2.925925925925926,5.6419753086419755,11.506172839506172
game_87,south_korea,germany,3600.0099999999998,4,20,2.6077,1.4283000000000001,2,2,26,2.9174,1.2787,1,6,12,7,14,1,5.382716049382716,30.123456790123456,3.1759197530864194,1.305462962962963,3.5308641975308643,8.012345679012345,16.506172839506174,4.839506172839506,25.012345679012345,2.9159234567901238,1.2736814814814814,3.111111111111111,5.54320987654321,11.185185185185185
game_870,switzerland,brazil,3599.99,1,23,2.0236,1.0087,1,6,23,2.5083,1.4939,3,9,20,11,22,0,3.802469135802469,25.555555555555557,2.5094864197530864,1.071085185185185,2.4691358024691357,7.320987654320987,14.91358024691358,5.172839506172839,26.40740740740741,3.3329753086419753,1.414762962962963,3.3703703703703702,6.938271604938271,14.160493827160494
game_871,kazakhstan,mongolia,3600.02,0,27,2.9253,1.0237,0,7,31,3.6951,1.1036000000000001,4,11,24,6,12,0,3.7777777777777777,24.185185185185187,2.5540740740740744,1.1097382716049382,2.382716049382716,5.037037037037037,10.246913580246913,3.617283950617284,24.530864197530864,2.2704185185185186,0.9997061728395062,2.1604938271604937,6.518518518518518,13.296296296296296
game_872,ethiopia,vietnam,3634.36,7,25,2.9949,1.1828,4,3,18,1.7962,0.7398,3,7,17,8,16,1,4.888888888888889,26.753086419753085,2.9188271604938274,1.2731679012345678,3.246913580246914,7.222222222222222,14.641975308641975,4.098765432098766,25.296296296296298,2.7652123456790125,1.2036246913580246,2.7160493827160495,6.864197530864198,14.271604938271604
game_873,india,pakistan,3728.35,1,25,2.5717999999999996,1.4171,4,5,47,5.8885000000000005,1.6007,3,13,26,10,20,1,4.246913580246914,28.987654320987655,2.9230135802469137,1.213162962962963,2.6790123456790123,5.493827160493828,11.185185185185185,5.0246913580246915,29.753086419753085,3.4421592592592587,1.3979950617283952,3.2098765432098766,7.9753086419753085,16.19753086419753
game_874,saudi_arabia,china,3600.0099999999998,2,16,1.8176,0.9083,1,2,16,1.7711,1.0993,2,5,10,6,12,0,3.802469135802469,23.839506172839506,2.680828395061728,1.2001246913580246,2.3950617283950617,6.0,12.209876543209877,4.716049382716049,26.419753086419753,3.1376037037037037,1.3925333333333332,2.925925925925926,5.666666666666667,11.555555555555555
game_875,peru,uk,3600.0099999999998,3,23,2.5335,1.1899,2,0,20,2.2151,1.1917,0,4,8,6,14,1,4.91358024691358,28.246913580246915,2.9878567901234567,1.2709172839506173,3.1358024691358026,6.2592592592592595,12.765432098765432,4.91358024691358,27.80246913580247,3.3839185185185183,1.43519012345679,3.0123456790123457,4.9753086419753085,10.11111111111111
game_876,iceland,morocco,3599.98,5,23,2.0823,1.0373,4,4,22,2.0201,1.2265,3,4,8,8,16,1,4.45679012345679,25.320987654320987,2.814569135802469,1.299246913580247,2.888888888888889,7.160493827160494,14.790123456790123,4.864197530864198,28.864197530864196,3.055348148148148,1.2612864197530864,3.037037037037037,5.950617283950617,12.024691358024691
game_877,serbia,canada,3599.99,5,22,2.8027,0.8887,3,0,28,2.7091,1.4419,0,3,6,5,10,1,5.098765432098766,30.037037037037038,3.3887086419753083,1.4065827160493827,3.2839506172839505,6.419753086419753,13.049382716049383,4.333333333333333,26.91358024691358,2.943516049382716,1.2559074074074075,2.740740740740741,5.925925925925926,12.11111111111111
game_878,kazakhstan,germany,3989.96,3,23,2.6103,0.9602999999999999,3,3,17,2.0100000000000002,1.3282,4,0,0,7,16,0,3.740740740740741,24.234567901234566,2.5579629629629634,1.110520987654321,2.345679012345679,5.172839506172839,10.54320987654321,4.827160493827161,25.123456790123456,2.927125925925926,1.2730703703703705,3.074074074074074,5.54320987654321,11.160493827160494
game_879,rwanda,oman,3599.99,5,32,3.6111,1.4516,3,2,21,2.1962,1.3529,1,4,8,7,14,1,4.0246913580246915,25.85185185185185,2.7184975308641977,1.2484962962962964,2.45679012345679,8.222222222222221,16.765432098765434,4.506172839506172,26.604938271604937,2.996801234567901,1.3013123456790123,2.962962962962963,9.222222222222221,18.950617283950617
game_88,mexico,mongolia,3600.02,2,32,3.7579,1.8139,3,4,23,1.9511,1.0393000000000001,2,8,16,4,8,1,4.308641975308642,28.950617283950617,3.2123407407407405,1.3383654320987655,2.876543209876543,7.2592592592592595,14.62962962962963,3.654320987654321,24.62962962962963,2.2919493827160493,1.0005000000000002,2.185185185185185,6.54320987654321,13.345679012345679
game_880,south_korea,usa,3973.87,2,35,3.9814,1.2537,2,5,29,3.6302,1.0523,3,13,28,8,16,0,5.407407407407407,29.938271604938272,3.15896049382716,1.3076185185185185,3.5308641975308643,7.925925925925926,16.308641975308642,4.493827160493828,26.444444444444443,3.0094148148148148,1.3077753086419752,2.925925925925926,7.703703703703703,15.716049382716049
game_881,guatemala,new_zealand,3811.07,8,32,4.4301,1.5013,5,10,31,2.5315,1.3161,6,7,17,7,17,0,4.209876543209877,28.864197530864196,3.101949382716049,1.2573567901234568,2.7901234567901234,6.666666666666667,13.518518518518519,3.9753086419753085,26.469135802469136,2.947322222222222,1.2840234567901234,2.6296296296296298,6.790123456790123,13.814814814814815
game_882,panama,mexico,3599.99,3,35,3.9619,1.8682,2,4,25,3.2837,1.0974,3,8,16,5,10,0,5.111111111111111,27.160493827160494,3.1295469135802465,1.3390876543209875,3.123456790123457,5.469135802469136,11.222222222222221,4.283950617283951,29.037037037037038,3.2181950617283945,1.3472111111111114,2.876543209876543,7.296296296296297,14.703703703703704
game_883,brazil,philippines,4060.79,2,27,3.7342,1.4394,3,3,35,3.3356999999999997,0.806,2,8,16,8,16,1,5.222222222222222,26.358024691358025,3.317840740740741,1.4154358024691356,3.3703703703703702,6.9753086419753085,14.234567901234568,3.7160493827160495,25.493827160493826,2.5956716049382718,1.138116049382716,2.419753086419753,5.3580246913580245,10.925925925925926
game_884,vietnam,ethiopia,3603.12,0,22,2.3203,1.2327,0,2,24,2.6974,1.2403,1,9,18,5,10,0,4.135802469135802,25.246913580246915,2.758741975308642,1.1975395061728396,2.753086419753086,6.851851851851852,14.246913580246913,4.950617283950617,26.765432098765434,2.9225000000000003,1.272458024691358,3.2839506172839505,7.246913580246914,14.728395061728396
game_885,uae,switzerland,3983.77,2,31,3.1114,1.3893,1,4,25,2.1396,1.0839,2,5,10,8,16,0,3.888888888888889,23.703703703703702,2.571407407407407,1.1039086419753086,2.4814814814814814,5.950617283950617,12.395061728395062,3.765432098765432,25.530864197530864,2.5080543209876542,1.0701567901234568,2.45679012345679,7.333333333333333,14.962962962962964
game_886,indonesia,netherlands,3599.99,8,31,2.9732,1.034,5,5,28,3.3346,1.8782,3,1,2,5,10,1,4.135802469135802,26.25925925925926,2.628730864197531,1.0810469135802467,2.6666666666666665,5.098765432098766,10.407407407407407,4.777777777777778,25.876543209876544,2.952641975308642,1.242632098765432,2.962962962962963,5.567901234567901,11.358024691358025
game_887,france,singapore,3599.99,3,27,3.3266999999999998,1.8926,2,3,23,2.9067,1.6573,3,9,18,7,14,0,4.518518518518518,27.444444444444443,3.2509345679012345,1.3205074074074075,2.950617283950617,5.395061728395062,10.962962962962964,4.950617283950617,27.97530864197531,3.1372098765432095,1.2977493827160493,3.111111111111111,7.172839506172839,14.641975308641975
game_888,mongolia,thailand,3600.0,2,15,1.2278,0.593,1,6,27,3.1867,1.4349,4,8,16,10,20,0,3.6790123456790123,24.728395061728396,2.300879012345679,1.00600987654321,2.197530864197531,6.493827160493828,13.246913580246913,5.481481481481482,28.62962962962963,3.5993851851851852,1.5044037037037037,3.580246913580247,6.9753086419753085,14.25925925925926
game_889,saudi_arabia,rwanda,3599.98,4,22,2.7219,1.1109,2,6,28,2.9493,1.2317,3,3,6,8,16,0,3.7777777777777777,23.765432098765434,2.669664197530864,1.1976234567901234,2.382716049382716,6.0246913580246915,12.25925925925926,4.012345679012346,25.901234567901234,2.7266679012345683,1.251211111111111,2.45679012345679,8.17283950617284,16.666666666666668
game_89,guatemala,thailand,3600.0,5,28,2.9314999999999998,1.0229,3,9,37,4.4458,1.3692,6,10,20,7,14,0,4.246913580246914,28.91358024691358,3.1204506172839506,1.2632629629629628,2.814814814814815,6.62962962962963,13.481481481481481,5.444444444444445,28.506172839506174,3.58384074074074,1.5052148148148148,3.5555555555555554,7.012345679012346,14.333333333333334
game_890,thailand,uae,3600.0,15,37,5.4049,1.5249000000000001,8,2,20,1.8963999999999999,0.6944,2,5,10,10,20,1,5.37037037037037,28.506172839506174,3.572,1.5032925925925926,3.5308641975308643,7.037037037037037,14.382716049382717,3.888888888888889,23.839506172839506,2.5864074074074073,1.1124876543209876,2.4691358024691357,5.888888888888889,12.271604938271604
game_891,usa,panama,4364.38,5,29,3.2987,1.2644,4,5,34,3.6516,1.5492,3,8,16,6,12,1,4.493827160493828,26.444444444444443,3.0135074074074075,1.3051567901234569,2.9135802469135803,7.703703703703703,15.716049382716049,5.08641975308642,27.17283950617284,3.1333777777777776,1.3430259259259258,3.111111111111111,5.493827160493828,11.271604938271604
game_892,oman,new_zealand,3749.74,6,26,3.2493,1.7387000000000001,4,7,25,3.1324,1.6298,5,12,24,11,22,0,4.45679012345679,26.54320987654321,2.9838,1.2965493827160495,2.925925925925926,9.160493827160494,18.82716049382716,4.012345679012346,26.54320987654321,2.939903703703704,1.2801506172839505,2.6419753086419755,6.7407407407407405,13.753086419753087
game_893,germany,serbia,3600.0,7,32,3.9779999999999998,1.2871,4,7,27,3.4021,1.3552,5,6,12,5,10,0,4.777777777777778,24.938271604938272,2.9028296296296294,1.273577777777778,3.074074074074074,5.555555555555555,11.209876543209877,5.074074074074074,29.97530864197531,3.3813086419753082,1.4008234567901234,3.259259259259259,6.395061728395062,13.0
game_894,morocco,peru,3599.99,2,27,2.5317000000000003,1.156,1,9,32,2.3767,1.0338,6,3,6,2,4,0,4.888888888888889,28.80246913580247,3.0490320987654322,1.2621567901234567,3.0617283950617282,6.012345679012346,12.148148148148149,4.839506172839506,28.135802469135804,2.989792592592593,1.2728444444444444,3.0864197530864197,6.283950617283951,12.814814814814815
game_895,singapore,pakistan,3599.98,6,21,2.4403,0.9791000000000001,3,8,29,3.3308999999999997,1.4299,6,9,18,7,16,0,4.91358024691358,28.0,3.1429679012345675,1.3061222222222222,3.111111111111111,7.148148148148148,14.592592592592593,4.987654320987654,29.97530864197531,3.473734567901235,1.4001037037037036,3.1728395061728394,8.012345679012345,16.246913580246915
game_896,indonesia,india,3599.9700000000003,8,26,2.5719,0.96,4,2,32,2.8245999999999998,1.4303,1,2,4,7,14,1,4.135802469135802,26.320987654320987,2.6336851851851852,1.0819604938271605,2.6790123456790123,5.08641975308642,10.382716049382717,4.234567901234568,28.901234567901234,2.9198925925925927,1.213,2.7160493827160495,5.567901234567901,11.333333333333334
game_897,kazakhstan,guatemala,3600.0,0,21,1.3452,0.7488,1,6,34,3.6878,1.4637,5,7,14,4,8,0,3.7777777777777777,24.25925925925926,2.5735814814814817,1.113132098765432,2.3703703703703702,5.08641975308642,10.37037037037037,4.234567901234568,28.839506172839506,3.111113580246913,1.257820987654321,2.7901234567901234,6.703703703703703,13.62962962962963
game_898,china,switzerland,3600.01,7,33,3.6063,1.4195,4,0,13,1.1465,0.5868,0,2,4,3,6,1,4.654320987654321,26.209876543209877,3.114946913580247,1.3885802469135802,2.9012345679012346,5.716049382716049,11.654320987654321,3.814814814814815,25.679012345679013,2.5203148148148147,1.0762938271604938,2.4814814814814814,7.395061728395062,15.08641975308642
game_899,mexico,philippines,4202.02,5,33,3.603,1.5841,3,7,17,1.8762999999999999,0.9550000000000001,4,5,10,4,8,0,4.271604938271605,28.938271604938272,3.214253086419753,1.3412024691358024,2.876543209876543,7.296296296296297,14.703703703703704,3.6666666666666665,25.71604938271605,2.6136888888888894,1.1362765432098765,2.3950617283950617,5.407407407407407,11.024691358024691
game_9,ethiopia,netherlands,3600.02,4,24,2.3194999999999997,0.9795,3,2,21,2.0778,1.0711,1,3,6,5,10,1,4.925925925925926,26.765432098765434,2.9271654320987657,1.2756777777777777,3.259259259259259,7.271604938271605,14.777777777777779,4.814814814814815,25.962962962962962,2.968158024691358,1.2525962962962964,2.9876543209876543,5.567901234567901,11.358024691358025
game_90,canada,vietnam,3599.99,5,23,2.8871,1.4226,4,0,12,1.0903,0.8518,0,3,6,8,19,1,4.271604938271605,26.97530864197531,2.9413185185185187,1.2561456790123458,2.691358024691358,5.950617283950617,12.160493827160494,4.135802469135802,25.37037037037037,2.773927160493827,1.202241975308642,2.753086419753086,6.864197530864198,14.234567901234568
game_900,mongolia,iceland,3600.02,3,36,3.3138,1.4596,2,2,25,3.0392,1.1929,3,5,10,5,10,0,3.6666666666666665,24.469135802469136,2.2751259259259258,0.9953111111111113,2.185185185185185,6.530864197530864,13.320987654320987,4.493827160493828,25.296296296296298,2.8027555555555557,1.297325925925926,2.9012345679012346,7.148148148148148,14.765432098765432
game_901,vietnam,france,3600.0,6,23,2.6830000000000003,1.6031,4,4,19,2.5049,1.1693,3,5,10,4,8,1,4.061728395061729,25.234567901234566,2.754264197530864,1.1929666666666667,2.7037037037037037,6.901234567901234,14.345679012345679,4.506172839506172,27.54320987654321,3.26108024691358,1.329437037037037,2.9382716049382718,5.45679012345679,11.08641975308642
game_902,netherlands,uk,3600.02,2,13,1.4183000000000001,1.1263,1,0,20,2.0525,1.2748,0,4,8,1,2,1,4.814814814814815,26.061728395061728,2.9763,1.251914814814815,2.9876543209876543,5.580246913580247,11.382716049382717,4.91358024691358,27.80246913580247,3.385925925925926,1.434164197530864,3.0123456790123457,5.037037037037037,10.25925925925926
game_903,brazil,canada,3600.0,10,28,3.3882,1.4293,5,6,23,2.1817,1.1884,3,8,16,4,8,1,5.1234567901234565,26.34567901234568,3.3221123456790127,1.4155604938271604,3.345679012345679,6.9753086419753085,14.234567901234568,4.2592592592592595,26.97530864197531,2.950027160493827,1.259037037037037,2.7037037037037037,5.938271604938271,12.135802469135802
game_904,south_korea,ethiopia,3752.7000000000003,7,31,3.0051,1.1614,5,6,32,3.4455,1.6464,4,10,20,10,20,1,5.345679012345679,29.987654320987655,3.171013580246913,1.308758024691358,3.493827160493827,7.962962962962963,16.40740740740741,4.901234567901234,26.666666666666668,2.9132641975308644,1.2674444444444444,3.246913580246914,7.185185185185185,14.604938271604938
game_905,uk,india,3599.99,12,34,4.2677,1.7981,8,4,26,2.5987999999999998,1.3025,3,4,8,7,16,1,4.765432098765432,27.62962962962963,3.358577777777778,1.4277037037037037,2.9135802469135803,5.0,10.185185185185185,4.209876543209877,28.97530864197531,2.9226802469135804,1.214577777777778,2.691358024691358,5.567901234567901,11.308641975308642
game_906,panama,saudi_arabia,3599.98,4,30,4.1528,1.6088,3,8,31,3.834,1.1171,4,10,20,10,20,0,5.098765432098766,27.22222222222222,3.12719012345679,1.34229012345679,3.111111111111111,5.444444444444445,11.17283950617284,3.728395061728395,23.65432098765432,2.6559345679012343,1.197546913580247,2.3580246913580245,5.938271604938271,12.08641975308642
game_907,china,morocco,3600.0,10,41,4.4168,1.685,6,0,21,1.7969,1.1074,1,7,14,4,8,1,4.617283950617284,26.11111111111111,3.104940740740741,1.3853024691358025,2.876543209876543,5.654320987654321,11.530864197530864,4.91358024691358,28.876543209876544,3.0581037037037038,1.2627567901234567,3.0617283950617282,6.0,12.123456790123457
game_908,germany,canada,3600.0,1,23,2.5235,1.3457000000000001,1,6,25,2.526,1.2437,4,2,4,5,10,0,4.851851851851852,25.049382716049383,2.920786419753086,1.2728543209876544,3.111111111111111,5.604938271604938,11.308641975308642,4.2592592592592595,26.950617283950617,2.9457765432098766,1.2583543209876542,2.691358024691358,5.925925925925926,12.11111111111111
game_909,serbia,indonesia,3599.99,4,20,2.5208,1.6869,3,8,33,2.9625,1.0456,5,4,8,4,8,0,5.111111111111111,30.061728395061728,3.3921888888888887,1.3967283950617284,3.2839506172839505,6.407407407407407,13.024691358024691,4.135802469135802,26.234567901234566,2.628862962962963,1.0809037037037037,2.6666666666666665,5.061728395061729,10.333333333333334
game_91,singapore,brazil,3600.0099999999998,3,25,2.1128,0.9983,2,8,32,4.6209999999999996,1.3845,5,7,17,2,4,0,4.950617283950617,27.950617283950617,3.147011111111111,1.3058851851851851,3.123456790123457,7.172839506172839,14.604938271604938,5.148148148148148,26.296296296296298,3.306892592592593,1.4161135802469134,3.345679012345679,7.049382716049383,14.382716049382717
game_910,singapore,new_zealand,3600.0299999999997,4,18,2.0721,0.9207,3,2,28,3.1022,1.3451,1,3,6,3,6,1,4.938271604938271,28.037037037037038,3.147513580246913,1.3068432098765432,3.111111111111111,7.222222222222222,14.74074074074074,4.074074074074074,26.506172839506174,2.9402765432098765,1.2836654320987655,2.691358024691358,6.839506172839506,13.950617283950617
game_911,kazakhstan,peru,3600.0099999999998,4,18,1.7119,0.9528000000000001,2,9,28,3.4367,1.5047,6,8,19,5,10,0,3.728395061728395,24.296296296296298,2.5690543209876546,1.1106135802469135,2.3580246913580245,5.074074074074074,10.308641975308642,4.839506172839506,28.185185185185187,2.9767061728395063,1.2670308641975307,3.0864197530864197,6.246913580246914,12.74074074074074
game_912,philippines,south_korea,3599.97,7,21,2.0476,0.9753000000000001,4,0,26,3.0587,1.0744,0,8,16,4,8,1,3.6666666666666665,25.666666666666668,2.6115740740740745,1.1360259259259258,2.3950617283950617,5.3580246913580245,10.925925925925926,5.432098765432099,30.049382716049383,3.170351851851852,1.3098320987654322,3.5555555555555554,8.037037037037036,16.555555555555557
game_913,iceland,rwanda,4264.82,12,44,5.1684,1.4849,6,14,41,3.9753,1.348,7,8,16,10,20,0,4.37037037037037,25.061728395061728,2.7764691358024693,1.2937209876543212,2.8641975308641974,7.111111111111111,14.691358024691358,3.9135802469135803,25.74074074074074,2.714001234567901,1.2497753086419754,2.4074074074074074,8.148148148148149,16.617283950617285
game_914,mongolia,thailand,5018.64,8,27,2.5089,1.3806,4,6,39,4.5016,1.9413,5,4,8,10,20,0,3.6049382716049383,24.580246913580247,2.2850629629629626,0.9962864197530865,2.1604938271604937,6.54320987654321,13.345679012345679,5.481481481481482,28.48148148148148,3.5831518518518517,1.498151851851852,3.567901234567901,6.9753086419753085,14.25925925925926
game_915,ethiopia,switzerland,3943.86,10,19,1.6962,1.1845999999999999,5,6,32,3.4667,0.9349000000000001,4,11,22,3,6,1,4.851851851851852,26.82716049382716,2.9348604938271605,1.2731456790123457,3.234567901234568,7.172839506172839,14.580246913580247,3.740740740740741,25.444444444444443,2.4916703703703704,1.0719962962962963,2.432098765432099,7.395061728395062,15.08641975308642
game_916,oman,netherlands,5770.6900000000005,6,37,4.5706999999999995,1.0616,5,4,43,5.2163,2.0409,4,13,31,7,14,1,4.45679012345679,26.40740740740741,2.9674864197530866,1.3049086419753086,2.9135802469135803,9.148148148148149,18.74074074074074,4.790123456790123,25.691358024691358,2.9294111111111114,1.2406234567901235,2.950617283950617,5.54320987654321,11.308641975308642
game_917,guatemala,mexico,3600.0,4,35,3.2978,1.3712,2,4,32,3.2526,1.29,4,4,8,3,6,0,4.2592592592592595,28.82716049382716,3.1159283950617285,1.258962962962963,2.8271604938271606,6.703703703703703,13.62962962962963,4.283950617283951,28.950617283950617,3.2185790123456792,1.3448333333333333,2.8641975308641974,7.320987654320987,14.753086419753087
game_918,pakistan,vietnam,3600.0,2,24,2.9072,1.3925,2,2,23,2.4657999999999998,1.3565,1,7,14,4,8,1,5.061728395061729,30.037037037037038,3.4789654320987653,1.4005654320987655,3.2222222222222223,8.012345679012345,16.271604938271604,4.111111111111111,25.234567901234566,2.756945679012346,1.1960111111111111,2.740740740740741,6.91358024691358,14.37037037037037
game_919,usa,brazil,3599.99,4,20,2.1725,1.3937,5,3,20,2.3741,1.3133,2,5,10,7,17,1,4.506172839506172,26.555555555555557,3.027411111111111,1.3035604938271605,2.9012345679012346,7.7407407407407405,15.790123456790123,5.209876543209877,26.444444444444443,3.3346320987654323,1.4169925925925926,3.382716049382716,6.987654320987654,14.222222222222221
game_92,new_zealand,netherlands,3600.0,5,23,2.1757,1.3342,3,9,21,2.3286,1.0555,5,6,12,2,4,0,4.037037037037037,26.567901234567902,2.9517148148148147,1.2838,2.6666666666666665,6.802469135802469,13.876543209876543,4.728395061728395,25.962962962962962,2.965061728395062,1.252788888888889,2.9382716049382718,5.604938271604938,11.432098765432098
game_920,uae,france,3841.68,6,22,2.3526,1.3631,3,7,28,3.0961,1.4794,4,6,12,6,12,0,3.8395061728395063,23.814814814814813,2.580775308641975,1.104232098765432,2.45679012345679,5.938271604938271,12.37037037037037,4.469135802469136,27.432098765432098,3.253781481481482,1.3256086419753088,2.925925925925926,5.432098765432099,11.037037037037036
game_921,usa,china,3600.0,1,27,2.6222,1.2401,2,16,29,3.5189,1.2683,9,10,20,5,10,0,4.54320987654321,26.469135802469136,3.0218592592592595,1.3054567901234568,2.9382716049382718,7.679012345679013,15.666666666666666,4.54320987654321,26.25925925925926,3.1160259259259258,1.3904469135802469,2.8395061728395063,5.679012345679013,11.580246913580247
game_922,pakistan,ethiopia,3599.99,2,24,2.803,1.3273,1,0,24,2.8329,1.256,2,12,24,11,22,0,5.061728395061729,30.037037037037038,3.4802518518518517,1.4013703703703706,3.234567901234568,7.950617283950617,16.14814814814815,4.9753086419753085,26.765432098765434,2.920827160493827,1.2722641975308642,3.271604938271605,7.172839506172839,14.580246913580247
game_923,saudi_arabia,guatemala,3958.57,0,22,2.2762000000000002,0.9892,0,1,21,2.2143,1.1975,1,8,16,7,14,0,3.8271604938271606,23.765432098765434,2.6751666666666667,1.199125925925926,2.4074074074074074,5.962962962962963,12.135802469135802,4.296296296296297,29.0,3.1293049382716047,1.2611074074074073,2.8395061728395063,6.666666666666667,13.555555555555555
game_924,south_korea,peru,3599.99,9,27,2.8503,0.9732,5,7,28,3.0094,1.4676,4,7,14,10,20,1,5.320987654320987,30.037037037037038,3.1729246913580242,1.3110814814814815,3.493827160493827,8.0,16.48148148148148,4.864197530864198,28.185185185185187,2.9819814814814816,1.2674888888888887,3.111111111111111,6.185185185185185,12.617283950617283
game_925,rwanda,kazakhstan,3599.99,13,27,3.606,1.7477,8,6,27,3.3668,0.8876,3,8,16,6,14,1,3.925925925925926,25.91358024691358,2.7185604938271606,1.244840740740741,2.3950617283950617,8.17283950617284,16.666666666666668,3.7037037037037037,24.185185185185187,2.5486234567901236,1.1114185185185184,2.345679012345679,5.098765432098766,10.37037037037037
game_926,mongolia,india,3599.99,1,16,1.332,0.9612,1,0,20,2.0798,1.0958999999999999,0,6,12,4,8,1,3.691358024691358,24.71604938271605,2.2995925925925924,1.0014641975308642,2.197530864197531,6.518518518518518,13.296296296296296,4.2592592592592595,29.049382716049383,2.9290876543209876,1.2171283950617284,2.728395061728395,5.604938271604938,11.407407407407407
game_927,indonesia,uae,3600.02,9,28,2.2849,0.9366,5,2,22,2.0766,1.275,1,5,10,4,8,1,4.1234567901234565,26.296296296296298,2.6372283950617286,1.0822493827160493,2.6666666666666665,5.049382716049383,10.308641975308642,3.888888888888889,23.814814814814813,2.5841827160493827,1.1053197530864196,2.4814814814814814,5.962962962962963,12.419753086419753
game_928,morocco,switzerland,3599.98,2,16,1.5887,1.029,2,2,24,1.9606,0.9875,1,4,8,6,15,1,4.888888888888889,28.938271604938272,3.060674074074074,1.2637246913580247,3.049382716049383,6.0,12.123456790123457,3.7901234567901234,25.54320987654321,2.5102641975308644,1.071346913580247,2.4691358024691357,7.3580246913580245,14.975308641975309
game_929,thailand,mexico,3599.9900000000002,6,21,2.5609,1.2006000000000001,4,5,20,1.7067999999999999,1.054,3,5,10,6,12,1,5.481481481481482,28.703703703703702,3.607111111111111,1.5072962962962964,3.580246913580247,7.037037037037037,14.382716049382717,4.271604938271605,29.098765432098766,3.237662962962963,1.347746913580247,2.876543209876543,7.283950617283951,14.679012345679013
game_93,peru,france,3600.0099999999998,6,24,2.8289,1.351,4,0,15,1.4355,0.9718,0,2,4,5,12,1,4.8765432098765435,28.234567901234566,2.98420987654321,1.2689283950617283,3.111111111111111,6.283950617283951,12.814814814814815,4.555555555555555,27.59259259259259,3.274282716049383,1.3318753086419752,2.9753086419753085,5.444444444444445,11.037037037037036
game_930,oman,uk,3600.0,5,27,3.1128,1.3865,3,2,24,3.1797,1.3221,1,8,16,4,10,1,4.469135802469136,26.530864197530864,2.9854851851851856,1.3008975308641977,2.9382716049382718,9.209876543209877,18.925925925925927,4.888888888888889,27.753086419753085,3.3720098765432094,1.43358024691358,3.0,5.0,10.160493827160494
game_931,panama,vietnam,3599.98,11,29,4.0606,1.5154,6,2,19,2.0166999999999997,0.8974,1,5,10,6,12,1,5.012345679012346,27.234567901234566,3.1283283950617284,1.3434432098765432,3.074074074074074,5.506172839506172,11.296296296296296,4.111111111111111,25.28395061728395,2.7624901234567902,1.201679012345679,2.740740740740741,6.888888888888889,14.320987654320987
game_932,new_zealand,canada,3599.97,8,24,3.2265,1.4552,4,5,20,2.8192,0.9158,3,7,14,9,18,1,4.0,26.555555555555557,2.938741975308642,1.2823061728395062,2.654320987654321,6.790123456790123,13.851851851851851,4.271604938271605,27.012345679012345,2.942156790123457,1.2624024691358025,2.7037037037037037,5.8765432098765435,12.012345679012345
game_933,philippines,serbia,3986.7,2,31,2.6524,1.1959,1,4,37,3.5952,1.6659,2,2,4,3,6,0,3.728395061728395,25.54320987654321,2.6041074074074078,1.1333024691358025,2.432098765432099,5.432098765432099,11.074074074074074,5.111111111111111,29.85185185185185,3.3789246913580246,1.3969876543209878,3.2962962962962963,6.419753086419753,13.049382716049383
game_934,germany,france,3600.01,8,26,3.1249000000000002,1.6728,5,6,32,4.4378,1.5145,3,8,16,5,10,1,4.765432098765432,25.012345679012345,2.9133617283950617,1.268816049382716,3.0617283950617282,5.530864197530864,11.160493827160494,4.481481481481482,27.382716049382715,3.2372172839506175,1.3251753086419753,2.9382716049382718,5.444444444444445,11.061728395061728
game_935,netherlands,brazil,3599.99,6,18,2.2875,0.8223,3,0,18,1.7504,1.1380000000000001,0,2,4,9,18,1,4.765432098765432,26.0,2.965569135802469,1.255667901234568,2.962962962962963,5.604938271604938,11.432098765432098,5.246913580246914,26.469135802469136,3.342332098765432,1.4191567901234567,3.4074074074074074,6.962962962962963,14.209876543209877
game_936,iceland,singapore,3599.9900000000002,6,28,3.4948,1.6376,3,6,24,2.4371,1.1578,5,7,14,6,15,0,4.444444444444445,25.25925925925926,2.797130864197531,1.2918358024691359,2.9012345679012346,7.1234567901234565,14.716049382716049,4.91358024691358,27.962962962962962,3.1430074074074072,1.3039160493827162,3.0864197530864197,7.185185185185185,14.62962962962963
game_937,iceland,thailand,3602.46,6,19,2.0076,1.2373,4,6,34,4.4952,1.7185,3,9,18,11,25,1,4.444444444444445,25.37037037037037,2.8154913580246914,1.2967777777777778,2.888888888888889,7.098765432098766,14.666666666666666,5.481481481481482,28.54320987654321,3.583230864197531,1.5009024691358024,3.5925925925925926,6.962962962962963,14.197530864197532
game_938,morocco,canada,3600.0,1,19,1.8632,0.9869,2,2,25,2.1975000000000002,1.3739,1,2,4,4,8,1,4.901234567901234,28.901234567901234,3.057285185185185,1.2642444444444443,3.049382716049383,6.0246913580246915,12.17283950617284,4.308641975308642,26.950617283950617,2.9498320987654325,1.256746913580247,2.728395061728395,5.938271604938271,12.135802469135802
game_939,rwanda,indonesia,3600.0,3,25,2.6261,1.2593,3,0,10,0.8347,0.5630999999999999,0,2,4,7,14,1,4.049382716049383,25.938271604938272,2.730658024691358,1.2508703703703705,2.45679012345679,8.246913580246913,16.814814814814813,4.234567901234568,26.51851851851852,2.655132098765432,1.0868604938271604,2.728395061728395,5.0246913580246915,10.25925925925926
game_94,thailand,india,3600.02,6,26,3.4001,1.2944,3,3,34,3.7453,1.4623,2,9,18,6,12,1,5.481481481481482,28.641975308641975,3.5967506172839503,1.5061382716049383,3.5925925925925926,6.987654320987654,14.283950617283951,4.222222222222222,28.876543209876544,2.908525925925926,1.212604938271605,2.7037037037037037,5.580246913580247,11.358024691358025
game_940,france,mongolia,3600.0,4,34,4.4128,1.5779,4,6,22,2.3889,1.3302,3,5,10,11,22,1,4.506172839506172,27.358024691358025,3.237525925925926,1.3243925925925926,2.925925925925926,5.444444444444445,11.061728395061728,3.6296296296296298,24.641975308641975,2.286544444444444,0.9969086419753087,2.1728395061728394,6.45679012345679,13.17283950617284
game_941,peru,uae,3600.01,4,27,2.745,1.3216999999999999,2,4,21,1.9653,1.0804,3,7,14,4,8,0,4.901234567901234,28.19753086419753,2.985245679012346,1.2692901234567902,3.1358024691358026,6.222222222222222,12.691358024691358,3.8641975308641974,23.82716049382716,2.5855567901234564,1.1077222222222223,2.45679012345679,5.962962962962963,12.419753086419753
game_942,usa,new_zealand,3898.22,5,27,3.3974,1.4266,4,5,38,3.7631,1.7876,3,7,14,6,12,1,4.493827160493828,26.469135802469136,3.0122888888888886,1.3031543209876544,2.9135802469135803,7.716049382716049,15.74074074074074,4.037037037037037,26.382716049382715,2.932117283950617,1.2782024691358025,2.6666666666666665,6.802469135802469,13.876543209876543
game_943,south_korea,saudi_arabia,3618.91,9,31,3.0061,1.4357,5,8,22,2.4215,1.2751000000000001,4,5,10,4,8,1,5.320987654320987,29.987654320987655,3.171001234567901,1.3053716049382715,3.493827160493827,8.024691358024691,16.530864197530864,3.728395061728395,23.765432098765434,2.6733728395061727,1.1955962962962963,2.3580246913580245,6.012345679012346,12.234567901234568
game_944,china,netherlands,3600.0,4,24,2.5529,1.6001,2,5,26,2.4706,1.298,4,5,10,4,8,0,4.691358024691358,26.320987654320987,3.127951851851852,1.3863506172839506,2.925925925925926,5.679012345679013,11.580246913580247,4.777777777777778,25.901234567901234,2.963308641975309,1.249795061728395,2.950617283950617,5.580246913580247,11.382716049382717
game_945,pakistan,germany,4493.9800000000005,8,32,4.1249,1.8964,5,9,31,3.4574,1.3387,6,8,16,8,16,0,4.987654320987654,29.938271604938272,3.4639320987654316,1.3943444444444444,3.185185185185185,8.0,16.246913580246915,4.753086419753086,24.950617283950617,2.909256790123457,1.2729407407407407,3.049382716049383,5.530864197530864,11.160493827160494
game_946,oman,philippines,3600.0,2,21,2.2003,1.2548,2,3,32,3.5448,1.1727,3,7,14,4,8,0,4.506172839506172,26.604938271604937,2.9967506172839506,1.3025234567901236,2.950617283950617,9.222222222222221,18.950617283950617,3.7160493827160495,25.530864197530864,2.5930901234567902,1.1335888888888888,2.4074074074074074,5.407407407407407,11.024691358024691
game_947,india,singapore,3600.0,7,38,4.178,1.2744,4,1,28,2.6496,1.5431,1,3,6,8,16,1,4.172839506172839,28.82716049382716,2.9031839506172843,1.2149246913580247,2.6790123456790123,5.617283950617284,11.432098765432098,4.9753086419753085,27.91358024691358,3.140383950617284,1.2991592592592593,3.1358024691358026,7.160493827160494,14.617283950617283
game_948,ethiopia,panama,3600.0,8,37,5.0293,1.6092,5,2,26,2.639,0.9825,2,6,12,11,25,1,4.8765432098765435,26.604938271604937,2.893711111111111,1.2679037037037038,3.234567901234568,7.234567901234568,14.703703703703704,5.1234567901234565,27.271604938271604,3.1458790123456786,1.3500222222222222,3.123456790123457,5.432098765432099,11.11111111111111
game_949,serbia,brazil,3599.99,9,31,3.5271999999999997,1.2623,5,2,40,5.0892,1.6589,1,4,8,8,16,1,5.049382716049383,29.925925925925927,3.3797641975308643,1.4019703703703703,3.259259259259259,6.407407407407407,13.024691358024691,5.222222222222222,26.19753086419753,3.3011123456790123,1.4127259259259257,3.3950617283950617,6.9753086419753085,14.234567901234568
game_95,oman,singapore,3599.98,2,30,3.3641,1.5548,2,10,27,2.8662,1.3428,5,7,14,5,10,0,4.506172839506172,26.493827160493826,2.9823827160493828,1.2988197530864198,2.950617283950617,9.222222222222221,18.950617283950617,4.864197530864198,27.925925925925927,3.1377098765432097,1.3016320987654322,3.0864197530864197,7.197530864197531,14.691358024691358
game_950,vietnam,guatemala,3634.39,4,21,2.0696,0.9361,2,2,32,3.6925999999999997,1.2757,1,10,20,9,20,1,4.08641975308642,25.25925925925926,2.761837037037037,1.2012012345679013,2.728395061728395,6.839506172839506,14.222222222222221,4.283950617283951,28.864197530864196,3.111054320987654,1.260141975308642,2.8395061728395063,6.6419753086419755,13.481481481481481
game_951,mexico,kazakhstan,3599.98,7,33,4.2219,1.5836,6,6,17,1.6378,0.9715,5,8,16,10,20,1,4.246913580246914,28.938271604938272,3.206612345679012,1.3412086419753086,2.8395061728395063,7.2592592592592595,14.62962962962963,3.7037037037037037,24.308641975308642,2.569969135802469,1.1103827160493827,2.3209876543209877,5.049382716049383,10.296296296296296
game_952,uk,switzerland,6014.1,6,50,5.4562,1.5437,4,6,34,3.1004,1.3889,3,10,20,13,26,1,4.839506172839506,27.432098765432098,3.3439049382716046,1.4308444444444444,2.962962962962963,4.925925925925926,10.037037037037036,3.740740740740741,25.419753086419753,2.4961925925925925,1.0663913580246913,2.4444444444444446,7.271604938271605,14.839506172839506
game_953,thailand,peru,3600.0,7,21,2.634,1.5309,4,3,23,2.138,1.0329000000000002,2,5,10,4,8,1,5.469135802469136,28.703703703703702,3.6062086419753085,1.5032185185185185,3.580246913580247,7.037037037037037,14.382716049382717,4.91358024691358,28.246913580246915,2.9927395061728395,1.2728555555555554,3.1358024691358026,6.2592592592592595,12.765432098765432
game_954,saudi_arabia,usa,3600.01,13,27,3.1807,1.2947,7,0,24,2.9406,0.9946,2,8,18,7,14,1,3.6666666666666665,23.703703703703702,2.6639999999999997,1.1953543209876543,2.3209876543209877,5.962962962962963,12.11111111111111,4.555555555555555,26.506172839506174,3.0179283950617286,1.3084876543209876,2.9382716049382718,7.716049382716049,15.74074074074074
game_955,morocco,mongolia,3798.44,5,35,3.44,1.164,4,5,26,2.3072,1.1038999999999999,3,8,16,9,18,1,4.851851851851852,28.703703703703702,3.0378185185185185,1.262058024691358,3.0246913580246915,5.950617283950617,12.024691358024691,3.6419753086419755,24.59259259259259,2.287553086419753,0.9997024691358026,2.1728395061728394,6.481481481481482,13.222222222222221
game_956,guatemala,rwanda,3611.82,4,19,2.7431,0.8722,2,4,33,2.7619,1.1665,3,9,18,10,20,0,4.2592592592592595,29.02469135802469,3.1227765432098766,1.2651234567901233,2.8271604938271606,6.6419753086419755,13.506172839506172,4.037037037037037,25.839506172839506,2.7289814814814815,1.2520160493827162,2.45679012345679,8.148148148148149,16.617283950617285
game_957,iceland,pakistan,3600.0099999999998,7,31,3.5791,1.538,4,0,21,2.1206,1.0883,0,4,8,8,16,1,4.432098765432099,25.22222222222222,2.79609012345679,1.2930654320987656,2.888888888888889,7.160493827160494,14.790123456790123,5.08641975308642,30.074074074074073,3.488676543209876,1.404320987654321,3.246913580246914,8.0,16.246913580246915
game_958,singapore,indonesia,3600.0099999999998,6,19,2.1456999999999997,1.1155,3,4,30,2.9465,0.9318,2,6,15,5,10,1,4.91358024691358,28.02469135802469,3.1466049382716044,1.3044382716049383,3.111111111111111,7.185185185185185,14.62962962962963,4.185185185185185,26.271604938271604,2.6290604938271604,1.0823086419753087,2.7037037037037037,5.049382716049383,10.308641975308642
game_959,south_korea,germany,3600.0099999999998,10,29,3.2923999999999998,1.8835,7,5,21,2.3912,1.1774,4,6,12,5,10,1,5.308641975308642,30.012345679012345,3.1674666666666664,1.2998432098765433,3.4691358024691357,8.012345679012345,16.506172839506174,4.802469135802469,25.074074074074073,2.92241975308642,1.274932098765432,3.074074074074074,5.567901234567901,11.234567901234568
game_96,usa,philippines,3600.02,6,27,2.8271,1.3563,3,2,24,2.4896,1.5606,2,9,18,3,6,1,4.481481481481482,26.469135802469136,3.0193296296296297,1.3040222222222222,2.925925925925926,7.691358024691358,15.691358024691358,3.728395061728395,25.62962962962963,2.6061172839506175,1.1288,2.419753086419753,5.419753086419753,11.049382716049383
game_960,china,kazakhstan,3600.0,4,21,2.5387,1.626,2,5,25,2.4513,1.1734,4,5,10,5,10,0,4.691358024691358,26.358024691358025,3.128127160493827,1.3860308641975307,2.925925925925926,5.679012345679013,11.580246913580247,3.7160493827160495,24.209876543209877,2.559925925925926,1.10789012345679,2.3333333333333335,5.111111111111111,10.419753086419753
game_961,philippines,ethiopia,3773.9,5,29,2.8348,1.2916,3,5,32,3.8341000000000003,1.6163,4,10,20,5,10,0,3.691358024691358,25.567901234567902,2.601855555555556,1.1321209876543208,2.4074074074074074,5.333333333333333,10.876543209876543,4.91358024691358,26.666666666666668,2.9084666666666665,1.267816049382716,3.246913580246914,7.246913580246914,14.728395061728396
game_962,serbia,uae,3599.9900000000002,3,40,4.0852,1.845,3,6,39,4.4135,1.4344,4,6,12,3,9,0,5.1234567901234565,29.814814814814813,3.372875308641975,1.3947765432098767,3.2839506172839505,6.382716049382716,12.975308641975309,3.8395061728395063,23.604938271604937,2.555332098765432,1.103351851851852,2.4444444444444446,5.9753086419753085,12.407407407407407
game_963,canada,mexico,3599.98,6,32,3.3827000000000003,1.34,5,5,32,3.1069,1.4239,4,2,4,8,16,1,4.2592592592592595,26.864197530864196,2.9352,1.2571654320987653,2.6790123456790123,5.962962962962963,12.185185185185185,4.271604938271605,28.950617283950617,3.220377777777778,1.3431802469135803,2.8641975308641974,7.2592592592592595,14.62962962962963
game_964,netherlands,switzerland,3600.01,4,22,2.6582,0.7061,2,2,24,1.9319,0.9257,1,4,8,8,16,1,4.790123456790123,25.950617283950617,2.960992592592593,1.2571024691358024,2.9753086419753085,5.580246913580247,11.382716049382717,3.7901234567901234,25.54320987654321,2.5106185185185184,1.0721098765432098,2.4691358024691357,7.333333333333333,14.962962962962964
game_965,vietnam,new_zealand,3600.02,5,28,3.6411,1.3940000000000001,3,7,22,2.6004,1.1907,5,7,14,6,12,0,4.074074074074074,25.17283950617284,2.742435802469136,1.195548148148148,2.7160493827160495,6.8765432098765435,14.296296296296296,4.012345679012346,26.580246913580247,2.9464716049382713,1.2855716049382715,2.6419753086419755,6.802469135802469,13.876543209876543
game_966,oman,india,3599.9900000000002,10,26,2.8762,1.4229,7,1,23,2.7872999999999997,0.8746999999999999,2,8,16,6,12,1,4.407407407407407,26.54320987654321,2.988406172839506,1.3004481481481482,2.888888888888889,9.209876543209877,18.925925925925927,4.246913580246914,29.012345679012345,2.9203530864197536,1.2198592592592592,2.7037037037037037,5.580246913580247,11.358024691358025
game_967,france,brazil,3600.0,4,27,3.4059,1.3494,2,5,21,2.8405,1.7585,4,6,12,7,14,0,4.506172839506172,27.444444444444443,3.249956790123457,1.3272135802469136,2.950617283950617,5.432098765432099,11.037037037037036,5.185185185185185,26.432098765432098,3.3288740740740743,1.4114962962962962,3.3580246913580245,6.987654320987654,14.25925925925926
game_968,uk,panama,3599.9900000000002,4,28,3.3489,1.6539,3,1,25,2.8981,1.5543,1,4,8,4,8,1,4.864197530864198,27.703703703703702,3.369920987654321,1.429483950617284,2.9753086419753085,5.0,10.185185185185185,5.135802469135802,27.28395061728395,3.14268024691358,1.342962962962963,3.1358024691358026,5.518518518518518,11.320987654320987
game_969,new_zealand,rwanda,3600.01,8,32,4.0677,1.2964,4,6,31,3.6733000000000002,1.683,3,4,8,9,18,1,4.0,26.45679012345679,2.928356790123457,1.2842666666666667,2.654320987654321,6.827160493827161,13.925925925925926,4.012345679012346,25.864197530864196,2.7177296296296296,1.2456395061728396,2.45679012345679,8.160493827160494,16.641975308641975
game_97,guatemala,mongolia,3600.0099999999998,7,32,4.551,1.2099,4,0,30,1.7907,0.7848,0,1,2,12,24,1,4.222222222222222,28.864197530864196,3.1004567901234568,1.2609543209876544,2.802469135802469,6.7407407407407405,13.703703703703704,3.7037037037037037,24.54320987654321,2.2939296296296297,1.003641975308642,2.2098765432098766,6.444444444444445,13.148148148148149
game_970,china,oman,3600.01,5,27,3.8595,1.7729,3,8,28,2.6670000000000003,0.9378000000000001,5,4,8,9,18,0,4.679012345679013,26.28395061728395,3.1118209876543212,1.3842172839506173,2.9135802469135803,5.691358024691358,11.604938271604938,4.432098765432099,26.51851851851852,2.990988888888889,1.3064370370370373,2.9135802469135803,9.197530864197532,18.901234567901234
game_971,ethiopia,germany,3600.0,4,24,3.0308,1.3580999999999999,2,2,20,2.2756,1.0514000000000001,1,8,16,5,10,1,4.925925925925926,26.765432098765434,2.918383950617284,1.2710037037037036,3.271604938271605,7.209876543209877,14.654320987654321,4.839506172839506,25.08641975308642,2.923846913580247,1.2764876543209875,3.111111111111111,5.567901234567901,11.234567901234568
game_972,philippines,morocco,3600.0,7,34,3.8845,1.1925,4,0,20,1.6158000000000001,0.8261000000000001,0,3,6,11,22,1,3.6666666666666665,25.506172839506174,2.5888962962962965,1.1333444444444445,2.3950617283950617,5.419753086419753,11.049382716049383,4.91358024691358,28.88888888888889,3.0603395061728396,1.2662296296296296,3.074074074074074,5.91358024691358,11.950617283950617
game_973,france,serbia,3600.0,8,24,2.7084,1.1077,5,3,27,3.0881,1.8994,2,7,14,4,8,1,4.45679012345679,27.48148148148148,3.258567901234568,1.3301975308641976,2.9135802469135803,5.419753086419753,11.012345679012345,5.1234567901234565,29.97530864197531,3.385185185185185,1.3941049382716049,3.2962962962962963,6.407407407407407,13.024691358024691
game_974,pakistan,panama,3600.0,2,28,3.0540000000000003,1.4644,1,4,24,2.7055,1.1037,2,5,10,1,2,0,5.061728395061729,29.987654320987655,3.477153086419753,1.3996777777777778,3.234567901234568,8.037037037037036,16.320987654320987,5.098765432098766,27.296296296296298,3.145058024691358,1.348525925925926,3.123456790123457,5.555555555555555,11.395061728395062
game_975,netherlands,saudi_arabia,3600.0,0,23,2.2659000000000002,1.3865,0,3,24,2.5106,1.2862,2,6,12,3,6,0,4.839506172839506,25.938271604938272,2.9658358024691363,1.2487024691358026,3.0,5.555555555555555,11.333333333333334,3.7901234567901234,23.74074074074074,2.6722728395061726,1.1954592592592592,2.382716049382716,6.0246913580246915,12.25925925925926
game_976,guatemala,indonesia,3600.01,0,28,3.0139,1.3464,1,3,34,2.3937999999999997,0.8821,2,4,8,6,12,0,4.308641975308642,28.91358024691358,3.1194333333333333,1.259269135802469,2.8395061728395063,6.703703703703703,13.62962962962963,4.197530864197531,26.22222222222222,2.6358839506172838,1.0829222222222223,2.7037037037037037,5.037037037037037,10.283950617283951
game_977,india,brazil,3599.99,4,25,2.3179,0.917,2,0,23,2.9224,1.848,0,6,14,7,17,1,4.209876543209877,28.987654320987655,2.926148148148148,1.219337037037037,2.7037037037037037,5.580246913580247,11.333333333333334,5.246913580246914,26.40740740740741,3.3278629629629637,1.4103913580246914,3.4074074074074074,6.987654320987654,14.222222222222221
game_978,usa,iceland,3599.99,3,37,4.1745,2.0412,2,5,33,4.0319,1.8139,3,10,20,7,14,0,4.518518518518518,26.34567901234568,3.002695061728395,1.2955666666666668,2.9382716049382718,7.679012345679013,15.666666666666666,4.45679012345679,25.19753086419753,2.7904999999999998,1.2896592592592593,2.9012345679012346,7.1234567901234565,14.716049382716049
game_979,uk,south_korea,3599.9900000000002,9,30,3.9826,1.9875,6,3,27,3.3681,1.307,2,9,18,4,8,1,4.802469135802469,27.679012345679013,3.362097530864198,1.4253654320987654,2.9382716049382718,4.938271604938271,10.061728395061728,5.395061728395062,30.037037037037038,3.1665320987654315,1.3069604938271604,3.5308641975308643,8.037037037037036,16.555555555555557
game_98,pakistan,germany,3868.7799999999997,6,28,3.4774,1.5346,4,5,28,3.3015,1.1266,3,6,12,3,6,1,5.012345679012346,29.987654320987655,3.471925925925926,1.3988111111111112,3.197530864197531,8.024691358024691,16.296296296296298,4.802469135802469,24.987654320987655,2.9111814814814814,1.2755592592592593,3.0864197530864197,5.592592592592593,11.283950617283951
game_980,vietnam,canada,3599.99,11,26,3.0563000000000002,1.2181,7,4,22,2.785,1.1888,3,6,12,6,14,1,4.0,25.19753086419753,2.7496555555555555,1.1977197530864196,2.6666666666666665,6.888888888888889,14.320987654320987,4.283950617283951,26.987654320987655,2.942579012345679,1.2590320987654322,2.7037037037037037,5.91358024691358,12.061728395061728
game_981,mongolia,mexico,3600.01,6,27,2.4731,0.9276,4,6,40,5.0446,1.6871,3,8,16,5,10,1,3.6296296296296298,24.580246913580247,2.285504938271605,1.001879012345679,2.1604938271604937,6.493827160493828,13.246913580246913,4.2592592592592595,28.85185185185185,3.196455555555555,1.339930864197531,2.876543209876543,7.296296296296297,14.703703703703704
game_982,switzerland,peru,3600.01,2,24,2.1269,1.068,1,7,38,4.746,1.3593,5,13,28,4,8,0,3.7901234567901234,25.54320987654321,2.508211111111111,1.070353086419753,2.4691358024691357,7.271604938271605,14.814814814814815,4.864197530864198,28.061728395061728,2.960541975308642,1.2688259259259258,3.0987654320987654,6.2592592592592595,12.765432098765432
game_983,singapore,uae,3600.02,5,24,2.6814,1.2761,3,4,27,2.9932,1.3235,2,7,14,7,14,1,4.925925925925926,27.962962962962962,3.139991358024691,1.3024555555555557,3.111111111111111,7.172839506172839,14.641975308641975,3.8641975308641974,23.753086419753085,2.5728666666666666,1.104720987654321,2.4691358024691357,5.925925925925926,12.345679012345679
game_984,kazakhstan,thailand,3599.98,4,14,1.4992,0.8777,2,4,26,3.152,1.6757,3,3,6,8,16,0,3.728395061728395,24.34567901234568,2.5716802469135804,1.1115407407407407,2.3580246913580245,5.135802469135802,10.469135802469136,5.506172839506172,28.641975308641975,3.599813580246914,1.501430864197531,3.5925925925925926,7.0,14.308641975308642
game_985,india,iceland,3599.98,6,31,3.126,0.9746,3,4,25,2.905,1.5297,4,4,8,7,14,0,4.185185185185185,28.91358024691358,2.9161716049382718,1.218625925925926,2.691358024691358,5.604938271604938,11.407407407407407,4.469135802469136,25.296296296296298,2.804412345679012,1.2931679012345678,2.888888888888889,7.1234567901234565,14.716049382716049
game_986,morocco,panama,4093.04,6,44,4.8163,1.7363,3,1,22,2.3527,1.5611,2,3,6,10,20,1,4.839506172839506,28.59259259259259,3.020827160493827,1.2549925925925924,3.037037037037037,6.012345679012346,12.148148148148149,5.135802469135802,27.320987654320987,3.1494135802469136,1.342879012345679,3.123456790123457,5.444444444444445,11.17283950617284
game_987,saudi_arabia,serbia,3599.99,6,25,2.73,1.4179,6,6,22,2.0404,1.0489,3,4,8,7,14,1,3.753086419753086,23.728395061728396,2.6695641975308644,1.1938333333333333,2.3333333333333335,6.012345679012346,12.234567901234568,5.08641975308642,30.037037037037038,3.39811975308642,1.4046049382716048,3.2839506172839505,6.37037037037037,12.950617283950617
game_988,mongolia,peru,3608.61,7,30,3.288,0.7657,5,9,28,3.2641,1.057,6,6,17,11,22,0,3.617283950617284,24.54320987654321,2.275444444444444,1.0038777777777779,2.1481481481481484,6.518518518518518,13.234567901234568,4.839506172839506,28.185185185185187,2.978837037037037,1.272558024691358,3.0864197530864197,6.172839506172839,12.592592592592593
game_989,germany,ethiopia,3599.98,0,33,4.013,1.3532,0,3,18,1.8960000000000001,1.0874000000000001,3,5,10,7,14,0,4.864197530864198,24.925925925925927,2.9023975308641976,1.2727617283950616,3.123456790123457,5.567901234567901,11.234567901234568,4.938271604938271,26.839506172839506,2.932393827160494,1.2743456790123455,3.259259259259259,7.222222222222222,14.679012345679013
game_99,peru,indonesia,3600.0,6,30,3.4524,1.6364,5,2,22,1.9008,0.7137,1,5,10,7,14,1,4.8765432098765435,28.160493827160494,2.976512345679012,1.2654049382716048,3.0987654320987654,6.246913580246914,12.74074074074074,4.209876543209877,26.37037037037037,2.64197037037037,1.0850012345679012,2.7160493827160495,5.0246913580246915,10.25925925925926
game_990,usa,rwanda,3600.0,5,36,4.3715,1.188,3,0,26,2.4939,1.4112,0,4,8,8,16,1,4.493827160493828,26.358024691358025,3.000262962962963,1.3061,2.925925925925926,7.753086419753086,15.814814814814815,4.08641975308642,25.925925925925927,2.7322901234567905,1.2489950617283951,2.493827160493827,8.17283950617284,16.666666666666668
game_991,new_zealand,china,3599.98,4,29,3.0370999999999997,1.3482,2,4,35,4.4074,1.8503,3,8,16,5,10,0,4.049382716049383,26.493827160493826,2.94108024691358,1.2836271604938272,2.6790123456790123,6.777777777777778,13.82716049382716,4.691358024691358,26.185185185185187,3.1050567901234567,1.3832617283950617,2.9135802469135803,5.679012345679013,11.580246913580247
game_992,philippines,pakistan,3600.01,2,24,2.7576,0.8093,1,0,22,2.4069,1.4153,0,3,6,8,16,1,3.728395061728395,25.62962962962963,2.602808641975309,1.1380753086419753,2.432098765432099,5.419753086419753,11.049382716049383,5.08641975308642,30.061728395061728,3.485141975308642,1.400283950617284,3.246913580246914,8.0,16.246913580246915
game_993,uk,singapore,3932.08,5,48,8.5078,2.0478,5,11,24,2.697,1.1539,6,5,10,14,28,0,4.851851851851852,27.45679012345679,3.306230864197531,1.424620987654321,2.950617283950617,4.987654320987654,10.160493827160494,4.851851851851852,27.962962962962962,3.1397987654320985,1.3039641975308645,3.074074074074074,7.08641975308642,14.469135802469136
game_994,france,guatemala,3600.0,2,28,2.6633,1.3327,2,5,21,2.1565,1.152,4,9,18,3,6,0,4.530864197530864,27.432098765432098,3.259124691358025,1.3274197530864198,2.950617283950617,5.395061728395062,10.962962962962964,4.246913580246914,29.0,3.1300185185185185,1.2616691358024692,2.802469135802469,6.716049382716049,13.654320987654321
game_995,vietnam,mexico,3919.98,4,30,2.971,1.2233,4,4,23,2.8999,1.0629,3,8,16,6,12,1,4.08641975308642,25.14814814814815,2.750708641975309,1.1976555555555557,2.7037037037037037,6.864197530864198,14.271604938271604,4.283950617283951,29.061728395061728,3.222933333333333,1.3476370370370372,2.876543209876543,7.283950617283951,14.679012345679013
game_996,kazakhstan,indonesia,3600.0,0,12,1.2391,0.882,0,7,31,3.3882000000000003,1.0425,5,6,12,3,6,0,3.7777777777777777,24.37037037037037,2.5748913580246913,1.1114876543209875,2.382716049382716,5.098765432098766,10.395061728395062,4.148148148148148,26.25925925925926,2.623607407407407,1.080941975308642,2.6666666666666665,5.074074074074074,10.358024691358025
game_997,canada,south_korea,3600.01,5,22,2.0455,0.907,3,9,34,3.6745,1.1285,5,9,18,6,12,0,4.271604938271605,26.987654320987655,2.951708641975309,1.2625111111111111,2.7037037037037037,5.8765432098765435,12.012345679012345,5.320987654320987,29.950617283950617,3.162749382716049,1.309164197530864,3.493827160493827,8.012345679012345,16.506172839506174
game_998,switzerland,uae,3600.0,2,35,3.2982,1.0344,4,1,21,2.2124,1.2672,2,8,16,8,16,1,3.7901234567901234,25.40740740740741,2.4937506172839505,1.0707679012345679,2.432098765432099,7.333333333333333,14.962962962962964,3.9012345679012346,23.82716049382716,2.5825061728395062,1.1054160493827159,2.4691358024691357,5.91358024691358,12.320987654320987
game_999,oman,thailand,3600.01,4,29,2.79,1.4155,2,6,24,3.4265000000000003,1.3925,3,9,18,7,14,0,4.481481481481482,26.506172839506174,2.9894703703703707,1.3005395061728398,2.950617283950617,9.197530864197532,18.901234567901234,5.481481481481482,28.666666666666668,3.596424691358025,1.5049271604938272,3.5925925925925926,7.012345679012346,14.333333333333334
